RK,TEAM,CONF,G,REC,ADJOE,ADJDE,BARTHAG,EFG%,EFGD%,TOR,TORD,ORB,DRB,FTR,FTRD,2P%,2P%D,3P%,3P%D,ADJ T.,WAB
1,"Houston
 1 seed, ✅",Amer,34,"31-3
17–1","118.4
11","89.9
4",".9596
1","52.7
65","42.5
3","15.3
26","22
22","37.1
4","27.4
128","28.5
272","35.8
286","53.2
62","43.1
4","34.5
149","27.8
2","63.3
343","8.4
5"
2,"Alabama
 1 seed, ✅",SEC,34,"29-5
16–2","117.0
15","89.4
3",".9565
2","52.7
65","41.5
1","19
241","16
303","33.8
27","27.6
139","36.7
50","32.8
223","54.6
28","41.2
1","33.8
180","28.1
3","72.7
4","10.5
1"
3,"UCLA
 2 seed, ✅",P12,34,"29-5
18–2","113.6
33","88.6
2",".9462
3","50.9
165","46.8
27","15.3
26","23.6
11","33.7
32","27.6
139","27.1
316","27.6
74","50.4
180","46.8
43","34.7
140","31.1
34","66.3
226","8.4
4"
4,"Tennessee
 4 seed, ✅",SEC,33,"23-10
11–7","112.4
48","88.2
1",".9417
4","50.3
195","42.4
2","18.1
166","22.2
21","36.8
5","26.9
107","30.9
199","34.9
267","51
142","44.6
9","32.9
227","26.2
1","65.6
275","3.1
25"
5,"Connecticut
 4 seed, ✅",BE,33,"25-8
13–7","119.8
6","94.1
20",".9412
5","53.5
42","45.5
11","18.9
235","19.4
99","39.2
1","26.2
77","31.4
179","38.7
321","53.4
54","45.8
25","35.7
88","30
15","67
189","5
14"
6,"Purdue
 1 seed, ✅",B10,34,"29-5
15–5","119.5
7","94.3
21",".9387
6","52.2
86","47.2
36","17
88","15.4
330","38.3
3","23.3
12","37.2
39","19.3
1","54.1
34","47.4
59","32.6
255","31.4
44","64.1
330","9.2
3"
7,"Gonzaga
 3 seed, ✅",WCC,32,"28-5
14–2","125.2
1","99.7
80",".9322
7","58.5
2","51.7
243","14.6
10","18.8
127","31.1
96","26
70","34.2
93","26.7
53","59
2","51.2
227","38.4
12","35
244","70
44","7.1
9"
8,"Texas
 2 seed, ✅",B12,34,"26-8
12–6","115.9
19","92.4
10",".9311
8","52.7
65","47.8
56","16.5
64","22.8
17","28.3
190","29.4
225","31.5
175","34.5
257","53.8
42","47.2
53","33.9
177","32.7
93","68.8
103","8
6"
9,"Saint Mary's
 5 seed, ✅",WCC,32,"26-7
14–2","113.2
37","90.6
5",".9281
9","52.5
72","46.7
26","16.4
60","19
121","33.1
45","21.8
2","31.2
186","30.3
155","51
142","45.6
20","36.7
45","32.8
98","62.1
356","3.9
21"
10,"Arizona
 2 seed, ✅",P12,34,"28-6
14–6","120.5
4","96.6
40",".9272
10","56.8
3","47.2
36","18.4
204","16.9
247","31.1
96","26.2
77","36.5
53","26
40","56.6
9","45.9
27","38.2
14","32.8
98","72.4
7","7.5
7"
11,"San Diego St.
 5 seed, ✅",MWC,32,"27-6
15–3","113.0
39","90.6
6",".9266
11","50.1
205","47.5
46","17.6
135","19.6
89","31.7
79","25.8
64","34.3
91","29.4
127","49.4
219","49.9
167","34.4
157","29.2
7","66.1
243","6.5
10"
12,"Kansas
 1 seed, ✅",B12,34,"27-7
13–5","113.8
32","92.4
11",".9161
12","52.4
75","47.1
34","17.5
122","20.2
68","28.4
187","28.3
174","29.8
230","31.2
181","52.9
68","47.2
53","34.4
157","31.2
35","69.1
88","10.5
2"
13,"Marquette
 2 seed, ✅",BE,34,"28-6
17–3","119.1
9","97.2
44",".9118
13","56
8","51.1
206","15.2
23","22.8
17","26.5
241","32.1
320","27.1
316","29
117","58.8
3","50
169","34.8
134","35.2
253","68.6
115","7.5
8"
14,"Baylor
 3 seed, ✅",B12,32,"22-10
11–7","123.1
2","100.8
99",".9089
14","53.1
52","51.4
226","18.1
166","19.9
76","34.7
18","31.1
300","37.2
39","31.4
185","50.8
156","53.3
314","37.2
30","32.2
76","67
188","5.7
11"
15,"Creighton
 6 seed, ✅",BE,33,"21-12
14–6","114.7
25","94.1
18",".9071
15","54.3
27","47.3
40","16.6
67","14.3
355","25.5
269","23.3
12","28.1
288","19.8
2","54.5
30","45.6
20","36
75","34.1
183","67.9
152","1.9
33"
16,"Texas A&M
 7 seed, ✅",SEC,34,"25-9
15–3","115.1
24","95.1
28",".8999
16","49
254","47.9
61","18.3
192","21.1
40","36.7
6","30.4
270","45.9
2","35.1
273","49
240","47.4
59","32.8
237","32.3
80","66.2
234","4.1
18"
17,"Memphis
 8 seed, ✅",Amer,34,"26-8
13–5","115.4
23","95.4
31",".8995
17","53.2
49","46.8
27","18.4
204","20.9
47","31
99","32.3
323","35.9
59","34.9
267","53.1
65","47.2
53","35.6
94","30.8
27","71.5
20","5.1
12"
18,"Arkansas
 8 seed, ✅",SEC,33,"20-13
8–10","112.4
49","93.3
13",".8947
18","52
92","46.5
23","18.3
192","20.4
64","30.5
112","28.2
168","38.8
27","38.9
326","53.8
42","46.9
47","31.7
303","30.6
25","69.6
57","0.9
45"
19,"West Virginia
 9 seed, ✅",B12,33,"19-14
7–11","117.4
13","97.6
50",".8935
19","51.7
110","50.7
185","18.5
211","20.9
47","33.7
32","29.3
223","39.7
19","38.5
317","51.3
126","50.5
190","34.8
134","34.1
183","68.7
110","1.8
34"
20,"Iowa St.
 6 seed, ✅",B12,32,"19-13
9–9","109.8
87","91.6
8",".8891
20","50.7
177","50.1
149","19.8
284","25.1
2","33.9
25","26.6
91","27.8
296","40
338","50.7
162","49.6
157","33.9
177","33.8
160","64.2
326","2.6
27"
21,"Duke
 5 seed, ✅",ACC,34,"26-8
14–6","112.8
41","94.3
22",".8869
21","51.1
153","46.3
21","18.2
180","16.6
272","36.2
8","25.9
66","30.8
204","24.1
15","51.4
119","46.7
41","33.6
191","30.4
20","65.3
286","4.3
17"
22,"Xavier
 3 seed, ✅",BE,34,"25-9
15–5","119.2
8","99.7
82",".8861
22","55.6
10","50.4
168","17.5
122","16.5
279","31.8
75","25.4
53","30.8
204","27.1
64","54
37","48.7
104","39.5
3","35.9
282","70.4
39","5.1
13"
23,"Auburn
 9 seed, ✅",SEC,32,"20-12
10–8","113.1
38","94.8
27",".8834
23","49.6
222","45.6
12","18.1
166","19.3
104","33.3
38","32
318","35.5
64","39.1
330","51
142","46.9
47","31.4
312","28.8
5","67.7
161","1.5
37"
24,"Kansas St.
 3 seed, ✅",B12,32,"23-9
11–7","111.6
58","93.7
15",".8814
24","51.5
123","47.5
46","20
298","20.7
54","31.1
96","29.2
220","37
44","36.7
298","51.8
99","48.8
107","34
174","30.1
16","70
45","4.7
15"
25,"Utah St.
 10 seed, ✅",MWC,33,"26-8
13–5","117.2
14","98.5
63",".8804
25","55.6
10","47.8
56","17.4
116","15.8
313","27.4
216","24.8
35","35.5
64","30.2
152","54.1
34","45.9
27","38.5
9","34.3
203","68.8
101","3.9
22"
,,,,,,,,,,,,,,,,,,,,,
26,"TCU
 6 seed, ✅",B12,33,"21-12
9–9","112.3
52","94.6
25",".8769
26","50.2
199","47.8
56","17.1
90","21.9
24","32.4
59","30.7
286","33.9
97","29.7
140","51.9
94","49.1
130","30.6
338","30.4
20","69.8
49","2.6
28"
27,"Kentucky
 6 seed, ✅",SEC,32,"21-11
12–6","116.8
17","99.3
75",".8664
27","51.2
144","48.8
92","17.3
103","16.8
256","38.7
2","25.5
57","32.5
134","29.9
146","50.4
180","48.3
87","35.4
104","33.1
114","66
254","1.9
32"
28,"Maryland
 8 seed, ✅",B10,33,"21-12
11–9","113.2
36","96.5
39",".8623
28","51.1
153","47.9
61","16.2
49","18.4
150","30.2
127","27.2
118","33.8
99","27.8
84","52
93","47.7
66","33
220","32.1
70","64.7
309","0.8
47"
29,"Michigan St.
 7 seed, ✅",B10,31,"19-12
11–8","113.0
40","96.5
38",".8599
29","51.6
118","48.1
71","16.4
60","14.7
346","27.4
216","25.2
46","25.8
334","28.6
107","47.7
279","48.6
99","39.5
3","31.5
48","64.9
304","2.4
29"
30,"Florida Atlantic
 9 seed, ✅",CUSA,32,"31-3
18–2","112.8
42","96.5
37",".8581
30","55
19","45.9
14","16.7
69","18.3
158","30.4
119","24.5
26","29.5
240","26.7
53","54.3
31","44.8
11","37.2
30","32
67","68.2
133","4.3
16"
31,"Boise St.
 10 seed, ✅",MWC,32,"24-9
13–5","110.3
76","94.4
23",".8575
31","51.9
101","47.3
40","16.7
69","17.7
193","26.4
246","23.8
16","30.7
210","27.4
69","50.7
162","47.8
71","36
75","31
31","66.5
220","2.9
26"
32,"Virginia
 4 seed, ✅",ACC,32,"25-7
15–5","110.6
70","94.7
26",".8566
32","51.3
135","48.3
78","13.7
5","19.7
81","25.5
269","25
38","34.5
84","26.1
42","50.4
180","46.5
35","35.3
105","34
174","61.4
360","4
20"
33,"Indiana
 4 seed, ✅",B10,33,"22-11
12–8","113.6
34","97.4
46",".8541
33","53.8
35","47.3
40","16.9
80","16.3
293","28
199","27.9
153","30.1
219","30.6
162","53.2
62","45.7
23","37
34","33.2
121","68.1
140","3.3
24"
34,Oklahoma St.,B12,33,"18-15
8–10","107.8
117","92.6
12",".8507
34","49.3
240","45.9
14","20.7
321","19.1
116","31.9
72","28.3
174","32.9
123","31.5
189","51
142","44.7
10","31.1
324","31.8
58","67.6
164","0.5
51"
35,"Northwestern
 7 seed, ✅",B10,32,"21-11
12–8","108.7
104","93.6
14",".8478
35","47.2
319","48.4
81","14.8
12","21.7
27","28.3
190","27.3
121","29.7
234","31.6
192","46.5
315","46.6
38","32.1
276","33.9
169","65
302","1.5
36"
36,Rutgers,B10,33,"19-14
10–10","104.9
161","90.7
7",".8423
36","47.6
302","45.9
14","17.2
98","21.7
27","32
69","27.6
139","28.5
272","28.2
98","47.6
283","46.1
30","31.8
299","30.5
22","66
252","-1.2
70"
37,"Miami FL
 5 seed, ✅",ACC,32,"25-7
15–5","118.4
12","102.7
136",".8364
37","55
19","51.3
220","16.4
60","18.1
170","32
69","29
210","30
223","24.1
15","54.9
21","51.8
256","36.8
41","33.6
145","68.8
108","3.4
23"
38,"Iowa
 8 seed, ✅",B10,32,"19-13
11–9","120.6
3","104.7
178",".8364
38","51.9
101","53.3
307","14.1
8","18.5
143","32.2
62","27.6
139","32.6
133","23.4
12","52.1
89","52.6
294","34.3
163","36.6
316","69.6
58","0.2
53"
39,Cincinnati,Amer,32,"21-12
11–7","112.4
47","97.8
54",".8325
39","51.7
110","47.7
53","15.1
18","17.1
236","30.2
127","27.5
137","25.8
334","29.3
122","50.7
162","47.8
71","35.5
99","31.5
48","68.5
120","-1.4
73"
40,North Carolina,ACC,33,"20-13
11–9","111.2
60","96.8
43",".8319
40","49.2
245","48.7
89","15.2
23","14.9
341","30.4
119","23.3
12","37
44","26.3
46","50.8
156","48.4
90","31.1
324","33
108","68.9
96","-0.8
64"
41,"USC
 10 seed, ✅",P12,32,"22-10
14–6","112.6
44","98.1
59",".8310
41","51.3
135","45.2
9","18.1
166","18.1
170","29
162","33
339","33.8
99","29.8
141","51.1
136","42.4
2","34.5
149","33.4
135","68.2
138","2
30"
42,"Penn St.
 10 seed, ✅",B10,35,"22-13
10–10","116.9
16","101.9
118",".8295
42","55.5
13","49.2
107","13.7
5","13.1
362","18.8
361","25.1
41","21.4
361","25.9
38","53.5
51","48.8
107","38.5
9","33.3
132","64.6
312","1.3
39"
43,Oregon,P12,33,"19-14
12–8","114.4
27","99.8
84",".8276
43","51.1
153","48.4
81","18.2
180","16.5
279","32.8
51","25.9
66","31.2
186","24.7
21","53.3
60","46
29","31.9
289","35
244","66.1
241","-0.3
58"
44,Liberty,ASun,31,"26-8
15–3","111.7
56","97.6
49",".8261
44","55.8
9","49.5
120","16
42","19.4
99","25.8
261","20.1
1","25.8
334","27.8
84","56.7
8","47.6
65","36.5
50","35.1
252","64.2
325","-1.8
77"
45,"Illinois
 9 seed, ✅",B10,32,"20-12
11–9","110.1
81","96.2
36",".8243
45","51.6
118","46.9
29","18.2
180","18.6
135","32.3
60","26.8
103","33.8
99","29.6
135","55.3
17","45.3
16","30.9
330","33.6
145","69.7
55","0.6
49"
46,"Drake
 12 seed, ✅",MVC,33,"27-7
15–5","110.7
68","96.8
42",".8242
46","53.1
52","47.3
40","15.5
29","17.7
193","24.3
309","22.4
3","28.8
267","26.7
53","51.9
94","47.5
63","36.7
45","31.2
35","66.4
222","-0.2
56"
47,Michigan,B10,32,"17-15
11–9","112.0
53","98.0
58",".8228
47","51.2
144","47.8
56","14.8
12","14.8
344","25.4
273","26.1
72","30.8
204","26.2
43","50.8
156","47.8
71","34.6
146","31.9
62","67.6
165","-2
80"
48,North Texas,CUSA,31,"26-7
16–4","108.9
97","95.5
32",".8188
48","51.1
153","45.3
10","19.9
290","20.2
68","33.8
27","27.5
137","32.2
146","41.2
343","49.3
223","45.1
14","35.7
88","30.6
25","58.5
363","0.8
46"
49,"North Carolina St.
 11 seed, ✅",ACC,33,"23-10
12–8","114.1
28","100.1
85",".8187
49","51.8
106","49.8
134","13.6
4","19.1
116","30.7
108","26.6
91","25.3
340","34
250","51.5
112","50.6
196","34.9
128","32.2
76","69.4
71","0.9
44"
50,Oklahoma,B12,32,"15-17
5–13","110.1
79","96.6
41",".8176
50","52.4
75","48
68","20
298","15.5
326","23.7
320","27.2
118","30.1
219","30.1
150","52.2
84","48.5
94","35.1
111","31.2
35","65.1
293","-1.2
71"
,,,,,,,,,,,,,,,,,,,,,
51,Washington St.,P12,33,"17-16
11–9","111.6
59","97.9
55",".8171
51","50.4
192","49.6
126","18.5
211","16.5
279","31.8
75","25.9
66","28.2
282","28.5
103","46.6
311","50.4
184","36.9
36","31.9
62","64.2
324","-2.9
94"
52,Ohio St.,B10,35,"16-19
5–15","115.5
22","101.4
108",".8164
52","52
92","48.9
96","16.1
48","15.9
306","31.5
88","28.6
186","26.6
325","28.1
94","50.6
167","49.3
144","36.8
41","32.1
70","66.1
244","-3.1
98"
53,Texas Tech,B12,32,"16-16
5–13","111.2
61","98.0
57",".8108
53","52.3
83","48.9
96","19.9
290","19.9
76","32.1
67","30.1
255","34.8
76","28.4
101","52.6
75","49.1
130","34.5
149","32.4
85","67.4
171","-2.1
82"
54,New Mexico,MWC,32,"22-11
8–10","116.0
18","102.2
122",".8103
54","53
55","50.4
168","15.7
34","17.6
205","28.3
190","27.3
121","39.5
21","29
117","52.7
71","50.8
205","35.9
82","33.2
121","71.6
19","-0.2
57"
55,UAB,CUSA,33,"25-9
14–6","112.3
51","99.0
72",".8089
55","50.8
172","47.9
61","17.4
116","19.5
95","35.7
11","28.8
198","36.6
51","30.7
167","49
240","47
50","36.5
50","32.9
102","70.9
28","-0.9
66"
56,"Missouri
 7 seed, ✅",SEC,33,"24-9
11–7","118.5
10","104.6
174",".8071
56","55.1
16","52.3
274","16
42","24.3
5","26.8
234","37.3
362","29.5
240","35.2
275","55.9
13","51.7
247","36.1
70","35.4
264","69.3
75","4
19"
57,Clemson,ACC,33,"23-10
14–6","110.9
65","98.0
56",".8061
57","54.4
25","47.4
44","16.3
54","16.6
272","23.5
321","24.5
26","30.7
210","30.8
169","53.6
49","45.8
25","36.9
36","33.2
121","68.1
146","-0.5
60"
58,"Mississippi St.
 11 seed, ✅",SEC,33,"21-12
8–10","104.1
177","92.1
9",".8046
58","46.9
326","46.2
19","19.3
257","22
22","35.2
14","29
210","34.6
81","27.6
74","50.5
171","46.2
32","26.6
363","30.8
27","63.8
335","0.8
48"
59,"Providence
 11 seed, ✅",BE,32,"21-11
13–7","115.7
20","102.3
123",".8045
59","51.5
123","50
146","16.9
80","16.9
247","35.2
14","26.7
96","36.8
48","25.5
31","50.9
150","49.6
157","35.1
111","33.9
169","67
187","0.9
43"
60,"Nevada
 11 seed, ✅",MWC,31,"22-10
12–6","110.2
77","97.6
48",".8031
60","50.5
184","49
100","15.2
23","18.7
128","22.9
331","25.1
41","39.5
21","31.4
185","50.3
187","49.3
144","33.8
180","32.5
86","66
248","1.4
38"
61,"VCU
 12 seed, ✅",A10,34,"27-7
15–3","106.2
141","94.0
17",".8018
61","52.2
86","47
31","19.5
264","24.1
6","29
162","29.8
241","41.8
9","30.5
160","52.3
83","46.2
32","34.7
140","32.3
80","68.1
145","1.1
41"
62,Seton Hall,BE,31,"17-15
10–10","105.9
148","94.1
19",".7959
62","49.4
234","47.6
49","20.4
314","21.3
36","30.8
105","30.3
264","40.5
16","31
175","49.2
228","48.2
84","33.2
215","31
31","66.6
212","-2.3
85"
63,UCF,Amer,32,"18-14
8–10","109.6
92","97.6
47",".7916
63","50.6
181","48.2
73","19.4
262","21.6
29","33.9
25","31
294","29.7
234","33.4
236","48.1
265","49
121","35.9
82","31.3
41","64.4
321","-3.4
104"
64,Colorado,P12,33,"17-16
8–12","105.9
151","94.4
24",".7885
64","49
254","47.7
53","19.2
251","19.6
89","31.3
91","25.3
49","30.3
218","32.2
215","49.6
211","47.7
66","31.9
289","31.8
58","69.3
79","-3.3
102"
65,Villanova,BE,33,"17-16
10–10","112.7
43","100.5
94",".7879
65","52
92","50.8
193","15.6
31","17.2
231","22.6
337","25.3
49","30.7
210","27.5
72","52.9
68","51
214","34
174","33.7
153","63.6
338","-2.4
86"
66,"Dayton
 vs. 61 VCU (lost)",A10,34,"22-12
12–6","110.4
73","98.5
66",".7871
66","53
55","45
7","18.8
230","16.1
299","30.7
108","27
111","35.5
64","23.9
14","54.3
31","45.7
23","33.8
180","29.3
9","62.6
352","-4.1
112"
67,Utah,P12,32,"17-15
10–10","107.3
125","95.7
34",".7870
67","48.9
262","45
7","18
160","15.2
335","31.3
91","27.4
128","29.2
252","24.4
18","48.4
255","44.9
12","33.3
206","30.2
18","66.2
235","-3.3
100"
68,Sam Houston St.,WAC,28,"25-7
14–4","105.2
158","94.0
16",".7855
68","51
161","48.4
81","20
298","23.2
13","31
99","25.1
41","33.5
109","39
328","47.1
299","46.9
47","38.5
9","33.4
135","64.5
319","0.4
52"
69,"Arizona St.
 11 seed, ✅",P12,34,"22-12
11–9","106.5
135","95.2
29",".7845
69","47.5
307","46.4
22","16.9
80","20.6
57","29.6
150","31.8
314","30.8
204","33.4
236","47.9
271","43.8
6","31.4
312","33.6
145","68.4
131","1.3
40"
70,"Oral Roberts
 12 seed, ✅",Sum,30,"30-4
18–0","113.5
35","101.6
112",".7832
70","56.1
7","48.5
84","13.2
1","17.6
205","24.5
300","27.4
128","24.6
344","22
6","56.6
9","46.6
38","37
34","34.2
195","70.5
36","2
31"
71,"Iona
 13 seed, ✅",MAAC,34,"27-7
17–3","110.0
82","98.5
65",".7810
71","51.8
106","45.9
14","15.3
26","20.9
47","32
69","30.5
273","29
261","31.2
181","50.8
156","47
50","36
75","29.2
7","68.8
109","-1.5
74"
72,"College of Charleston
 12 seed, ✅",CAA,33,"31-3
16–2","110.3
75","98.8
68",".7801
72","51.5
123","47.9
61","16.7
69","19.3
104","35.1
17","25.5
57","32.7
132","24.7
21","52.9
68","49.1
130","33.3
206","30.3
19","71.2
23","1.8
35"
73,Utah Valley,WAC,30,"25-8
15–3","106.4
137","95.7
33",".7711
73","51.6
118","44.1
4","19.5
264","16.8
256","29
162","29.4
225","36.8
48","29.8
141","52.6
75","42.5
3","33
220","31.6
54","69.8
50","-0
55"
74,Florida,SEC,32,"16-16
9–9","106.7
132","96.1
35",".7683
74","49.8
215","45.9
14","15.7
34","17.6
205","23.5
321","30.5
273","35.1
69","29.8
141","50.9
150","45.4
17","31.9
289","31.4
44","69.5
67","-2.7
91"
75,Wisconsin,B10,31,"17-14
9–11","105.6
155","95.2
30",".7674
75","48.5
279","50.3
162","13.5
3","18.6
135","22.4
340","25.4
53","24.1
350","28
90","45.8
330","51.3
232","35
122","32.3
80","62.9
350","-0.6
63"
,,,,,,,,,,,,,,,,,,,,,
76,BYU,WCC,32,"19-15
7–9","108.8
101","98.1
60",".7672
76","51.5
123","49.5
120","20.2
306","18.5
143","31.8
75","24.1
20","32.5
134","37.8
311","53.1
65","48.8
107","32.7
247","33.7
153","69.7
56","-4.1
114"
77,Santa Clara,WCC,31,"23-9
11–5","111.2
62","100.2
88",".7665
77","52.5
72","50.8
193","17.1
90","16.5
279","30.2
127","24.5
26","30.9
199","25.8
35","50.5
171","48.6
99","37.4
24","36.2
290","70
43","0.6
50"
78,Vanderbilt,SEC,34,"20-14
11–7","115.7
21","104.4
170",".7654
78","50.1
205","49.2
107","16
42","15
339","31
99","31.7
311","32.3
143","31.7
198","49.2
228","50.4
184","34.2
167","31.4
44","66.6
218","0.1
54"
79,"Kent St.
 13 seed, ✅",MAC,32,"28-6
15–3","107.8
115","97.3
45",".7648
79","51.3
135","47.2
36","16.3
54","22.6
20","30.9
102","30.2
260","32
163","38.8
324","52.2
84","47.8
71","33.2
215","30.9
29","68.1
143","1.1
42"
80,Stanford,P12,33,"14-19
7–13","114.6
26","103.8
162",".7577
80","52.4
75","51.5
233","18.9
235","18.3
158","31.2
95","26.4
82","29.4
244","28.6
107","51.1
136","50.4
184","36.3
63","35.4
264","65.8
265","-6.2
146"
81,Virginia Tech,ACC,33,"19-14
8–12","113.8
31","103.3
149",".7536
81","54.2
28","50.6
179","14.8
12","16.3
293","26.1
252","27.4
128","26.4
327","24.9
25","54.1
34","50.4
184","36.2
65","34.1
183","66.6
213","-3.4
103"
82,"Yale
 (A) 110 Princeton (lost)",Ivy,27,"21-8
10–4","108.8
99","98.9
69",".7507
82","53.3
46","46.9
29","16.5
64","18.3
158","28
199","23.1
11","31.1
192","33.3
233","53.1
65","45.5
19","35.8
84","32.7
93","66
255","-2.1
81"
83,Hofstra,CAA,32,"24-9
16–2","109.3
94","99.7
81",".7416
83","55.2
15","46.2
19","15.7
34","18.5
143","23
329","31.3
303","21.4
361","25.2
27","55.2
18","46.1
30","36.8
41","30.9
29","67.4
174","-2.3
84"
84,Wichita St.,Amer,32,"17-15
9–9","108.7
102","99.2
73",".7413
84","50.7
177","47.5
46","18.2
180","16.9
247","29.1
161","28.2
168","30.8
204","25.9
38","53.3
60","45.4
17","30.9
330","33.6
145","66.1
242","-5.1
122"
85,"Pittsburgh
 11 seed, ✅",ACC,33,"22-11
14–6","113.9
29","104.0
163",".7409
85","53.2
49","49.2
107","16.4
60","16.7
262","30.4
119","28.2
168","32.4
139","30.6
162","52.7
71","48.6
99","36
75","33.4
135","67.3
175","-0.5
62"
86,Bradley,MVC,33,"25-9
16–4","106.9
130","97.6
51",".7407
86","52.9
60","46.6
24","17.9
152","19.4
99","29.2
159","24
18","27
318","31.6
192","52.7
71","45.6
20","35.5
99","32.2
76","65.2
290","-0.9
65"
87,Toledo,MAC,33,"27-7
16–2","120.0
5","109.6
285",".7386
87","56.6
4","52.4
276","13.8
7","18.3
158","29.9
137","31
294","35.1
69","27.5
72","54.8
22","51.9
262","39.9
2","35.5
269","69.6
65","-0.9
67"
88,"Louisiana Lafayette
 13 seed, ✅",SB,30,"26-7
13–5","112.5
46","102.9
141",".7360
88","53
55","50.6
179","17.5
122","18.1
170","33.8
27","26.4
82","37.7
36","33.8
245","52.2
84","49.2
139","36.6
48","35.9
282","68.5
122","-0.3
59"
89,Wake Forest,ACC,33,"19-14
10–10","112.0
54","102.5
132",".7344
89","54.2
28","51.6
236","17.1
90","17.3
224","24.8
295","26.6
91","32.1
156","26.7
53","54
37","51
214","36.4
57","35
244","69.6
62","-3.3
101"
90,St. John's,BE,33,"18-15
7–13","107.7
121","98.6
67",".7335
90","49.4
234","50.2
154","18.7
223","19.7
81","34
24","27.6
139","27.7
298","29.6
135","49.3
223","49.2
139","33.1
219","34.5
215","73.5
1","-2.9
93"
91,Marshall,SB,31,"24-8
13–5","110.1
80","101.1
103",".7276
91","52.6
70","47.7
53","15.5
29","20.1
72","31.7
79","32.6
328","26.2
328","28
90","53.9
39","47.7
66","33.6
191","31.9
62","72.1
14","-2.5
88"
92,South Alabama,SB,33,"19-16
9–9","108.5
105","99.7
83",".7254
92","52.8
64","46.6
24","14.6
10","16.1
299","20.9
349","28.4
180","22.3
360","28.3
99","53.4
54","47.9
75","34.5
149","29
6","65.6
274","-7.7
168"
93,Indiana St.,MVC,33,"22-12
13–7","110.4
71","101.5
111",".7247
93","56.4
6","48.2
73","16.7
69","17.5
215","21.7
343","22.7
8","31.9
165","31.4
185","58.8
3","48.5
94","35.7
88","31.8
58","70.8
30","-6.4
148"
94,UNLV,MWC,31,"19-13
7–11","107.7
119","99.2
74",".7192
94","49.2
245","52.4
276","17.5
122","24.7
4","27.9
203","31
294","35.5
64","31
175","47.9
271","50.9
210","34.1
171","36.1
288","69.6
66","-2.6
90"
95,"Furman
 13 seed, ✅",SC,31,"27-7
15–3","113.8
30","105.0
181",".7174
95","55.6
10","50.6
179","15.8
39","18.4
150","29.6
150","27.1
115","34.7
79","31.8
204","59.1
1","51.2
227","34.4
157","33.1
114","68.5
126","-1.9
79"
96,UC Irvine,BW,32,"23-11
15–5","107.2
126","99.3
76",".7079
96","52.3
83","45.7
13","17.6
135","17.5
215","26.9
229","26.2
77","30.1
219","36.6
296","50
194","44.4
7","38
15","32.1
70","69.4
70","-4.1
113"
97,San Jose St.,MWC,32,"20-13
10–8","109.8
86","102.1
121",".6963
97","50.4
192","48.7
89","18.8
230","13.2
361","34.4
21","24.3
24","27.4
307","28.9
112","51.2
132","46.8
43","32.8
237","34.7
226","62.6
351","-1.3
72"
98,San Francisco,WCC,33,"20-14
7–9","109.9
84","102.3
124",".6945
98","53.6
40","49.9
142","19.6
275","17.6
205","28.5
183","26.5
84","32.2
146","38.1
315","52.6
75","49.4
149","36.4
57","33.8
160","68.8
107","-3.2
99"
99,"Vermont
 15 seed, ✅",AE,32,"23-10
14–2","110.4
72","102.8
139",".6940
99","54.9
21","50.7
185","14.2
9","16.8
256","19.3
358","22.5
6","28.4
275","26.9
59","55.5
16","50
169","36.2
65","34.6
220","64.7
310","-3.7
108"
100,"Montana St.
 14 seed, ✅",BSky,32,"25-9
15–3","105.6
156","98.4
62",".6923
100","50.9
165","49.4
117","17.6
135","20.1
72","25.7
266","25.5
57","44.4
5","35.5
282","52.4
79","48
77","32
284","34.8
230","66.4
223","-2.6
89"
,,,,,,,,,,,,,,,,,,,,,
101,Saint Louis,A10,32,"21-12
12–6","111.0
63","103.5
153",".6914
101","52.1
90","48.3
78","17.3
103","15.3
333","29.7
147","26.5
84","29.1
257","32.7
221","51.8
99","46.6
38","35.2
108","34
174","69.2
84","-3
96"
102,Tulane,Amer,31,"20-11
12–6","109.6
91","102.5
131",".6837
102","52.4
75","50.4
168","15.1
18","19.3
104","19.3
358","30.5
273","35.4
68","29.6
135","53.4
54","48.2
84","33.8
180","35.7
275","73
3","-1.7
75"
103,Nebraska,B10,32,"16-16
9–11","106.0
145","99.3
77",".6794
103","51.7
110","49.9
142","18.6
218","17.7
193","24.7
296","28.3
174","28.2
282","21.9
5","53.4
54","49
121","32.6
255","34.1
183","66.9
199","-2.2
83"
104,Temple,Amer,32,"16-16
10–8","107.8
114","101.0
102",".6788
104","49.7
219","48.7
89","19.8
284","16.5
279","28.7
175","29
210","34.6
81","31.5
189","49.9
201","47.9
75","33
220","33.6
145","66.1
245","-5.3
124"
105,Southern Miss,SB,29,"25-7
14–4","107.2
127","100.4
93",".6788
105","51.2
144","47.6
49","17.5
122","19.7
81","30.9
102","28.7
193","32.8
127","30.4
158","52.4
79","47.2
53","32.7
247","32.2
76","68.5
125","-0.5
61"
106,Colorado St.,MWC,32,"15-18
6–12","111.7
57","104.8
179",".6752
106","54.8
22","52.2
271","16.7
69","17.9
181","19.6
355","27.1
115","29.8
230","29.6
135","55.8
14","51
214","35.5
99","35.8
278","66.3
227","-6
141"
107,UNC Greensboro,SC,30,"20-12
14–4","103.6
193","97.7
53",".6629
107","50.6
181","47.8
56","17.8
145","19.3
104","29.2
159","26.5
84","32.4
139","31.4
185","49.3
223","46.8
43","35.1
111","32.8
98","65.9
261","-6
140"
108,Akron,MAC,31,"22-11
13–5","109.3
95","103.1
144",".6620
108","51.9
101","49.7
132","16.6
67","17.8
187","29.8
143","26.5
84","33.7
104","28
90","51.5
112","48.1
82","35
122","35
244","65.3
283","-4.5
118"
109,"Colgate
 15 seed, ✅",Pat,33,"26-8
17–1","112.6
45","106.2
205",".6609
109","58.6
1","51.9
257","14.9
16","17.6
205","24.9
289","24.1
20","27.6
300","20.3
3","57.1
7","51.5
239","40.9
1","34.9
234","67.8
157","-3.5
106"
110,"Princeton
 15 seed, ✅",Ivy,27,"21-8
10–4","108.8
98","103.0
143",".6529
110","52.5
72","48
68","16.9
80","14.5
349","28.4
187","22.8
9","32.2
146","29.3
122","53.5
51","47.2
53","34
174","33.1
114","67.5
168","-3.1
97"
111,Washington,P12,32,"16-16
8–12","104.5
169","99.0
70",".6512
111","48.8
265","47.1
34","19.9
290","18.4
150","26.4
246","34.6
356","31.7
170","25.4
28","50
194","48.6
99","31.3
318","29.7
13","69.2
83","-3.7
109"
112,Duquesne,A10,32,"20-12
10–8","108.1
111","102.5
128",".6485
112","51
161","50.2
154","17.2
98","20.9
47","33.4
36","33.2
341","26.6
325","35.1
273","48.6
248","48.8
107","36.5
50","35.3
258","68.1
141","-5.8
132"
113,Cal St. Fullerton,BW,31,"20-13
12–6","104.4
172","99.0
71",".6481
113","49.4
234","48.6
85","17.4
116","20.5
58","25.9
255","29.4
225","38.7
29","33.4
236","46.5
315","49.2
139","36.2
65","31.7
56","64.8
307","-5.7
130"
114,Mississippi,SEC,33,"12-21
3–15","106.6
133","101.2
106",".6452
114","47.5
307","49.5
120","18.3
192","18
173","33.3
38","29.9
243","29.2
252","30.3
155","48.6
248","48.9
114","30.3
344","33.8
160","66.1
246","-8.1
176"
115,James Madison,SB,30,"22-11
12–6","105.6
154","100.4
92",".6419
115","51.5
123","49.4
117","18.6
218","21.4
32","31.3
91","27.6
139","38.9
25","31.8
204","51.4
119","50.7
203","34.5
149","31.5
48","70.5
35","-4.4
116"
116,"Kennesaw St.
 14 seed, ✅",ASun,31,"26-8
15–3","106.4
136","101.4
109",".6344
116","52.9
60","51.2
212","17.9
152","19.6
89","27.5
213","25.8
64","36.5
53","36.2
291","51.3
126","50.5
190","37.1
33","34.8
230","68.6
118","-1.2
69"
117,Southern Utah,WAC,30,"22-12
12–6","109.7
88","104.7
176",".6324
117","51.7
110","52.5
283","18.6
218","18
173","28
199","25.4
53","41.3
12","32.9
226","51.5
112","51.2
227","34.7
140","36.6
316","71.7
18","-3.6
107"
118,"Grand Canyon
 14 seed, ✅",WAC,32,"24-11
10–7","112.0
55","106.9
224",".6306
118","52.9
60","47.2
36","18.4
204","15
339","30.5
112","30.3
264","37.8
35","33.2
232","50.5
171","46.8
43","37.6
21","32
67","65
299","-3.5
105"
119,"UC Santa Barbara
 14 seed, ✅",BW,32,"27-7
15–5","111.0
64","106.1
204",".6261
119","54.2
28","49.8
134","16.8
76","18.7
128","26.6
235","26.1
72","34.9
74","29.2
120","54.8
22","48.9
114","35.1
111","34.5
215","64.7
311","-1.1
68"
120,Penn,Ivy,29,"17-13
9–5","109.9
85","105.3
192",".6192
120","53.3
46","49.3
112","18.9
235","14.9
341","30.1
132","27.9
153","29.5
240","31.2
181","52.7
71","49.1
130","36.2
65","33
108","66.9
195","-6.1
142"
121,Charlotte,CUSA,32,"18-14
9–11","107.1
128","102.8
138",".6167
121","54.8
22","50.2
154","17.3
103","17.6
205","22.9
331","23.8
16","24.3
346","25.4
28","53.6
49","49
121","37.6
21","34.7
226","60.5
362","-6.8
151"
122,UMass Lowell,AE,32,"26-8
11–5","108.0
112","103.6
157",".6157
122","53.5
42","47
31","20
298","19.7
81","35.7
11","27
111","33.8
99","33.9
246","52.2
84","44.9
12","37.7
20","34.2
195","68.7
114","-4.1
111"
123,Loyola Marymount,WCC,30,"19-12
9–7","108.5
106","104.1
165",".6150
123","53.1
52","51.8
248","18.3
192","16.2
297","30.2
127","24.6
31","31.6
172","34.9
267","51.9
94","52
267","36.5
50","34.3
203","67.3
178","-2.4
87"
124,Belmont,MVC,31,"21-11
14–6","110.8
66","106.4
215",".6147
124","55.3
14","51.1
206","16.8
76","17.7
193","25.4
273","30
251","24.3
346","29.3
122","53.2
62","49.8
165","38.9
5","35.6
272","68.5
126","-4.6
119"
125,Towson,CAA,33,"21-12
12–6","108.2
109","104.4
171",".6013
125","51.1
153","48.6
85","18.4
204","17.7
193","35.7
11","26.7
96","29.8
230","29.5
132","49
240","47.7
66","36.7
45","33.2
121","64.7
308","-5.8
135"
,,,,,,,,,,,,,,,,,,,,,
126,Fresno St.,MWC,30,"11-20
6–12","103.9
185","100.4
90",".5980
126","49.3
240","51.2
212","18.1
166","19.7
81","24.9
289","28.2
168","24.3
346","32.1
211","51.1
136","48.3
87","31.1
324","37.3
338","64.1
329","-9.5
202"
127,Tarleton St.,WAC,29,"17-16
8–9","104.1
178","100.6
96",".5971
127","47.5
307","53.1
301","18.2
180","24
7","25.7
266","30
251","48
1","47.1
361","46.6
311","52
267","33.5
198","36.3
301","66.6
211","-7.5
164"
128,Middle Tennessee,CUSA,31,"19-14
11–9","105.8
152","102.4
127",".5919
128","51.2
144","51.6
236","19.3
257","21.8
26","31.9
72","29.2
220","29.4
244","34.6
258","51
142","50.2
178","34.3
163","36.2
290","66.9
197","-5.6
129"
129,Davidson,A10,31,"16-16
8–10","107.4
124","104.1
166",".5879
129","50.1
205","50.8
193","16.2
49","17.3
224","24.9
289","27.8
149","32.8
127","26.7
53","51.3
126","51.5
239","31.9
289","33
108","65.3
284","-8.2
178"
130,Eastern Washington,BSky,31,"22-10
16–2","110.7
67","107.5
242",".5846
130","56.5
5","49.9
142","19.9
290","15.9
306","28.1
197","25.9
66","32.1
156","29.6
135","58.8
3","50.7
203","35.7
88","32.5
86","68.5
119","-3.9
110"
131,Air Force,MWC,32,"14-18
5–13","106.2
140","103.2
147",".5813
131","54.2
28","49.3
112","19
241","17.1
236","22.3
341","28.6
186","31.2
186","35.2
275","54.8
22","51.9
262","35.6
94","29.3
9","63.1
345","-8.6
187"
132,Butler,BE,32,"14-18
6–14","100.4
266","97.7
52",".5788
132","49.5
227","50.1
149","17.6
135","18.6
135","20
354","30.3
264","25.9
333","22.6
8","49.7
208","51
214","32.7
247","32.1
70","65.7
267","-4.7
120"
133,Hawaii,BW,32,"22-11
13–7","101.2
244","98.5
64",".5778
133","48.6
273","44.5
5","18.6
218","16.4
289","29.6
150","26.5
84","33.6
107","27.2
67","48.2
263","44.5
8","32.8
237","29.5
12","64.6
313","-5.4
126"
134,Syracuse,ACC,32,"17-15
10–10","109.1
96","106.2
205",".5769
134","51.6
118","51.2
212","17
88","18.7
128","30
136","33.6
346","30.7
210","21.7
4","50.5
171","50.9
210","36.1
70","34.4
211","67.3
176","-5.9
136"
135,South Florida,Amer,32,"14-18
7–11","106.0
144","103.4
151",".5720
135","50.8
172","49.8
134","19.6
275","18.7
128","33
46","27.8
149","30.7
210","37.1
304","51
142","48.2
84","33.6
191","34.9
234","68.3
132","-9
191"
136,Stephen F. Austin,WAC,29,"19-13
11–7","104.4
171","101.8
116",".5718
136","51.5
123","51.4
226","21.3
337","23.8
8","31.6
85","32.2
321","38.9
25","41.8
345","49.2
228","51.7
247","38
15","34
174","69.2
81","-6.8
152"
137,Ohio,MAC,32,"19-14
10–8","109.9
83","107.4
238",".5652
137","52.4
75","51.6
236","16.2
49","17.6
205","32.8
51","28.9
203","27.5
304","33.9
246","50.1
190","51.9
262","37.3
26","34.1
183","68.2
134","-7.4
163"
138,Utah Tech,WAC,30,"14-19
5–13","107.8
113","105.4
197",".5648
138","53.2
49","53.8
319","21.4
340","20
75","28.7
175","26.8
103","44.8
4","35
271","50.9
150","53.3
314","37.6
21","36.5
311","68.7
111","-10.8
234"
139,Samford,SC,28,"21-11
15–3","108.3
107","106.0
202",".5616
139","53.6
40","51.9
257","17.9
152","19.8
78","28.2
194","27
111","41
14","37.6
309","52.6
75","49
121","36.5
50","37
330","68
148","-5.9
139"
140,Wyoming,MWC,30,"9-22
4–14","107.6
122","105.3
194",".5615
140","51.6
118","53.4
311","18.2
180","16.4
289","24.2
311","25.3
49","33.4
111","28.9
112","51.3
126","52.6
294","34.7
140","36.4
304","65.7
270","-10.9
236"
141,Southern Illinois,MVC,32,"23-10
14–6","100.5
259","98.4
61",".5613
141","51.7
110","47.6
49","19.3
257","19.6
89","22.8
335","27.3
121","30.6
216","29.8
141","54.6
28","46.7
41","32.2
273","33
108","63.8
334","-3
95"
142,Missouri St.,MVC,31,"17-15
12–8","104.4
174","102.5
130",".5525
142","50.1
205","49.3
112","19.1
244","18.6
135","33.2
44","26.9
107","27.2
313","30.4
158","50.9
150","49.5
155","32.8
237","32.6
91","62.1
357","-7.6
167"
143,Notre Dame,ACC,32,"11-21
3–17","108.7
103","106.8
223",".5510
143","52
92","52.1
268","13.4
2","13.6
360","19.6
355","26.5
84","23.3
356","26.5
49","50.6
167","52.4
286","35.8
84","34.3
203","64.8
306","-11.8
253"
144,Eastern Kentucky,ASun,30,"20-13
12–6","103.5
199","101.7
114",".5497
144","47.6
302","49.5
120","17.2
98","18.4
150","33.3
38","30.1
255","24.8
343","25.7
34","47.8
275","48.5
94","31.5
307","34.1
183","70.2
40","-6.2
145"
145,DePaul,BE,33,"10-23
3–17","106.7
131","105.0
183",".5469
145","49.7
219","51.6
236","18.2
180","17.7
193","25.8
261","34.1
351","27.6
300","35.7
285","46.3
321","51.1
221","36.8
41","35
244","68.8
106","-9
190"
146,Long Beach St.,BW,31,"17-16
11–9","105.4
157","103.8
161",".5445
146","48.4
287","49.8
134","18.7
223","18.2
166","34.6
19","28
160","34.4
89","30
148","49.4
219","48.8
107","30.2
345","34.2
195","73.1
2","-8.5
184"
147,Portland,WCC,31,"14-19
5–11","110.2
78","108.5
265",".5426
147","53.8
35","54.5
336","18
160","16.9
247","24.1
314","30.2
260","43.3
6","27.7
78","51.8
99","53.2
309","37.4
24","37.4
339","69.3
76","-8.9
189"
148,LSU,SEC,33,"14-19
2–16","106.0
143","104.5
172",".5415
148","47.3
316","51.8
248","18.4
204","17.5
215","31.7
79","28.8
198","33.7
104","30.3
155","46.2
323","52.1
275","32.7
247","34.3
203","65.9
260","-6.8
154"
149,Fordham,A10,33,"25-8
12–6","102.0
227","100.6
97",".5397
149","48.6
273","47
31","19.1
244","19.3
104","29.9
137","25.2
46","37.6
37","37.4
307","49.1
236","46.5
35","31.8
299","32
67","69.6
63","-1.8
78"
150,Troy,SB,30,"20-13
11–7","102.8
211","101.4
109",".5386
150","49.4
234","48.6
85","18.7
223","21.1
40","30.3
123","30.1
255","32.5
134","34.6
258","51.2
132","48.4
90","31.2
320","32.7
93","67.8
154","-5.9
137"
,,,,,,,,,,,,,,,,,,,,,
151,Appalachian St.,SB,29,"16-16
9–9","101.7
235","100.4
89",".5375
151","48.7
269","47.9
61","16.3
54","17.1
236","24.5
300","28.8
198","29.3
249","24.8
23","48.3
261","46.5
35","32.9
227","33.4
135","65.1
291","-9.9
214"
152,Georgia Tech,ACC,31,"15-18
6–14","104.0
179","102.8
140",".5328
152","48.5
279","50.1
149","15.6
31","15.9
306","27.5
213","29.9
243","23.5
355","30.8
169","47.4
288","52
267","33.4
203","31
31","66.6
216","-8.3
180"
153,Cal Baptist,WAC,31,"17-16
7–10","103.2
206","102.1
120",".5309
153","49
254","47.6
49","18.1
166","16
303","28.9
168","26.1
72","31.6
172","29.3
122","49.2
228","49
121","32.5
262","29.7
13","64.1
328","-9.6
203"
154,Georgia,SEC,32,"16-16
6–12","104.0
182","103.0
142",".5278
154","47.1
320","49.8
134","19.3
257","16.8
256","30.5
112","30.5
273","40.5
16","28.9
112","46.8
306","51
214","31.7
303","31.9
62","67.7
160","-5.3
125"
155,UC Riverside,BW,33,"22-12
14–6","106.3
138","105.4
198",".5234
155","50.5
184","51.3
220","18
160","17.2
231","31.8
75","22.9
10","26.2
328","38
314","48.8
244","51.5
239","35.6
94","34
174","66.9
196","-4.3
115"
156,"Northern Kentucky
 16 seed, ✅",Horz,32,"22-12
14–6","103.1
208","102.3
125",".5223
156","49.8
215","51.3
220","17.5
122","23.2
13","31.3
91","32.8
333","27.4
307","30.8
169","47.7
279","48.9
114","35.2
108","36.7
319","61.9
359","-6.5
150"
157,Youngstown St.,Horz,31,"24-9
15–5","110.6
69","109.8
289",".5219
157","55.1
16","51.7
243","15.7
34","18
173","30.8
105","28.6
186","29.6
237","26.4
47","55.2
18","51.7
247","36.5
50","34.5
215","68.2
137","-5.2
123"
158,SMU,Amer,32,"10-22
5–13","103.5
198","102.7
137",".5204
158","47.4
313","51.8
248","18
160","18.7
128","28.1
197","30.5
273","33
118","32.8
223","47.8
275","51.4
234","31.1
324","34.9
234","69.5
68","-10.1
221"
159,Seattle,WAC,30,"20-12
11–7","100.3
270","99.6
79",".5190
159","46.3
334","48.8
92","16.9
80","17.8
187","29.9
137","26.6
91","32.4
139","33.3
233","46.4
319","49
121","30.9
330","32.3
80","69
94","-4.7
121"
160,Pacific,WCC,31,"15-18
7–9","107.8
116","107.1
231",".5175
160","52.6
70","54
324","16.2
49","17.9
181","22.9
331","31.2
301","33.1
116","36.4
293","49.6
211","55.1
346","38.3
13","34.9
234","69.8
52","-9.8
210"
161,UC Davis,BW,30,"18-14
11–8","103.8
186","103.3
150",".5144
161","49.8
215","50.7
185","20.6
318","20.8
53","32.2
62","28.6
186","42.8
7","31.5
189","49.6
211","48.9
114","33.5
198","36.7
319","70.6
33","-8.1
174"
162,Montana,BSky,30,"17-14
10–7","108.1
110","107.6
245",".5139
162","53.8
35","51.2
212","17.3
103","15.9
306","24.4
305","25.1
41","29.1
257","37.9
312","52.4
79","52.5
290","37.3
26","32.5
86","63.7
336","-7.6
165"
163,George Mason,A10,33,"20-13
11–7","101.1
247","100.7
98",".5129
163","51.9
101","47.9
61","20.2
306","16.9
247","27.9
203","24.8
35","37.1
42","33
227","51.5
112","49.4
149","35
122","30.1
16","66.4
224","-5.8
134"
164,UNC Wilmington,CAA,32,"24-10
12–6","101.5
238","101.1
104",".5113
164","48.9
262","49.2
107","18.6
218","20.7
54","27.8
207","28
160","39.7
19","37.6
309","48.3
261","51.2
227","33.3
206","30.5
22","65.3
285","-2.9
92"
165,Longwood,BSth,30,"20-12
12–6","103.7
191","103.3
148",".5112
165","50.2
199","51.2
212","17.8
145","21.5
31","32.1
67","26.9
107","33.6
107","33.5
242","49.5
217","50.5
190","34.3
163","34.7
226","66
249","-7.6
166"
166,Brown,Ivy,27,"14-13
7–7","100.7
256","100.4
91",".5087
166","50.7
177","51.2
212","19
241","19.7
81","23.4
324","23.7
15","29.8
230","26.9
59","49.8
205","50.4
184","34.7
140","35
244","69.4
72","-7.2
159"
167,Cleveland St.,Horz,32,"21-13
14–6","104.4
173","104.3
168",".5040
167","49.5
227","48.2
73","17.4
116","20.5
58","35.2
14","35
358","30
223","30.7
167","50.7
162","48.8
107","30.8
335","31.5
48","65.7
269","-8.1
175"
168,Boston College,ACC,33,"16-17
9–11","102.7
214","102.6
133",".5038
168","48.7
269","51.5
233","18.3
192","18.3
158","27.6
210","28.3
174","27.3
311","27.6
74","49.2
228","49.1
130","31.9
289","36.8
322","66.6
215","-6.8
153"
169,Cornell,Ivy,26,"17-11
7–7","110.3
74","110.2
293",".5032
169","54.8
22","55.7
355","16.7
69","21.9
24","28.8
172","29
210","28.5
272","30.9
173","57.5
6","56.6
358","34.5
149","36.2
290","71.2
24","-5.5
127"
170,Ball St.,MAC,30,"20-12
11–7","107.6
123","107.5
243",".5026
170","53
55","51
203","17.8
145","16.7
262","30.5
112","28.4
180","42.3
8","31.3
184","51.7
107","47.7
66","36.9
36","38.4
351","67.3
177","-6.3
147"
171,Richmond,A10,33,"15-18
7–11","102.6
218","102.5
129",".5024
171","51.2
144","49.6
126","17.1
90","17.1
236","21
347","25.4
53","33
118","26.2
43","52.4
79","49.7
162","33
220","32.9
102","65.4
281","-10.5
230"
172,Chattanooga,SC,32,"18-17
7–11","107.7
118","107.8
249",".4975
172","54
33","50.9
200","17.5
122","15.3
333","27.3
220","26.7
96","32
163","30.2
152","51.8
99","50.6
196","37.3
26","34.2
195","68.2
135","-11
238"
173,Lipscomb,ASun,30,"20-13
11–7","103.6
192","103.7
159",".4971
173","53.7
39","50.2
154","17.3
103","15.6
321","25
285","24.6
31","23.6
354","23.3
11","53.5
51","49.4
149","36
75","34.3
203","69.3
78","-7.2
158"
174,Stetson,ASun,28,"17-13
12–6","112.3
50","112.4
331",".4958
174","54.1
32","53.3
307","15.8
39","14.5
349","28.7
175","28.3
174","25.5
337","29.5
132","51.1
136","52.7
301","38.6
8","36.2
290","64.5
317","-6.9
155"
175,North Carolina Central,MEAC,26,"18-12
10–4","100.3
271","100.5
95",".4930
175","50.9
165","48.9
96","22.6
353","21.6
29","32.3
60","29.6
236","34.2
93","35.5
282","50.1
190","49.9
167","35
122","31.3
41","67.8
156","-7.3
162"
,,,,,,,,,,,,,,,,,,,,,
176,Saint Joseph's,A10,33,"16-17
8–10","104.3
175","104.7
177",".4886
176","50.2
199","50.5
174","18.2
180","18.9
125","28.9
168","30.7
286","34.2
93","32.8
223","50.9
150","50.1
175","32.9
227","34.1
183","69.3
80","-9.7
207"
177,"UNC Asheville
 15 seed, ✅",BSth,32,"27-7
16–2","102.6
217","103.1
144",".4880
177","53.9
34","48
68","20
298","17.9
181","25.8
261","28.7
193","41.3
12","26.8
58","51.4
119","49.1
130","38.8
6","30.5
22","68.5
128","-1.7
76"
178,Radford,BSth,31,"19-14
12–6","104.0
180","104.5
173",".4849
178","51.5
123","52.6
291","18.4
204","20.3
65","30.7
108","27.9
153","28.8
267","32.3
216","50.5
171","53.5
317","35.7
88","34
174","64.6
314","-8.4
181"
179,Grambling St.,SWAC,31,"24-9
15–3","99.5
280","100.1
86",".4836
179","50
211","44.6
6","21.2
335","21
43","31.5
88","31.6
308","41.5
11","41.1
342","48.8
244","43.2
5","35.5
99","31.2
35","66.1
238","-4.5
117"
180,UTEP,CUSA,30,"14-18
7–13","99.5
281","100.2
87",".4795
180","48.6
273","51.1
206","22.9
357","22.9
16","33.3
38","29.7
237","38.8
27","37.3
306","50.7
162","51.8
256","29.1
356","33.2
121","66.8
201","-10.4
229"
181,Louisiana Tech,CUSA,30,"15-18
7–13","104.6
165","105.5
199",".4750
181","50.9
165","54
324","19.9
290","21.3
36","30.1
132","28.1
165","28.4
275","38.5
317","50.3
187","51.1
221","34.5
149","38.5
352","66.6
210","-9.8
208"
182,St. Bonaventure,A10,32,"14-18
8–10","100.7
254","101.9
119",".4677
182","49.2
245","48.6
85","18.8
230","19.4
99","27.5
213","29.2
220","29.5
240","40.9
340","47.5
284","52.1
275","34.8
134","28.7
4","65.7
271","-11.6
249"
183,Quinnipiac,MAAC,31,"20-12
11–9","103.9
184","105.1
185",".4674
183","49.9
214","48.1
71","18.1
166","16.5
279","32.2
62","27.6
139","33
118","27.1
64","47.4
288","48.5
94","36.1
70","31.6
54","69.8
53","-7.3
161"
184,Georgia Southern,SB,30,"17-16
9–9","100.4
263","101.7
113",".4645
184","48.2
291","49.5
120","16.3
54","18.3
158","25.8
261","27.3
121","27.9
292","34.6
258","48.4
255","49.4
149","31.8
299","33.2
121","66.6
214","-9.8
209"
185,South Dakota St.,Sum,31,"19-13
13–5","104.0
181","105.3
189",".4641
185","51.7
110","50.9
200","17.1
90","17.3
224","21.5
345","26
70","28.1
288","23.1
10","51.2
132","51.7
247","35.1
111","33.2
121","66.8
205","-6.1
144"
186,"Texas A&M Corpus Chris
 16 seed, ✅",Slnd,29,"23-10
14–4","106.1
142","107.5
239",".4629
186","51.2
144","52.4
276","18
160","20.9
47","32.5
58","27.9
153","34.4
89","38.6
319","49
240","54.1
327","36.9
36","33.3
132","69.2
82","-5.9
138"
187,Harvard,Ivy,26,"14-14
5–9","99.6
279","100.9
100",".4624
187","49.5
227","48.8
92","19.8
284","18.4
150","30.3
123","24.3
24","31.2
186","25
26","52.1
89","50
169","30
348","31.2
35","66.1
247","-8.4
183"
188,Buffalo,MAC,30,"15-17
9–9","103.7
189","105.2
187",".4607
188","49.5
227","52.5
283","19.2
251","18.3
158","32.2
62","29.1
217","32.1
156","36.4
293","50.9
150","52.3
285","31.2
320","35.3
258","72.3
10","-9.2
193"
189,Drexel,CAA,31,"17-15
10–8","100.4
267","101.8
115",".4599
189","49.4
234","47.4
44","17.9
152","18
173","29.4
154","27.4
128","30.1
219","24.2
17","50.6
167","46.2
32","31.8
299","33.5
143","63.5
341","-10.2
224"
190,St. Thomas,Sum,31,"19-14
9–9","106.6
134","108.2
257",".4573
190","51.8
106","51.9
257","15.1
18","17.3
224","24
315","28.8
198","30.7
210","31
175","51.2
132","52.6
294","35.1
111","33.7
153","66.1
240","-8.4
182"
191,East Carolina,Amer,33,"16-17
6–12","102.0
228","103.5
154",".4573
191","47.1
320","49.2
107","19.2
251","17.4
220","33
46","28.9
203","37.1
42","33.1
230","46.9
302","49.2
139","31.6
305","32.9
102","67.5
167","-7.7
169"
192,Texas St.,SB,32,"16-19
6–12","104.6
164","106.2
207",".4556
192","48.2
291","50.9
200","17.9
152","18.6
135","31.6
85","28.5
183","32.5
134","41.7
344","48.6
248","49
121","31.4
312","36.4
304","63.6
337","-11.8
254"
193,Western Kentucky,CUSA,31,"17-16
8–12","103.5
196","105.2
186",".4552
193","49.6
222","50.7
185","17.1
90","18
173","25.9
255","31
294","32.3
143","25.6
32","48.5
253","48
77","34.4
157","36.2
290","67.4
172","-8.2
179"
194,Pepperdine,WCC,29,"9-22
2–14","104.6
166","106.3
212",".4523
194","52
92","52.5
283","18.3
192","16.6
272","25.9
255","30.5
273","26.8
322","32.6
219","51.6
111","51.6
242","35.1
111","36.2
290","72.2
11","-12.5
262"
195,Abilene Christian,WAC,26,"13-17
5–11","105.2
159","107.0
226",".4506
195","49.2
245","56.5
359","17.3
103","23.3
12","25.5
269","28.6
186","32.3
143","45.6
358","48.1
265","56.2
355","34.3
163","38.1
348","69.2
86","-10
218"
196,George Washington,A10,31,"16-16
10–8","109.3
93","111.3
313",".4498
196","53
55","52
265","17.6
135","15.5
326","26.5
241","29.7
237","34.5
84","27.7
78","56
12","51.7
247","32.1
276","34.9
234","68.9
97","-10.1
219"
197,Wright St.,Horz,31,"18-15
10–10","104.0
183","105.8
201",".4498
197","53.5
42","50.3
162","17.3
103","17.2
231","26.2
250","26.6
91","24
352","27.6
74","53.9
39","51.2
227","35.1
111","32.6
91","71.3
22","-10.8
235"
198,Old Dominion,SB,30,"19-12
11–7","101.8
233","103.6
156",".4496
198","46.4
332","48.3
78","17.1
90","17.7
193","32.8
51","29
210","36.2
57","34.7
264","46.1
325","48.8
107","31.5
307","31.7
56","65
301","-5.7
131"
199,Navy,Pat,30,"18-13
11–7","101.6
236","103.6
155",".4439
199","51.5
123","50.4
168","17.3
103","19.5
95","29.9
137","28
160","23.7
353","30
148","49.3
223","49.8
165","36.9
36","34.2
195","64.5
318","-8.5
185"
200,Weber St.,BSky,31,"18-15
12–6","99.3
284","101.3
107",".4430
200","50.8
172","52.8
295","19.2
251","19.3
104","21
347","22.4
3","33.7
104","31.7
198","51.8
99","51.1
221","32.8
237","36.8
322","65.1
296","-8.2
177"
,,,,,,,,,,,,,,,,,,,,,
201,Gardner Webb,BSth,29,"15-16
10–8","98.8
290","101.2
105",".4315
201","50.7
177","49.1
102","19.5
264","20.3
65","28.5
183","25.1
41","34.8
76","39.6
335","51.5
112","47.4
59","32.8
237","34.7
226","66.2
233","-11.2
240"
202,Morehead St.,OVC,28,"21-11
14–4","101.0
250","103.7
160",".4245
202","49.5
227","49.8
134","18.9
235","15.8
313","27.3
220","24.6
31","35.9
59","28.3
99","47.1
299","50.1
175","35.6
94","32.7
93","63.6
339","-6.5
149"
203,Florida Gulf Coast,ASun,31,"17-15
7–11","103.7
190","106.5
219",".4233
203","51.2
144","50.7
185","17.1
90","17.3
224","26.6
235","28.8
198","28.2
282","28.1
94","50.1
190","51.1
221","35.1
111","33.4
135","66.3
228","-8.5
186"
204,FIU,CUSA,30,"14-18
8–12","102.8
210","105.7
200",".4224
204","52.1
90","52.1
268","20.6
318","22.8
17","25.5
269","36.7
361","28.7
269","30.6
162","53.8
42","50.4
184","32.8
237","36.5
311","70
42","-10.9
237"
205,Queens,ASun,30,"18-15
7–11","106.3
139","109.3
278",".4209
205","51.2
144","53
299","17.6
135","15.7
317","29.7
147","26.1
72","35.9
59","25.4
28","50.5
171","53
304","34.8
134","35.3
258","69.9
48","-9.3
196"
206,Georgetown,BE,32,"7-25
2–18","103.5
195","106.5
218",".4194
206","47.1
320","53.6
315","17.5
122","15.9
306","28.9
168","30
251","29.1
257","24.5
20","47.5
284","50.5
190","30.9
330","38.9
357","68.8
99","-12.7
270"
207,Florida St.,ACC,32,"9-23
7–13","104.2
176","107.3
236",".4161
207","49.3
240","53.1
301","17.6
135","17.1
236","25.9
255","31.5
307","30.4
217","30.9
173","49.2
228","50.8
205","33
220","37.6
343","68.8
100","-12.1
258"
208,Northern Iowa,MVC,31,"14-18
9–11","103.2
204","106.4
214",".4146
208","51.3
135","53.8
319","17.7
144","18.2
166","22.6
337","22.4
3","31.1
192","26.5
49","51.7
107","53.6
319","33.7
188","36
285","67.4
169","-11.3
244"
209,San Diego,WCC,29,"11-20
4–12","109.6
90","113.0
334",".4133
209","51.1
153","58.2
363","16
42","17.3
224","27.9
203","29.7
237","30.9
199","33.4
236","50.4
180","55.9
351","34.8
134","41
363","68.7
113","-11.8
252"
210,La Salle,A10,34,"15-19
7–11","103.8
187","107.0
227",".4130
210","48.5
279","51
203","18.1
166","17.9
181","30.5
112","30.5
273","28.3
279","31.6
192","46.9
302","50.6
196","34.2
167","34.5
215","67.8
155","-11.4
247"
211,Minnesota,B10,31,"9-22
2–17","102.1
225","105.3
188",".4125
211","49
254","50.5
174","19.6
275","14.8
344","25
285","30.8
289","30.8
204","24.8
23","49.2
228","49.1
130","32.5
262","35.9
282","65.7
268","-9.8
211"
212,New Mexico St.,WAC,21,"9-15
2–10","103.6
194","106.9
225",".4087
212","50.2
199","53.7
318","18.3
192","19.1
116","27
227","26.5
84","34.7
79","37
300","48.8
244","52.5
290","35.1
111","36.8
322","69.2
87","-8.7
188"
213,"Howard
 16 seed, ✅",MEAC,31,"22-12
11–3","103.2
205","106.6
220",".4087
213","52
92","50.6
179","22.8
356","20.7
54","33.8
27","31.6
308","32.8
127","34.6
258","49.9
201","50.8
205","37.2
30","33.6
145","69
95","-7.2
157"
214,South Carolina,SEC,32,"11-21
4–14","103.2
207","106.6
221",".4058
214","46.9
326","52.6
291","19.9
290","15.9
306","32.7
54","32.5
326","26.8
322","29.4
127","45.8
330","53.7
320","32.3
269","33.8
160","64.3
322","-9.4
198"
215,Norfolk St.,MEAC,29,"22-11
9–5","105.9
150","109.5
281",".4045
215","52.2
86","50.2
154","19.8
284","19
121","33.4
36","30.6
282","39.5
21","36.3
292","53.8
42","48.3
87","32.7
247","34.9
234","65.3
282","-5.8
133"
216,Massachusetts,A10,31,"15-16
6–12","100.2
272","103.7
158",".4031
216","46.4
332","50.2
154","20.2
306","19.2
111","34.5
20","27.9
153","32.2
146","32.4
217","45.2
339","50.5
190","32.8
237","33.1
114","70.7
31","-9.2
194"
217,Northern Arizona,BSky,33,"12-23
5–13","107.0
129","110.8
302",".4010
217","50.5
184","55.3
350","15.9
41","17.2
231","26.9
229","25.7
62","27.4
307","38.7
321","48.6
248","55.7
350","35.7
88","36.5
311","66.8
202","-15.1
305"
218,Bryant,AE,28,"17-13
8–8","103.4
201","107.1
233",".3992
218","52
92","50
146","18.7
223","15.8
313","29
162","25.2
46","32.9
123","31.9
209","53.4
54","49.3
144","33.3
206","34.1
183","72.1
13","-7.8
173"
219,Rider,MAAC,29,"16-14
13–7","105.0
160","108.9
270",".3974
219","49.5
227","50.3
162","17.8
145","16.5
279","33.8
27","28.3
174","29.3
249","38.6
319","49.4
219","47.5
63","33.3
206","36.2
290","65.1
292","-9.3
195"
220,Siena,MAAC,32,"17-15
11–9","100.6
258","104.3
169",".3970
220","49.3
240","49.6
126","19.5
264","18.5
143","30.5
112","26.8
103","34.5
84","33
227","47.8
275","49.4
149","34.9
128","33.5
143","66.9
200","-10.4
228"
221,Murray St.,MVC,31,"17-15
11–9","105.6
153","109.6
282",".3969
221","49
254","51.9
257","16.2
49","15.6
321","27.4
216","27.3
121","33.2
115","24.4
18","49.1
236","53.2
309","32.6
255","33.4
135","66.7
208","-7.7
170"
222,Oregon St.,P12,31,"11-21
5–15","98.7
294","102.4
126",".3955
222","46.5
330","49.6
126","20.8
323","18.2
166","25.3
277","30.6
282","33.9
97","33.9
246","45.7
333","49.1
130","31.9
289","33.7
153","63.6
340","-9.3
197"
223,Detroit,Horz,32,"14-19
9–11","109.7
89","113.9
342",".3939
223","51.4
132","53.6
315","17.6
135","17.1
236","35.8
10","29.7
237","27.2
313","28.9
112","46.4
319","52.6
294","38.7
7","36.8
322","67.2
183","-12.9
273"
224,North Dakota St.,Sum,31,"16-17
11–7","103.5
197","107.5
241",".3924
224","51.7
110","50.8
193","16.9
80","12.4
363","24.4
305","22.6
7","32.2
146","27.1
64","52.2
84","50.6
196","33.9
177","34.2
195","68.1
139","-10.1
222"
225,Mercer,SC,31,"14-19
6–12","98.7
292","102.7
135",".3899
225","48.9
262","48.8
92","18.2
180","17.4
220","30.4
119","27.6
139","28.6
271","35.9
288","48.8
244","48.4
90","32.7
247","33
108","64.5
316","-13.8
290"
,,,,,,,,,,,,,,,,,,,,,
226,Northwestern St.,Slnd,32,"22-11
13–5","104.7
163","109.0
272",".3862
226","51.3
135","51
203","17.3
103","21
43","33.3
38","33.6
346","27.2
313","38.7
321","49.8
205","51.8
256","35.8
84","32.9
102","66.6
219","-5.6
128"
227,Campbell,BSth,32,"16-18
8–10","104.8
162","109.2
276",".3823
227","52.7
65","52.5
283","18.1
166","18.4
150","24.4
305","27.8
149","38
32","32.1
211","54.7
26","53.2
309","32.9
227","34.4
211","64.3
323","-13.1
276"
228,North Florida,ASun,29,"14-17
9–9","108.8
100","113.8
341",".3755
228","53.3
46","52.4
276","17.3
103","14
357","26.2
250","32.9
337","28.4
275","23.5
13","52.1
89","52.1
275","36.4
57","35.5
269","68.1
144","-10
216"
229,Rice,CUSA,30,"18-15
8–12","106.0
146","110.9
306",".3737
229","53.4
45","54.6
337","18.5
211","15.9
306","23.2
326","26.2
77","32.8
127","26
40","53.7
48","54
326","35.3
105","37.1
333","69.9
47","-7.3
160"
230,Jacksonville,ASun,26,"13-16
6–12","100.4
268","105.0
182",".3733
230","50.6
181","49.8
134","19.1
244","14.3
355","23.9
317","25.7
62","22.8
359","27
63","51
142","51.4
234","33.3
206","32.1
70","61
361","-10.2
223"
231,Loyola Chicago,A10,31,"10-21
4–14","102.3
221","107.0
228",".3731
231","52.9
60","51.6
236","22.1
350","17.9
181","24.5
300","28.5
183","31.1
192","37.5
308","54.8
22","51.7
247","33.4
203","34.4
211","66.1
239","-13.6
288"
232,UC San Diego,BW,28,"10-20
5–13","103.5
200","108.3
260",".3726
232","49.6
222","51.8
248","17.9
152","16.5
279","23.2
326","29.3
223","26.1
330","27.9
88","49.6
211","49.7
162","33
220","37.1
333","66
250","-13.9
291"
233,UT Arlington,WAC,29,"11-21
6–12","100.0
274","104.7
175",".3719
233","45.9
339","51.9
257","21.1
329","20.1
72","32.7
54","30.8
289","29.7
234","39.5
334","44.9
342","49.6
157","31.9
289","37.1
333","65.9
259","-13.2
281"
234,Northern Colorado,BSky,31,"12-20
6–12","106.0
147","111.0
309",".3698
234","52.4
75","53.1
301","17.5
122","14
357","24.3
309","27
111","31.4
179","31.7
198","51
142","54.5
335","36.4
57","33.4
135","69.6
61","-12.6
264"
235,Jacksonville St.,ASun,28,"13-18
6–12","101.6
237","106.4
217",".3683
235","50.5
184","52.5
283","20.2
306","16.5
279","29.4
154","24.1
20","31.8
169","29.5
132","47.9
271","52.7
301","36
75","34.9
234","65.5
280","-11.4
246"
236,Portland St.,BSky,29,"12-19
6–11","102.8
212","107.9
251",".3637
236","49.6
222","55
346","16.8
76","21.3
36","24
315","31.4
305","34.8
76","46.6
359","49.7
208","55
343","33
220","36.8
322","72.4
8","-12.6
266"
237,Delaware,CAA,32,"17-16
8–10","102.1
226","107.2
235",".3621
237","49.6
222","51.8
248","16.5
64","18.6
135","25
285","29.8
241","33
118","29.4
127","50.5
171","50.1
175","32
284","36.6
316","67.1
186","-9.7
206"
238,Army,Pat,31,"17-16
10–8","102.8
213","108.2
256",".3566
238","53.8
35","51.4
226","19.1
244","15.6
321","25.4
273","24.2
23","31.3
184","28.5
103","54.7
26","52.4
286","34.9
128","33.1
114","68.6
117","-12.5
263"
239,Milwaukee,Horz,29,"21-11
14–6","102.1
224","107.5
244",".3548
239","51.8
106","48.2
73","21.5
343","17.7
193","32.7
54","32.8
333","31.9
165","29.4
127","51.4
119","49
121","35
122","31.4
44","71.8
17","-6.1
143"
240,Wofford,SC,30,"17-16
8–10","108.2
108","114.1
343",".3522
240","52.4
75","54.8
341","16.3
54","16.6
272","28.6
181","28.7
193","30
223","26.4
47","55.1
20","56.1
352","32.1
276","35.3
258","65.1
295","-9.7
205"
241,Northern Illinois,MAC,30,"13-19
9–9","100.6
257","106.3
211",".3475
241","52.2
86","50.7
185","20.3
312","18.6
135","25
285","32.8
333","34.3
91","35.8
286","52.1
89","51.7
247","34.9
128","32.7
93","69
92","-12.1
257"
242,Rhode Island,A10,31,"9-22
5–13","97.6
311","103.1
146",".3470
242","44.2
357","49.1
102","20.4
314","17.2
231","31.6
85","29.5
231","37
44","31.7
198","43.6
352","49.6
157","30.4
342","32.1
70","67.2
181","-15.7
321"
243,Robert Morris,Horz,31,"16-17
10–10","98.1
304","104.1
164",".3361
243","49.2
245","49.6
126","19.5
264","19.1
116","29.7
147","28.5
183","26.9
320","31.1
179","50.4
180","47.4
59","31.4
312","36.2
290","66.2
231","-12
256"
244,Idaho St.,BSky,30,"11-21
8–10","101.9
230","108.1
254",".3349
244","50.8
172","51.4
226","17.2
98","17.8
187","24.6
298","27.2
118","28.9
263","35.5
282","51.3
126","52.6
294","33.3
206","32.5
86","65.2
287","-15.3
313"
245,Fort Wayne,Horz,30,"17-15
9–11","100.0
273","106.3
210",".3331
245","50.5
184","51.9
257","18.9
235","17.7
193","27.1
225","26.1
72","28.7
269","23
9","50.8
156","55.2
347","33.5
198","31.2
35","69
91","-10
217"
246,Western Carolina,SC,30,"18-15
10–8","101.7
234","108.1
252",".3320
246","49
254","51.1
206","15.7
34","15.7
317","25.8
261","25.5
57","34.5
84","34
250","48.1
265","51.7
247","33.6
191","33.1
114","67.6
166","-9.5
201"
247,Winthrop,BSth,30,"15-17
10–8","107.7
120","114.6
348",".3275
247","55.1
16","54.8
341","20.6
318","17.4
220","25.9
255","34.2
352","41.6
10","31
175","53.8
42","55.5
349","37.9
17","35.8
278","66.9
193","-11.2
239"
248,North Alabama,ASun,29,"18-14
10–8","104.5
167","111.3
314",".3265
248","51.3
135","52.4
276","15.6
31","15.2
335","23.2
326","28.1
165","30.9
199","32
210","49.9
201","50
169","36.1
70","37.7
344","68.5
123","-7.8
172"
249,East Tennessee St.,SC,30,"12-20
8–10","100.5
260","107.1
232",".3253
249","50.5
184","50.8
193","19.5
264","17.5
215","29.9
137","28.9
203","31.2
186","26.9
59","51.8
99","51.8
256","32.1
276","32.9
102","66
256","-15.1
307"
250,Canisius,MAAC,29,"10-20
8–12","101.5
239","108.2
255",".3249
250","48.6
273","52.8
295","17.5
122","18.7
128","28.4
187","29.9
243","24.9
342","27.7
78","47.4
288","52
267","33.6
191","36.4
304","67.7
162","-14.9
303"
,,,,,,,,,,,,,,,,,,,,,
251,UMBC,AE,31,"18-14
8–8","104.5
168","111.4
316",".3239
251","51.3
135","52.9
298","14.8
12","16.9
247","26.4
246","26.8
103","27
318","25.6
32","51.8
99","50.6
196","33.8
180","37.7
344","67.7
158","-9.5
200"
252,USC Upstate,BSth,29,"16-15
10–8","98.7
293","105.3
189",".3223
252","51.1
153","50
146","19.5
264","20.5
58","24.5
300","32.7
330","32.2
146","43.8
356","51.5
112","49.3
144","33.6
191","34.2
195","67.9
153","-9.7
204"
253,Bellarmine,ASun,30,"15-18
9–9","102.2
223","109.2
277",".3167
253","51.7
110","54.7
338","18.2
180","17.7
193","20.6
352","28.1
165","25.4
339","31.8
204","53.9
39","55
343","32.6
255","36.3
301","62.1
358","-10.1
220"
254,Alcorn St.,SWAC,31,"18-13
15–3","101.0
249","108.3
261",".3110
254","45.5
346","51.4
226","18.3
192","21.1
40","33.5
34","31.3
303","35.1
69","39.1
330","46
327","52.5
290","29.6
352","33.2
121","67.3
180","-6.9
156"
255,UT Rio Grande Valley,WAC,28,"15-17
5–12","102.7
215","110.1
291",".3105
255","51.2
144","52
265","22.2
351","16.9
247","29
162","29.5
231","45.9
2","38.9
326","51.7
107","51.9
262","33.5
198","34.8
230","72.6
5","-10.2
225"
256,Sacramento St.,BSky,30,"14-18
7–11","101.8
231","109.2
274",".3094
256","50.8
172","52.2
271","20.8
323","14.5
349","32.9
49","24
18","27.5
304","25.8
35","50
194","51.6
242","34.9
128","35.7
275","62.3
354","-11.5
248"
257,Niagara,MAAC,30,"16-15
10–10","100.9
253","108.2
259",".3091
257","50.3
195","49.8
134","18.5
211","16.9
247","26.5
241","28.6
186","30
223","33.5
242","50.1
190","48
77","33.8
180","36
285","63
348","-10
215"
258,SIU Edwardsville,OVC,30,"19-14
9–9","99.2
286","106.4
216",".3083
258","48.5
279","49
100","18.5
211","19.2
111","30.6
111","29.4
225","40.3
18","34.6
258","48.5
253","48.1
82","32.3
269","33.6
145","69.2
85","-10.3
226"
259,Southeastern Louisiana,Slnd,29,"18-14
12–6","103.1
209","110.8
304",".3023
259","50.9
165","54.2
330","16.9
80","19.8
78","27.6
210","29.9
243","32.1
156","33.4
236","49.1
236","52.1
275","36.4
57","38.2
350","68.8
102","-9.1
192"
260,Dartmouth,Ivy,26,"10-18
6–8","99.8
276","107.3
237",".3016
260","50
211","51.3
220","20.2
306","16.5
279","23.5
321","26.2
77","29.1
257","31.7
198","50.8
156","51.6
242","32.6
255","34
174","68.7
112","-12.9
274"
261,Mount St. Mary's,MAAC,32,"13-20
8–12","97.7
310","105.1
184",".3011
261","48.6
273","48.9
96","20.8
323","17.9
181","27.8
207","29.9
243","26
332","29.2
120","45.8
330","48
77","36
75","33.7
153","65.8
264","-14.3
295"
262,Louisiana Monroe,SB,29,"11-21
7–11","97.7
309","105.4
196",".2947
262","45.2
349","51.7
243","18.7
223","17.6
205","27.3
220","29.9
243","30
223","28.6
107","41.6
361","50.3
182","34.2
167","36
285","66.1
237","-13.5
285"
263,"Southeast Missouri St.
 16 seed, ✅",OVC,33,"19-16
10–8","100.4
269","108.4
262",".2931
263","50
211","51.6
236","17.3
103","19
121","25.3
277","27.9
153","38.3
31","43.6
354","50
194","50.8
205","33.3
206","35.3
258","72.2
12","-11.4
245"
264,California,P12,32,"3-29
2–18","96.5
325","104.3
167",".2904
264","43.7
361","51.6
236","20.1
304","16
303","25.3
277","30.4
270","31.5
175","32.6
219","43.2
355","52.5
290","29.8
350","33.4
135","63.4
342","-16.6
336"
265,North Dakota,Sum,31,"13-20
6–12","103.4
202","111.8
321",".2898
265","51
161","53.5
314","16.7
69","15.5
326","25.7
266","27.4
128","27.3
311","28
90","50.6
167","53
304","34.4
157","36.4
304","67
191","-14.1
293"
266,Fairfield,MAAC,30,"13-18
9–11","98.3
300","106.2
208",".2892
266","46
337","49.3
112","18.2
180","17.8
187","28.6
181","29.5
231","37.9
34","28.1
94","47.8
275","51.7
247","28.6
361","29.3
9","65
300","-13
275"
267,Miami OH,MAC,29,"12-20
6–12","102.7
216","111.2
312",".2854
267","52
92","53.8
319","19.6
275","17.8
187","26.6
235","32.6
328","32.1
156","37.1
304","53.8
42","54.1
327","32.9
227","35.4
264","66.8
204","-14.2
294"
268,Lafayette,Pat,34,"11-23
7–11","94.7
341","102.7
134",".2840
268","48.7
269","50.8
193","17.9
152","18.2
166","23.8
318","25.3
49","24.5
345","29.4
127","48.4
255","50.6
196","32.7
247","34.1
183","63
349","-16.6
334"
269,Nicholls St.,Slnd,27,"16-15
11–7","99.0
289","107.5
240",".2804
269","50.3
195","52.5
283","18.5
211","23.7
10","29.3
156","33.7
349","27.6
300","47.6
362","50.5
171","51.4
234","33.3
206","36.2
290","70.6
34","-9.4
199"
270,Bowling Green,MAC,29,"11-20
5–13","103.3
203","112.1
326",".2796
270","50.5
184","54.1
327","17.5
122","16.3
293","29.8
143","28
160","32.5
134","33.6
244","50.4
180","53.8
321","33.8
180","36.4
304","69.6
60","-15.1
306"
271,Prairie View A&M,SWAC,30,"13-19
9–9","93.8
345","101.9
117",".2791
271","44.8
355","48.2
73","19.6
275","21.2
39","31.7
79","28.7
193","33
118","41.8
345","44
348","47.3
58","30.9
330","33.3
132","67.6
163","-13.6
287"
272,UTSA,CUSA,30,"10-22
4–16","101.8
232","110.6
300",".2785
272","47.4
313","52.5
283","19.5
264","15.4
330","28.5
183","31.2
301","37.4
38","30.6
162","45.3
338","51.9
262","33.8
180","35.6
272","69.1
89","-14.4
299"
273,Maryland Eastern Shore,MEAC,27,"18-13
9–5","92.9
351","100.9
101",".2784
273","47.6
302","50.6
179","21.1
329","24.9
3","27.1
225","31.7
311","31.4
179","34.4
256","46.8
306","51.4
234","32.6
255","32.9
102","69.4
69","-7.7
171"
274,Louisville,ACC,32,"4-28
2–18","101.3
243","110.2
292",".2760
274","48
294","54.1
327","22.3
352","15.2
335","28.2
194","30.1
255","32.9
123","30.6
162","47.3
294","54.9
342","32.9
227","35.2
253","66.6
217","-17
339"
275,Denver,Sum,30,"15-17
6–12","100.4
265","109.3
279",".2739
275","52.3
83","51.7
243","21.4
340","15.6
321","29.8
143","27.4
128","39.4
24","27.7
78","53.4
54","52.2
283","32.9
227","33.9
169","68.6
116","-12.7
272"
,,,,,,,,,,,,,,,,,,,,,
276,Tennessee St.,OVC,28,"18-14
10–8","100.7
255","109.6
287",".2737
276","50.9
165","49.9
142","17.3
103","18.5
143","26.9
229","28.2
168","35.1
69","42.4
349","49.6
211","49.5
155","35.1
111","33.8
160","70.5
37","-11.3
243"
277,Oakland,Horz,31,"13-19
11–9","102.5
220","111.7
320",".2715
277","49.2
245","54.8
341","15.1
18","18.7
128","24.2
311","32.7
330","31.6
172","22.5
7","51.3
126","53.9
323","30.6
338","37.5
342","68.5
121","-12.7
268"
278,Marist,MAAC,33,"13-20
6–14","97.6
312","106.3
213",".2714
278","47.9
296","47.9
61","18.1
166","16.8
256","25.9
255","28.9
203","28.9
263","28.4
101","46.9
302","45.1
14","32.8
237","35
244","65.6
276","-15.8
323"
279,Tennessee Martin,OVC,29,"19-14
10–8","101.2
246","110.3
296",".2702
279","50.4
192","49.6
126","16.8
76","16.8
256","27
227","29
210","36.1
58","34
250","51.9
94","50.5
190","31.9
289","32.3
80","71.1
25","-10.6
231"
280,Tennessee Tech,OVC,30,"16-17
11–7","101.1
248","110.2
294",".2700
280","51.4
132","51.7
243","17.8
145","18
173","23.8
318","30.2
260","29.9
229","25.8
35","48.1
265","52.1
275","37.3
26","34
174","66.4
225","-12.6
265"
281,Southern Indiana,OVC,29,"16-16
9–9","102.6
219","112.0
323",".2669
281","50.5
184","51.8
248","18.3
192","16.7
262","32.6
57","25
38","33.4
111","40.3
339","47.2
298","51
214","36.6
48","35.2
253","69.4
74","-12.4
261"
282,"Texas Southern
 16 seed, ✅",SWAC,32,"14-20
7–11","96.4
327","105.3
191",".2661
282","46.2
336","49.3
112","20.3
312","18.5
143","29.3
156","27.7
148","34.9
74","38.1
315","47.4
288","48.7
104","28.7
360","33.6
145","69.4
73","-13.3
282"
283,Illinois Chicago,MVC,31,"12-20
4–16","98.5
296","107.6
248",".2656
283","48.7
269","51.2
212","18.3
192","19.6
89","22.7
336","30.3
264","34.1
96","33
227","47.9
271","51.1
221","33.2
215","34.3
203","69
90","-13.8
289"
284,New Hampshire,AE,28,"15-15
9–7","97.1
319","106.1
203",".2640
284","45.8
341","49.1
102","15
17","16.2
297","26
253","27.4
128","29.6
237","30.2
152","42.8
358","50
169","33.4
203","31.5
48","64.1
327","-10.6
232"
285,Valparaiso,MVC,31,"11-21
5–15","97.9
305","107.1
230",".2629
285","49
254","51.5
233","18.1
166","15.6
321","22.5
339","24.5
26","27.9
292","31.8
204","51.9
94","51.6
242","29.2
354","34.3
203","68
150","-14.5
301"
286,Lehigh,Pat,28,"16-14
11–7","97.4
316","106.7
222",".2592
286","49.8
215","50.3
162","17.4
116","16.6
272","18.8
361","26.7
96","31.1
192","28.5
103","48.4
255","50.9
210","35
122","32.8
98","69.6
64","-9.9
213"
287,Arkansas St.,SB,30,"13-20
4–14","99.4
282","109.2
275",".2547
287","47.6
302","50.3
162","18.1
166","16.6
272","28.8
172","28
160","35.1
69","34.8
265","45.5
335","48
77","34.6
146","36.4
304","63.2
344","-14.3
296"
288,Maine,AE,28,"13-17
7–9","98.2
303","107.9
250",".2544
288","51.1
153","53.4
311","18.7
223","20.3
65","22.9
331","30
251","23
358","28.7
110","51.5
112","54.4
333","33.5
198","34.6
220","65.8
266","-11.7
250"
289,Merrimack,NEC,32,"18-16
12–4","90.7
360","99.6
78",".2540
289","48.3
289","49.1
102","20.7
321","26
1","20.5
353","35.6
359","34.6
81","26.9
59","48.2
263","48.9
114","32.3
269","33
108","66.2
230","-11.7
251"
290,Illinois St.,MVC,32,"11-21
6–14","99.7
277","109.6
283",".2537
290","50.2
199","51.8
248","21.8
346","16.7
262","28.2
194","26.7
96","31.3
184","34
250","50
194","52.6
294","33.6
191","33.7
153","65.1
298","-15.5
318"
291,American,Pat,32,"17-15
7–11","100.5
261","110.4
299",".2535
291","54.4
25","51.8
248","22
347","19.2
111","28.3
190","27.9
153","27.9
292","32.1
211","55.8
14","48.7
104","34.6
146","38.5
352","62.5
353","-11.3
242"
292,Coastal Carolina,SB,28,"11-20
5–13","103.8
187","114.5
345",".2450
292","47.5
307","53.1
301","17.8
145","15.5
326","30.3
123","30.7
286","28.9
263","29.3
122","48.4
255","51.3
232","30.6
338","36.7
319","68.1
147","-14.5
302"
293,Southern,SWAC,30,"15-17
11–7","95.5
334","105.3
193",".2442
293","48.5
279","51.4
226","20.5
317","23
15","24.4
305","28.6
186","34.5
84","42.9
350","48
270","51.6
242","32.8
237","34
174","71
27","-11.3
241"
294,Tulsa,Amer,30,"5-25
1–17","99.3
283","109.6
284",".2440
294","47.9
296","53.6
315","19.1
244","17
245","24.9
289","33
339","26.7
324","27.8
84","48.6
248","57.9
361","31.3
318","31.3
41","68.1
142","-15.4
314"
295,Bucknell,Pat,31,"12-20
5–13","98.8
291","109.1
273",".2416
295","51.3
135","51.2
212","20.2
306","15.4
330","25.4
273","25
38","26.9
320","27.7
78","51.1
136","49.4
149","34.5
149","36.4
304","66.8
206","-16
327"
296,Georgia St.,SB,28,"10-21
3–15","97.4
318","107.6
247",".2410
296","45.6
344","50.7
185","19.5
264","17.5
215","30.1
132","29.5
231","33.5
109","35.4
280","46.5
315","48.6
99","29
357","36.5
311","67
192","-15.4
315"
297,Cal St. Bakersfield,BW,31,"11-22
6–14","94.9
338","104.9
180",".2401
297","44.6
356","51.1
206","19.8
284","20.5
58","27.2
224","28.4
180","29.4
244","43.6
354","43.7
351","50.2
178","31.5
307","34.9
234","63
347","-15.5
316"
298,Cal Poly,BW,31,"8-25
1–18","93.6
346","103.5
152",".2397
298","45.8
341","50.4
168","20.9
327","18.6
135","24.5
300","24.5
26","31
197","42.3
348","46.7
310","49.3
144","29.3
353","34.9
234","64
331","-18.1
347"
299,South Dakota,Sum,29,"12-19
7–11","102.3
222","113.2
338",".2370
299","50.1
205","52.7
293","17.3
103","14.4
353","24.9
289","27.1
115","28.1
288","31.8
204","45.5
335","51.8
256","37.9
17","36.1
288","66
253","-13.5
283"
300,Charleston Southern,BSth,29,"10-21
5–13","104.5
170","115.7
353",".2362
300","50.3
195","54.3
331","18.1
166","16.7
262","32.2
62","31
294","27.4
307","36.6
296","49.7
208","54.3
331","34.1
171","36.2
290","65.6
273","-16
325"
,,,,,,,,,,,,,,,,,,,,,
301,Western Illinois,Sum,27,"16-14
9–9","101.0
252","111.9
322",".2355
301","50.1
205","53.4
311","15.1
18","16.4
289","26.9
229","26.7
96","31.4
179","27.4
69","51.8
99","54.6
337","31.5
307","33.9
169","66.7
209","-9.9
212"
302,Boston University,Pat,31,"15-17
8–10","96.5
324","107.2
234",".2310
302","47
325","50.5
174","17.8
145","18.3
158","28.7
175","24.6
31","29
261","36.5
295","45.9
329","50.3
182","32.4
266","33.8
160","65.5
279","-12.4
260"
303,Chicago St.,ind,27,"11-20
2–0","101.9
229","113.2
337",".2306
303","48.8
265","53.3
307","21.3
337","16.7
262","33.5
34","33.2
341","31.9
165","35.9
288","48.4
255","53.1
307","32.9
227","35.7
275","64.9
303","-12.7
269"
304,Binghamton,AE,29,"13-18
8–8","98.5
297","109.6
286",".2260
304","49.5
227","50.5
174","19.4
262","15.1
338","28.7
175","27.3
121","28.2
282","35.4
280","50
194","50.8
205","32.4
266","33.2
121","66
251","-13.1
277"
305,High Point,BSth,29,"14-17
6–12","99.8
275","111.1
310",".2259
305","50.2
199","50.7
185","19.6
275","16.3
293","30.8
105","32
318","38.7
29","35.3
278","51.4
119","52
267","32.3
269","32.5
86","71.5
21","-12.7
271"
306,Northeastern,CAA,30,"10-20
6–12","97.6
313","108.7
266",".2240
306","47.9
296","50.1
149","21.3
337","14.5
349","31.7
79","26.9
107","27.7
298","31.7
198","46.8
306","49.2
139","33.2
215","34.9
234","66.9
194","-14.4
298"
307,Idaho,BSky,30,"10-22
4–14","101.4
241","113.1
335",".2215
307","52
92","54.3
331","17.2
98","16.1
299","19.6
355","27.8
149","35.8
63","31.6
192","54.2
33","52.6
294","32
284","38.7
355","65.9
257","-17.4
341"
308,Jackson St.,SWAC,33,"14-19
12–6","98.5
295","110.0
290",".2203
308","47.5
307","52.5
283","22
347","19.1
116","32.9
49","29.1
217","32.9
123","34
250","47.1
299","52.1
275","32.1
276","35.4
264","68.2
136","-12
255"
309,Alabama A&M,SWAC,30,"15-18
10–8","96.2
329","107.6
246",".2164
309","48.6
273","49.4
117","21.4
340","21.4
32","29.5
153","33.9
350","35.9
59","41.8
345","46.9
302","48.5
94","34.7
140","33.8
160","68.5
124","-14
292"
310,"Fairleigh Dickinson
 16 seed, ✅",NEC,32,"19-15
10–6","105.9
149","118.6
362",".2147
310","51.5
123","55.8
356","16.3
54","21.4
32","31.4
90","28.9
203","27.9
292","34.8
265","51.4
119","56.1
352","34.4
157","36.9
329","68.8
105","-12.2
259"
311,Saint Peter's,MAAC,31,"14-18
7–13","96.3
328","108.2
258",".2082
311","43.9
359","49.5
120","19.5
264","19.7
81","36.4
7","30.6
282","28.4
275","51.4
363","44.1
347","48.4
90","29
357","34.3
203","63.1
346","-13.2
280"
312,Elon,CAA,30,"8-24
6–12","98.3
301","110.4
297",".2079
312","47.8
299","52.1
268","18.4
204","17.1
236","24.9
289","30.6
282","27.5
304","29
117","50.5
171","51.4
234","29.2
354","35.2
253","66.2
236","-18.9
353"
313,Eastern Michigan,MAC,30,"8-23
5–13","101.0
251","113.7
340",".2038
313","49.2
245","55.6
354","16.9
80","17.1
236","25.1
284","32.8
333","32.2
146","35
271","50.3
187","58.7
363","31.4
312","34.1
183","69.3
77","-16.8
337"
314,Manhattan,MAAC,29,"12-18
10–10","96.7
323","108.9
269",".2037
314","49.2
245","51.3
220","19.8
284","20.5
58","26.6
235","34.2
352","31.5
175","30.5
160","49.1
236","49.1
130","32.9
227","36.8
322","67
190","-13.5
284"
315,Texas A&M Commerce,Slnd,32,"13-20
9–9","100.4
264","113.2
336",".2018
315","52.4
75","52.8
295","18.9
235","17.7
193","26.5
241","29.9
243","28.3
279","37.9
312","56.2
11","53.1
307","31.9
289","34.8
230","65.6
277","-15.2
309"
316,William & Mary,CAA,31,"13-20
7–11","99.6
278","112.4
329",".1999
316","49.4
234","53.9
322","18.8
230","17
245","27.4
216","29.9
243","29.2
252","27.4
69","46.3
321","54.3
331","36.3
63","35.5
269","65.1
297","-14.3
297"
317,Arkansas Pine Bluff,SWAC,27,"10-21
6–12","94.8
339","107.0
229",".1988
317","45.2
349","51.4
226","21.6
344","21.4
32","26.6
235","29
210","33.8
99","43.2
352","44
348","51.1
221","31.1
324","34.5
215","69.7
54","-15.2
310"
318,Wagner,NEC,26,"15-13
8–8","93.2
350","105.3
195",".1965
318","44.9
354","49.1
102","19.1
244","20.9
47","34.4
21","24.8
35","25.2
341","47
360","44.7
344","50.2
178","30.2
345","31.5
48","62.2
355","-10.3
227"
319,Nebraska Omaha,Sum,31,"9-23
4–14","99.3
285","112.4
330",".1941
319","48.5
279","53.2
305","18.5
211","15.8
313","24.2
311","28.9
203","29.6
237","33.4
236","47.7
279","52
267","33.7
188","36.5
311","67.9
151","-15.7
322"
320,Loyola MD,Pat,31,"13-20
7–11","99.1
287","112.2
327",".1927
320","51.3
135","55.5
353","20.4
314","20.2
68","26.6
235","28.7
193","28.2
282","29.8
141","50
194","55.3
348","35.6
94","37.1
333","65.9
258","-15.3
312"
321,NJIT,AE,29,"7-23
4–12","97.8
306","111.1
311",".1871
321","48.3
289","52.3
274","16
42","14.9
341","23.4
324","29.1
217","28.2
282","27.9
88","46.1
325","53.2
309","35.2
108","34
174","66.3
229","-18.2
348"
322,Morgan St.,MEAC,26,"14-16
7–7","93.3
349","106.3
209",".1826
322","47.1
320","50.8
193","22
347","23.8
8","30.2
127","37.3
362","30.9
199","42.9
350","44.4
346","52.4
286","35.5
99","31.8
58","70.5
38","-10.7
233"
323,Little Rock,OVC,29,"10-21
6–12","101.4
242","115.5
352",".1826
323","49.2
245","56.1
358","18
160","19.2
111","29.3
156","30.4
270","31.9
165","37
300","49.4
219","54.1
327","32.5
262","39.5
358","70.9
29","-16.5
333"
324,North Carolina A&T,CAA,29,"13-19
8–10","97.4
317","111.0
308",".1822
324","47.4
313","50.6
179","17.5
122","15.7
317","24.6
298","30.2
260","30
223","28.5
103","46.2
323","51
214","32.9
227","33.2
121","70.1
41","-13.1
279"
325,New Orleans,Slnd,30,"12-20
7–11","98.3
299","112.1
325",".1813
325","52.7
65","54.1
327","23.6
362","20.2
68","29.8
143","32.7
330","36.5
53","39.9
337","51.1
136","54.1
327","37.9
17","36.2
290","71.1
26","-15.5
317"
,,,,,,,,,,,,,,,,,,,,,
326,UMKC,Sum,30,"11-21
7–11","95.0
337","108.4
263",".1798
326","43.4
362","50.1
149","19.9
290","17.3
224","35.9
9","29.4
225","33.3
113","39.4
333","44.7
344","48.9
114","27.3
362","34.6
220","63.9
333","-15
304"
327,Cal St. Northridge,BW,30,"7-25
4–16","95.0
336","108.7
267",".1758
327","44.1
358","50.4
168","19.6
275","18
173","27.3
220","30.5
273","36.6
51","39
328","42.8
358","49.6
157","31.2
320","34.6
220","65.2
289","-18.8
352"
328,McNeese St.,Slnd,33,"11-23
6–12","99.1
288","113.3
339",".1756
328","49
254","55
346","21.6
344","18.4
150","33.3
38","30.9
292","29.2
252","34.9
267","49.2
228","52.1
275","32.4
266","39.7
361","66.2
232","-16.4
332"
329,Central Arkansas,ASun,30,"9-22
4–14","98.4
298","112.6
333",".1753
329","47.1
320","54.7
338","18.1
166","16.7
262","27.9
203","30.5
273","24.3
346","28.9
112","46.8
306","54.8
340","31.6
305","36.3
301","72.3
9","-15.7
320"
330,Western Michigan,MAC,28,"8-23
4–14","101.5
240","116.4
357",".1709
330","48.8
265","54.8
341","19.1
244","14.4
353","33
46","27.6
139","27.8
296","33.1
230","49.3
223","54.4
333","32.1
276","37
330","65.6
272","-16.8
338"
331,Stonehill,NEC,30,"14-17
10–6","94.2
343","108.1
253",".1701
331","50.9
165","50.2
154","19.7
283","19.8
78","19.1
360","31.4
305","32.2
146","27.3
68","49.9
201","49
121","34.8
134","34.6
220","66.7
207","-12.6
267"
332,St. Francis PA,NEC,29,"13-18
9–7","100.4
262","115.7
354",".1641
332","51.9
101","51.9
257","18.3
192","14.7
346","25.3
277","28.9
203","32.8
127","29.9
146","50.4
180","52.7
301","36.4
57","33.7
153","68.4
129","-14.5
300"
333,Incarnate Word,Slnd,28,"12-19
6–12","96.8
321","111.5
317",".1638
333","48.5
279","54.4
333","20
298","20.5
58","26.3
249","33.2
341","33.3
113","32.7
221","47.3
294","53.9
323","34.1
171","36.8
322","66.9
198","-15.3
311"
334,Austin Peay,ASun,28,"9-22
3–15","96.0
331","110.9
307",".1598
334","46.3
334","54.7
338","17.4
116","19.5
95","26
253","31.9
316","26.1
330","37
300","46
327","56.4
356","31.2
320","34.4
211","64.9
305","-15.9
324"
335,The Citadel,SC,31,"10-22
5–13","96.9
320","112.3
328",".1545
335","49.3
240","52.4
276","18.2
180","16.9
247","20.8
350","31.7
311","28.9
263","33.9
246","49.6
211","53.5
317","32.5
262","33.9
169","67.3
179","-16.1
328"
336,Stony Brook,CAA,31,"11-22
6–12","95.2
335","110.7
301",".1497
336","47.5
307","50.3
162","19.6
275","14
357","21.9
342","27.4
128","29.4
244","26.2
43","48.1
265","50
169","31.1
324","33.8
160","63.9
332","-16
326"
337,Sacred Heart,NEC,32,"16-17
8–8","95.5
333","111.4
315",".1459
337","48.4
287","50.2
154","18.8
230","19.4
99","28.8
172","30.8
289","27.6
300","26.5
49","49.8
205","49.7
162","30.6
338","34.1
183","69.9
46","-13.6
286"
338,Presbyterian,BSth,30,"5-27
1–17","93.6
348","109.4
280",".1419
338","47.3
316","54
324","20.8
323","18.4
150","29.9
137","29.5
231","36.5
53","39.1
330","47.3
294","52
267","31.5
307","38.5
352","64.6
315","-22.4
362"
339,Central Michigan,MAC,29,"10-21
5–13","92.5
353","108.4
264",".1395
339","46.5
330","51.9
257","22.9
357","19.2
111","30.5
112","32.5
326","36.9
47","41
341","47.4
288","50.9
210","30
348","35.6
272","67.4
173","-15.1
308"
340,Holy Cross,Pat,30,"10-22
7–11","94.1
344","110.3
295",".1390
340","48.5
279","51.8
248","17.5
122","17.4
220","21.5
345","30.1
255","25.5
337","27.8
84","46.5
315","53.9
323","35.3
105","31.9
62","69
93","-18.1
346"
341,Columbia,Ivy,27,"7-22
2–12","94.4
342","110.8
303",".1370
341","45.5
346","52
265","19.9
290","17.6
205","25.3
277","30.9
292","28.1
288","28.8
111","45.4
337","53.2
309","30.4
342","33.1
114","69.8
51","-16.6
335"
342,South Carolina St.,MEAC,30,"5-26
2–12","98.2
302","115.4
351",".1362
342","46.9
326","57.7
362","20.9
327","21
43","34.2
23","34.5
355","29.2
252","43.5
353","47.3
294","56.8
359","30.8
335","39.5
358","71.8
16","-19.9
356"
343,Lindenwood,OVC,29,"11-21
6–12","95.8
332","112.5
332",".1357
343","48.8
265","52.4
276","19.5
264","17.8
187","23
329","31
294","28.3
279","31.1
179","45.7
333","52
267","36.2
65","35.2
253","67.1
184","-16.3
331"
344,Coppin St.,MEAC,32,"9-23
4–10","97.8
307","115.3
350",".1305
344","51
161","53.2
305","20.1
304","18.5
143","18.6
363","35.7
360","37.2
39","34.2
255","51.4
119","55
343","33.7
188","33.8
160","72
15","-16.3
330"
345,Central Connecticut,NEC,32,"10-22
7–9","96.4
326","114.2
344",".1256
345","48.1
293","51.3
220","17.9
152","16.4
289","28.5
183","28.2
168","23.3
356","26.5
49","47.5
284","50.2
178","32.7
247","35.4
264","64.4
320","-18.5
351"
346,Bethune Cookman,SWAC,30,"12-20
8–10","96.7
322","114.6
347",".1240
346","46.6
329","52.7
293","18.3
192","19.3
104","26.9
229","34.7
357","32.1
156","35.2
275","43.1
357","52.1
275","35.8
84","35.8
278","68.8
104","-15.7
319"
347,Albany,AE,29,"8-23
3–13","97.8
308","116.1
356",".1213
347","47.3
316","55.3
350","19.2
251","16.6
272","27.8
207","26.7
96","31
197","36.8
299","46.6
311","56.5
357","32.2
273","35.3
258","67.4
170","-17.4
342"
348,Houston Christian,Slnd,29,"10-22
7–11","101.2
245","120.3
363",".1206
348","51.4
132","57.5
361","21.1
329","16.7
262","28
199","31.6
308","40.6
15","33.3
233","49.5
217","57.9
361","36.1
70","37.8
346","70.7
32","-17.7
344"
349,Hampton,CAA,31,"8-24
5–13","97.4
315","115.8
355",".1201
349","45.1
351","53.9
322","16
42","15.7
317","26.5
241","30.3
264","32.1
156","35.3
278","43.4
353","52.2
283","32.1
276","37.9
347","68.9
98","-18.4
350"
350,Evansville,MVC,32,"5-27
1–19","91.4
357","108.9
271",".1171
350","45.1
351","55.8
356","17.6
135","18.9
125","20.7
351","25.5
57","29.4
244","30.1
150","43.4
353","54.8
340","32.2
273","38.1
348","69.6
59","-20.1
359"
351,Eastern Illinois,OVC,29,"9-22
5–13","93.6
347","111.6
318",".1170
351","48
294","52.2
271","19.2
251","19.7
81","25.3
277","32.2
321","32.4
139","32.5
218","47.7
279","52.4
286","32.6
255","34.6
220","68
149","-17.8
345"
352,Monmouth,CAA,33,"7-26
5–13","91.9
355","109.7
288",".1155
352","43.8
360","54.4
333","21.1
329","21
43","30.3
123","32.9
337","33.1
116","38.8
324","44
348","53.4
316","28.8
359","37
330","68.4
130","-19
354"
353,Alabama St.,SWAC,30,"8-23
6–12","92.2
354","110.8
305",".1077
353","42.3
363","49.7
132","18.7
223","17.7
193","31.7
79","34.4
354","31.2
186","34.6
258","40.4
363","48.9
114","30.8
335","34.2
195","66.4
221","-17.1
340"
354,VMI,SC,29,"7-25
2–16","97.4
314","117.6
359",".1033
354","47.8
299","56.9
360","19.3
257","14.6
348","28.9
168","27.3
121","21
363","28.1
94","45
341","57.7
360","34.2
167","37.4
339","66.8
203","-19.9
355"
355,Lamar,Slnd,28,"9-22
5–13","94.8
340","114.5
346",".1020
355","47.6
302","53
299","21.2
335","17.1
236","31.9
72","33.5
344","32.2
146","30.8
169","47.5
284","54.5
335","31.9
289","34.1
183","65.9
263","-18.3
349"
356,Mississippi Valley St.,SWAC,32,"5-27
4–14","92.6
352","112.0
324",".1010
356","45.4
348","53.3
307","23.4
360","19.5
95","28.7
175","32.4
324","38
32","39.8
336","42.8
358","53
304","34.9
128","35.8
278","67.2
182","-20
358"
357,Florida A&M,SWAC,27,"7-22
5–13","89.9
362","108.8
268",".1001
357","45
353","51.1
206","24
363","18
173","27.6
210","33.6
346","31.4
179","44.6
357","43.2
355","51.8
256","32.1
276","33.2
121","65.1
294","-16.2
329"
358,St. Francis NY,NEC,28,"14-16
7–9","90.8
359","110.4
298",".0960
358","45.9
339","50.5
174","21.1
329","19.6
89","30.9
102","31.8
314","31.1
192","31.6
192","41.6
361","47.1
52","36.5
50","39.7
361","65.9
262","-13.1
278"
359,Delaware St.,MEAC,27,"6-23
4–10","91.6
356","111.6
319",".0935
359","45.7
343","54.4
333","23.5
361","19
121","30.1
132","29.4
225","29.3
249","37
300","45.1
340","50.6
196","31.4
312","39.5
358","67.7
159","-17.5
343"
360,IUPUI,Horz,30,"5-27
2–18","96.2
330","118.4
360",".0836
360","49.7
219","55
346","23.2
359","16.7
262","29
162","31.9
316","32.2
146","36
290","51.7
107","54.6
337","29.8
350","37.2
337","67.1
185","-22.3
361"
361,Green Bay,Horz,32,"3-29
2–18","91.2
358","114.9
349",".0654
361","46
337","54.8
341","21.1
329","16.1
299","21.7
343","32.4
324","31.5
175","31.6
192","46.6
311","56.1
352","30.1
347","35
244","65.2
288","-23
363"
362,Hartford,ind,25,"5-23
0–2","90.2
361","118.5
361",".0419
362","47.7
301","55.4
352","22.7
354","17.6
205","25.2
283","33.5
344","24.1
350","27.7
78","47.4
288","53.8
321","32
284","38.7
355","65.5
278","-19.9
357"