Houston,117.0749377,87.84900275,0.9645226806,31–3,31,34,52.7,42.5,28.5,35.8,15.3,22,37.1,27.4,64.8,53.2,43.1,34.5,27.8,16.4,6.6,53.8,53.6,37.8,43.7,64,,,,2023,,,1,8.403224641,71.9,69
Alabama,115.5623286,88.36160329,0.9563234053,29–5,29,34,52.7,41.5,36.7,32.8,19,16,33.8,27.6,72.8,54.6,41.2,33.8,28.1,11.3,11.4,54.8,41.8,47.8,30.6,73.4,,,,2023,,,1,10.56577973,72.6,71.4
UCLA,112.9156562,87.42266205,0.9499171358,29–5,29,34,50.9,46.8,27.1,27.6,15.3,23.6,33.7,27.6,67.3,50.4,46.8,34.7,31.1,11.9,6.3,50.9,51.3,29.1,39.3,67,,,,2023,,,2,8.455387926,72.2,69.7
Tennessee,111.0736433,86.07373067,0.9494238633,23–10,23,33,50.3,42.4,30.9,34.9,18.1,22.2,36.8,26.9,66.2,51,44.6,32.9,26.2,11.8,8.5,66.2,50.1,40.4,41.6,66.3,,,,2023,,,4,3.139682351,71.4,72.2
Connecticut,118.3436675,92.50348096,0.9444324805,25–8,25,33,53.5,45.5,31.4,38.7,18.9,19.4,39.2,26.2,68.6,53.4,45.8,35.7,30,12.9,8.3,62.6,41,42,30.3,67.7,,,,2023,,,4,4.973312232,75.4,73.6
Purdue,118.3725326,93.0543484,0.9408946327,29–5,29,34,52.2,47.2,37.2,19.3,17,15.4,38.3,23.3,64.2,54.1,47.4,32.6,31.4,9.7,8.6,60.9,51.5,38.1,35.4,64.8,,,,2023,,,1,9.190849556,74.3,73.6
Saint Mary's,111.8047599,88.79791202,0.9339799498,25–7,25,32,52.5,46.7,31.2,30.3,16.4,19,33.1,21.8,63.6,51,45.6,36.7,32.8,9.9,10.1,48.3,36.6,37,31.8,62.8,,,,2023,,,5,3.926679724,69.1,75.2
Texas,114.6687941,91.41953014,0.9312320735,26–8,26,34,52.7,47.8,31.5,34.5,16.5,22.8,28.3,29.4,70.3,53.8,47.2,33.9,32.7,10.1,8.3,57.1,48.3,35,35.4,69.5,,,,2023,,,2,8.035027792,75.2,72.4
Arizona,119.4892885,95.70153023,0.9277689754,28–6,28,34,56.8,47.2,36.5,26,18.4,16.9,31.1,26.2,72.9,56.6,45.9,38.2,32.8,8.3,9.3,65.3,49.4,38,38.7,73.1,,,,2023,,,2,7.522750205,70.9,71.4
Gonzaga,122.742363,98.38229879,0.9271765844,27–5,27,32,58.5,51.7,34.2,26.7,14.6,18.8,31.1,26,71.5,59,51.2,38.4,35,9,5.6,50.7,45.3,32.8,39.4,70.7,,,,2023,,,3,7.080721448,70.2,73.5
San Diego St.,111.7398601,89.81609055,0.9249584968,26–6,26,32,50.1,47.5,34.3,29.4,17.6,19.6,31.7,25.8,66.5,49.4,49.9,34.4,29.2,11.3,7.9,51.9,47.2,34.9,40.1,66.8,,,,2023,,,5,6.520247437,73.6,73.6
Kansas,112.8992867,91.33104434,0.9196840586,27–7,27,34,52.4,47.1,29.8,31.2,17.5,20.2,28.4,28.3,70.1,52.9,47.2,34.4,31.2,10,7.3,59.5,46.2,34.1,35.1,69.8,,,,2023,,,1,10.46845439,71.7,72.3
Marquette,118.2772644,96.41301273,0.9129731243,28–6,28,34,56,51.1,27.1,29,15.2,22.8,26.5,32.1,69.6,58.8,50,34.8,35.2,8.7,9.6,59.3,58.6,41.9,37.5,69.3,,,,2023,,,2,7.473936812,72.1,69.8
Baylor,121.1098461,99.37220014,0.90678476,22–10,22,32,53.1,51.4,37.2,31.4,18.1,19.9,34.7,31.1,67.9,50.8,53.3,37.2,32.2,6.8,9.3,56.4,60.4,45.3,37.8,67.7,,,,2023,,,3,5.684777707,74.9,70.7
Creighton,113.3107177,93.06721892,0.9057945988,21–12,21,33,54.3,47.3,28.1,19.8,16.6,14.3,25.5,23.3,69.4,54.5,45.6,36,34.1,9.5,8.3,57.8,47.1,42,29.8,68.6,,,,2023,,,6,1.889714719,76.7,72.9
Memphis,113.9112158,93.9412012,0.9017328127,26–8,26,34,53.2,46.8,35.9,34.9,18.4,20.9,31,32.3,72.6,53.1,47.2,35.6,30.8,13.2,9.6,54.6,55.7,28.8,42.9,72.2,,,,2023,,,8,5.118745212,74.7,73.9
Arkansas,110.8057877,91.71178717,0.8979794681,20–13,20,33,52,46.5,38.8,38.9,18.3,20.4,30.5,28.2,70.1,53.8,46.9,31.7,30.6,13.4,6.8,49.6,44.2,28.2,30.1,70.3,,,,2023,,,8,0.8915257118,69,71.4
West Virginia,116.0691979,96.29247035,0.8954966015,19–14,19,33,51.7,50.7,39.7,38.5,18.5,20.9,33.7,29.3,69.9,51.3,50.5,34.8,34.1,8.7,6.3,50.5,50.3,36.3,35,69.4,,,,2023,,,9,1.835667437,74.1,72.7
Iowa St.,108.2817306,90.16651197,0.8914270266,19–13,19,32,50.7,50.1,27.8,40,19.8,25.1,33.9,26.6,65.8,50.7,49.6,33.9,33.8,11.2,7.7,54.9,57.5,33.8,46.8,64.9,,,,2023,,,6,2.65455682,67.4,71.9
Texas A&M,113.4578218,94.80711586,0.8874791892,25–9,25,34,49,47.9,45.9,35.1,18.3,21.1,36.7,30.4,67.3,49,47.4,32.8,32.3,7.9,11.2,52.8,59.3,33.7,45.9,66.9,,,,2023,,,7,4.132671055,75.9,70.4
Xavier,118.0590882,98.72564782,0.8866193989,25–9,25,34,55.6,50.4,30.8,27.1,17.5,16.5,31.8,25.4,71.9,54,48.7,39.5,35.9,7.8,9.4,63.8,54.3,31.3,34.2,71.1,,,,2023,,,3,5.089023602,71.4,72.4
Auburn,111.0794813,93.04797335,0.8846278535,20–12,20,32,49.6,45.6,35.5,39.1,18.1,19.3,33.3,32,68.7,51,46.9,31.4,28.8,13.7,8.6,55,48.7,35.4,34.2,68.4,,,,2023,,,9,1.489083013,70.2,70.5
Duke,111.3765887,93.35678735,0.8838719359,26–8,26,34,51.1,46.3,30.8,24.1,18.2,16.6,36.2,25.9,65.7,51.4,46.7,33.6,30.4,12,9.6,56.4,47.9,35.4,35.1,66,,,,2023,,,5,4.261821528,77,76.5
Kansas St.,110.4715502,92.91425879,0.8797886645,23–9,23,32,51.5,47.5,37,36.7,20,20.7,31.1,29.2,70.7,51.8,48.8,34,30.1,7.7,10.6,64,56,36.3,36.8,70.7,,,,2023,,,3,4.731826305,75,69.2
Utah St.,115.9957247,97.65521639,0.878603107,25–8,25,33,55.6,47.8,35.5,30.2,17.4,15.8,27.4,24.8,69.1,54.1,45.9,38.5,34.3,8.7,7.5,62.3,46.9,42.1,33.8,69.5,,,,2023,,,10,3.872876267,76.7,74.2
TCU,110.5455893,93.29624802,0.8755505558,21–12,21,33,50.2,47.8,33.9,29.7,17.1,21.9,32.4,30.7,70.9,51.9,49.1,30.6,30.4,12.5,10.1,58.6,55.9,29.4,35,70.5,,,,2023,,,6,2.632312989,70.1,71.1
Virginia,110.088741,93.7020414,0.8645279417,25–7,25,32,51.3,48.3,34.5,26.1,13.7,19.7,25.5,25,62.4,50.4,46.5,35.3,34,13.5,11,65.8,52.9,36.1,39.7,62.1,,,,2023,,,4,3.960212749,70.1,74.8
Kentucky,114.7257465,97.71269671,0.8636448843,21–11,21,32,51.2,48.8,32.5,29.9,17.3,16.8,38.7,25.5,66.8,50.4,48.3,35.4,33.1,10.2,5.2,55.7,47.8,30.1,35.2,66.7,,,,2023,,,6,1.965320192,70.3,74.4
Boise St.,108.5465682,92.50874853,0.8627800542,23–9,23,32,51.9,47.3,30.7,27.4,16.7,17.7,26.4,23.8,67,50.7,47.8,36,31,8.2,9.5,43,46,37.9,37.4,67.2,,,,2023,,,10,2.926673449,73.9,69.3
Florida Atlantic,111.6072321,95.2916841,0.8602656371,29–3,29,32,55,45.9,29.5,26.7,16.7,18.3,30.4,24.5,68.7,54.3,44.8,37.2,32,6.6,7.2,51,33.4,43.8,34.2,68.9,,,,2023,,,9,4.29963212,71.8,74.9
Michigan St.,111.2714005,95.11495309,0.8586581984,19–12,19,31,51.6,48.1,25.8,28.6,16.4,14.7,27.4,25.2,65.4,47.7,48.6,39.5,31.5,8.1,9.4,57.6,52.5,33.1,38.3,65.6,,,,2023,,,7,2.387101616,76.2,72.1
Rutgers,103.7221239,88.6989148,0.8580733862,19–14,19,33,47.6,45.9,28.5,28.2,17.2,21.7,32,27.6,66.3,47.6,46.1,31.8,30.5,12.6,9.4,59.4,57,30.3,43.1,66.7,,,,2023,,,,-1.214368474,70.2,68.7
Indiana,112.3585684,96.10399659,0.8577882485,22–11,22,33,53.8,47.3,30.1,30.6,16.9,16.3,28,27.9,68.5,53.2,45.7,37,33.2,13.5,7.3,54.2,48.1,26.3,38.2,68.8,,,,2023,,,4,3.34951896,71.2,70.5
Oklahoma St.,106.3311992,91.04726221,0.8562602615,18–15,18,33,49.3,45.9,32.9,31.5,20.7,19.1,31.9,28.3,68.4,51,44.7,31.1,31.8,13.7,7.4,51.6,52.9,39.4,38,68.3,,,,2023,,,,0.4671349763,69.4,74.8
Maryland,111.2836294,95.37564359,0.854951632,21–12,21,33,51.1,47.9,33.8,27.8,16.2,18.4,30.2,27.2,64.5,52,47.7,33,32.1,9.9,9.9,46.3,48.1,37.5,31.7,65.4,,,,2023,,,8,0.802236542,73.9,72.7
Northwestern,106.4307136,91.93925181,0.8433292078,21–11,21,32,47.2,48.4,29.7,31.6,14.8,21.7,28.3,27.3,65.4,46.5,46.6,32.1,33.9,13.5,10.1,55,61,41.2,42.4,65.7,,,,2023,,,7,1.509076531,75.1,67.7
Ohio St.,115.333888,100.0285893,0.8371693212,16–19,16,35,52,48.9,26.6,28.1,16.1,15.9,31.5,28.6,65.9,50.6,49.3,36.8,32.1,10.2,7.1,43.2,49.1,31.7,36.7,66.8,,,,2023,,,,-3.122255533,73.9,72.3
Iowa,118.8364232,103.191942,0.835250786,19–13,19,32,51.9,53.3,32.6,23.4,14.1,18.5,32.2,27.6,69.6,52.1,52.6,34.3,36.6,8.5,8.8,58.1,50.9,37.4,32.2,70.3,,,,2023,,,8,0.1921119764,73.9,74.4
Penn St.,115.2535902,100.1462843,0.8342127373,22–13,22,35,55.5,49.2,21.4,25.9,13.7,13.1,18.8,25.1,64.5,53.5,48.8,38.5,33.3,6,9.6,52.7,56.1,47.4,37.5,65.3,,,,2023,,,10,1.351323006,73.8,70.4
North Carolina,110.7251001,96.22120703,0.8340502869,20–13,20,33,49.2,48.7,37,26.3,15.2,14.9,30.4,23.3,69.4,50.8,48.4,31.1,33,9.3,9.2,45.4,41.9,37.7,32,69.6,,,,2023,,,,-0.7935626672,74.2,70.8
Miami FL,116.741033,101.644441,0.8309658915,25–7,25,32,55,51.3,30,24.1,16.4,18.1,32,29,69,54.9,51.8,36.8,33.6,8.8,8.4,51.6,53.2,34.6,37.7,69.5,,,,2023,,,5,3.452944908,77.6,74.5
Liberty,110.7125917,96.46533292,0.8297942269,23–8,23,31,55.8,49.5,25.8,27.8,16,19.4,25.8,20.1,65.2,56.7,47.6,36.5,35.1,6.1,8.7,57.9,42.1,48.6,37.1,64.9,,,,2023,,,,-1.768049891,72.3,72.8
Illinois,108.8308967,94.858517,0.8292329847,20–12,20,32,51.6,46.9,33.8,29.6,18.2,18.6,32.3,26.8,69.3,55.3,45.3,30.9,33.6,14,8.1,46.6,44.7,41.9,30.9,70.4,,,,2023,,,9,0.6606901,68,70.2
North Carolina St.,112.5729671,98.13916537,0.8289173155,23–10,23,33,51.8,49.8,25.3,34,13.6,19.1,30.7,26.6,69.9,51.5,50.6,34.9,32.2,12.1,6.4,45,44.9,37.6,33.5,70.1,,,,2023,,,11,0.8938152545,72,73.4
New Mexico,114.541294,99.9096176,0.828025635,21–11,21,32,53,50.4,39.5,29,15.7,17.6,28.3,27.3,71.6,52.7,50.8,35.9,33.2,10,6.8,46.8,52.3,26.9,39.4,72.3,,,,2023,,,,-0.2055034277,74.4,70.4
USC,110.8017654,96.73539828,0.8265366691,22–10,22,32,51.3,45.2,33.8,29.8,18.1,18.1,29,33,68.4,51.1,42.4,34.5,33.4,13.7,7.8,51.7,56.3,33,37.4,68.9,,,,2023,,,10,2.058146169,74.4,71.9
Oregon,112.6478803,98.42421186,0.8252413833,19–14,19,33,51.1,48.4,31.2,24.7,18.2,16.5,32.8,25.9,66.2,53.3,46,31.9,35,13.1,7.1,51.7,51,39,37.2,66.8,,,,2023,,,,-0.2489421565,70.9,76.3
Cincinnati,110.6290567,96.68086079,0.8248883268,20–12,20,32,51.7,47.7,25.8,29.3,15.1,17.1,30.2,27.5,69.6,50.7,47.8,35.5,31.5,9.6,7.5,55.2,49.7,40.2,30.7,69.2,,,,2023,,,,-1.35764057,70,74.4
Oklahoma,109.4382148,95.70145866,0.8238214595,15–17,15,32,52.4,48,30.1,30.1,20,15.5,23.7,27.2,66.4,52.2,48.5,35.1,31.2,7.5,9.9,53.3,42.9,37.4,30.7,65.8,,,,2023,,,,-1.223467704,73.5,70.3
Washington St.,110.318246,96.87442688,0.8167479887,17–16,17,33,50.4,49.6,28.2,28.5,18.5,16.5,31.8,25.9,64.6,46.6,50.4,36.9,31.9,7.2,8,49.6,48,43.1,32,64.9,,,,2023,,,,-2.904910831,71.8,68.7
Texas Tech,109.5503632,96.20238175,0.8167075415,16–16,16,32,52.3,48.9,34.8,28.4,19.9,19.9,32.1,30.1,68.9,52.6,49.1,34.5,32.4,8.7,10.1,49.7,54.5,36.8,42.8,68.1,,,,2023,,,,-2.137546489,72.2,71.1
Michigan,110.6724725,97.31597707,0.814427165,17–15,17,32,51.2,47.8,30.8,26.2,14.8,14.8,25.4,26.1,67.4,50.8,47.8,34.6,31.9,11.7,7.1,46.3,45.7,37.6,33.6,68.3,,,,2023,,,,-2.013112744,70.3,69.7
Missouri,117.5590126,103.4780516,0.8126284587,24–9,24,33,55.1,52.3,29.5,35.2,16,24.3,26.8,37.3,70.2,55.9,51.7,36.1,35.4,8.4,6.7,56.5,57.7,43.3,44.1,70,,,,2023,,,11,3.989213072,75.8,75.2
North Texas,107.0778839,94.26002391,0.8124854771,24–7,24,31,51.1,45.3,32.2,41.2,19.9,20.2,33.8,27.5,59.3,49.3,45.1,35.7,30.6,9.2,7.4,48.5,41.5,40.6,34.5,59.2,,,,2023,,,,0.8183738416,76.3,69.8
Providence,114.2521036,100.8041805,0.8084728543,21–11,21,32,51.5,50,36.8,25.5,16.9,16.9,35.2,26.7,68.4,50.9,49.6,35.1,33.9,11.5,9.6,53.4,48.2,31.6,33.9,67.7,,,,2023,,,11,0.9517929016,74.5,74.4
Utah,106.4929763,94.00487682,0.8075894211,17–15,17,32,48.9,45,29.2,24.4,18,15.2,31.3,27.4,66.5,48.4,44.9,33.3,30.2,10,10.6,57.8,53.5,37.6,35.1,66.9,,,,2023,,,,-3.26759611,70.8,66.2
UAB,111.1838508,98.21767671,0.806275397,24–9,24,33,50.8,47.9,36.6,30.7,17.4,19.5,35.7,28.8,70.7,49,47,36.5,32.9,11.3,9.1,49.7,48.3,32.2,37.4,71.6,,,,2023,,,,-0.9234834462,73.2,72.3
Nevada,108.935698,96.27585477,0.8054501003,21–10,21,31,50.5,49,39.5,31.4,15.2,18.7,22.9,25.1,66.2,50.3,49.3,33.8,32.5,9.7,8.5,58.1,52.9,37.4,42.2,66.7,,,,2023,,,11,1.382243702,79.2,73.7
Mississippi St.,102.4938702,90.59034672,0.8052970815,21–12,21,33,46.9,46.2,34.6,27.6,19.3,22,35.2,29,65,50.5,46.2,26.6,30.8,11.3,7.9,59.1,58.6,34.5,44,64.4,,,,2023,,,11,0.7877504341,64.7,71.9
UCF,108.2380212,95.77451129,0.8032710502,18–14,18,32,50.6,48.2,29.7,33.4,19.4,21.6,33.9,31,65.9,48.1,49,35.9,31.3,11.4,8.9,56.8,53.5,42.4,38.7,65.1,,,,2023,,,,-3.42417534,77.1,72.8
Drake,108.2350074,95.87724084,0.8012645448,26–7,26,33,53.1,47.3,28.8,26.7,15.5,17.7,24.3,22.4,66.7,51.9,47.5,36.7,31.2,7.1,6.5,49.1,44,36.3,38.4,67.1,,,,2023,,,12,-0.1861199162,77.1,69.9
Clemson,109.554165,97.06498403,0.8009020119,23–10,23,33,54.4,47.4,30.7,30.8,16.3,16.6,23.5,24.5,68.1,53.6,45.8,36.9,33.2,9,7.6,53.9,48.9,40.1,40.4,68.7,,,,2023,,,,-0.476071455,79,73.1
Seton Hall,104.687559,92.9432036,0.7971222497,16–15,16,31,49.4,47.6,40.5,31,20.4,21.3,30.8,30.3,67.7,49.2,48.2,33.2,31,12.2,12.3,51.3,54.3,32.7,37.5,67.3,,,,2023,,,,-2.278675559,67.8,72.8
Colorado,105.0879461,93.36132306,0.7958709827,17–16,17,33,49,47.7,30.3,32.2,19.2,19.6,31.3,25.3,69.7,49.6,47.7,31.9,31.8,9.8,10.7,50.9,46.6,34.7,34.4,70,,,,2023,,,,-3.285713305,69.3,71
Dayton,108.3168982,96.2312619,0.7958457191,22–12,22,34,53,45,35.5,23.9,18.8,16.1,30.7,27,63.6,54.3,45.7,33.8,29.3,12.4,6.9,62.2,48.6,37.3,38.7,63.3,,,,2023,,,,-4.093391908,69.9,70.5
Arizona St.,105.5781935,93.83400071,0.7951304327,22–12,22,34,47.5,46.4,30.8,33.4,16.9,20.6,29.6,31.8,69.2,47.9,43.8,31.4,33.6,13.2,8.2,56.9,53.9,39.5,39.1,69.1,,,,2023,,,11,1.336325534,68.9,70.2
Sam Houston St.,104.5415712,92.98306133,0.7937084624,21–7,21,28,51,48.4,33.5,39,20,23.2,31,25.1,65.5,47.1,46.9,38.5,33.4,7.7,8.7,49.6,55.9,36.9,46.4,65.2,,,,2023,,,,0.3644151023,69.1,69.5
Iona,108.9069829,97.1011408,0.7891021346,27–7,27,34,51.8,45.9,29,31.2,15.3,20.9,32,30.5,68.8,50.8,47,36,29.2,14.8,6.5,53.4,50.6,32.1,34.5,69.4,,,,2023,,,13,-1.458764701,73.1,70.2
Florida,105.5458745,94.3314497,0.7844528915,16–16,16,32,49.8,45.9,35.1,29.8,15.7,17.6,23.5,30.5,69.8,50.9,45.4,31.9,31.4,12.5,8.5,49.1,44.9,36.7,30.5,70.2,,,,2023,,,,-2.733053077,71.7,70.4
Kent St.,106.220599,94.939942,0.7843410733,26–6,26,32,51.3,47.2,32,38.8,16.3,22.6,30.9,30.2,69.3,52.2,47.8,33.2,30.9,12.5,7.4,45,50.8,38.6,40.7,68.8,,,,2023,,,13,1.10302117,72.3,72.4
VCU,104.1310631,93.12379888,0.7832634125,27–7,27,34,52.2,47,41.8,30.5,19.5,24.1,29,29.8,68.4,52.3,46.2,34.7,32.3,12.7,9.7,53.1,51,32.8,34.1,68.8,,,,2023,,,12,1.12204965,69.7,70.3
College of Charleston,109.2493143,97.7988957,0.7813022813,30–3,30,33,51.5,47.9,32.7,24.7,16.7,19.3,35.1,25.5,70.8,52.9,49.1,33.3,30.3,7.8,10.9,49.1,44.8,47.4,32,71.9,,,,2023,,,12,1.781697179,74.3,68
Villanova,111.5437549,100.0563419,0.7772756451,17–16,17,33,52,50.8,30.7,27.5,15.6,17.2,22.6,25.3,64.9,52.9,51,34,33.7,5.2,11,47.1,59.8,48,41.5,64.3,,,,2023,,,,-2.416801501,82.1,78.2
Wisconsin,104.469807,93.74450721,0.7765611867,17–14,17,31,48.5,50.3,24.1,28,13.5,18.6,22.4,25.4,63,45.8,51.3,35,32.3,4.2,10.3,49,43.3,40.5,35.8,63.6,,,,2023,,,,-0.5440928929,67.1,68.6
Virginia Tech,112.4886372,101.0499696,0.7743827543,19–14,19,33,54.2,50.6,26.4,24.9,14.8,16.3,26.1,27.4,66.8,54.1,50.4,36.2,34.1,8.5,9.9,56.8,47.5,39.6,35.8,67.3,,,,2023,,,,-3.427019633,73.5,70.4
Oral Roberts,112.2490743,100.8506595,0.774065958,26–4,26,30,56.1,48.5,24.6,22,13.2,17.6,24.5,27.4,70.8,56.6,46.6,37,34.2,13.5,7.8,47.9,46.2,45.8,39.9,71.2,,,,2023,,,12,1.985607802,78.4,71.9
Utah Valley,105.3392141,94.95971281,0.7672646501,22–8,22,30,51.6,44.1,36.8,29.8,19.5,16.8,29,29.4,71.5,52.6,42.5,33,31.6,15.6,7.6,57.4,44.9,33.6,33.1,70.5,,,,2023,,,,-0.003902766241,73.9,68.8
Santa Clara,109.441589,99.00574588,0.7599582235,22–9,22,31,52.5,50.8,30.9,25.8,17.1,16.5,30.2,24.5,71.5,50.5,48.6,37.4,36.2,9.8,6.8,49.1,51,36.4,39,70.7,,,,2023,,,,0.5834469098,70.3,73
Vanderbilt,113.2911547,102.6307148,0.7570317085,20–14,20,34,50.1,49.2,32.3,31.7,16,15,31,31.7,67,49.2,50.4,34.2,31.4,11.6,7.8,46.6,50.1,42.2,36.9,67.3,,,,2023,,,,0.1277685271,71.2,69.6
BYU,106.4713191,96.52404447,0.7554622779,17–15,17,32,51.5,49.5,32.5,37.8,20.2,18.5,31.8,24.1,70.6,53.1,48.8,32.7,33.7,11.3,7.4,53.3,50.3,39.5,38.1,70.4,,,,2023,,,,-4.139872623,72.5,69.1
Pittsburgh,112.0612372,101.9011957,0.7489426104,22–11,22,33,53.2,49.2,32.4,30.6,16.4,16.7,30.4,28.2,68.1,52.7,48.6,36,33.4,11.5,10.1,54.5,52.9,44.1,39.8,68,,,,2023,,,11,-0.5099337149,76.1,71
Yale,107.1021916,97.4336747,0.7480111156,19–8,19,27,53.3,46.9,31.1,33.3,16.5,18.3,28,23.1,67.2,53.1,45.5,35.8,32.7,11.7,7.4,49.7,51.3,34.9,40.4,66.7,,,,2023,,,,-2.085101897,70.1,70.3
Marshall,109.2123006,99.42024833,0.7465480767,23–8,23,31,52.6,47.7,26.2,28,15.5,20.1,31.7,32.6,72.4,53.9,47.7,33.6,31.9,12.6,4,57,46.1,36.9,34,72.8,,,,2023,,,,-2.528872442,69.8,63.9
Bradley,104.9808244,95.75705247,0.7422276994,24–9,24,33,52.9,46.6,27,31.6,17.9,19.4,29.2,24,65.8,52.7,45.6,35.5,32.2,12,6.9,51.3,48.7,39.4,38.3,65.9,,,,2023,,,,-0.9069471293,66.5,74.5
Stanford,112.0025975,102.1973496,0.741463236,14–19,14,33,52.4,51.5,29.4,28.6,18.9,18.3,31.2,26.4,66.1,51.1,50.4,36.3,35.4,9.8,8.1,58.5,51.5,39.7,40.8,66.5,,,,2023,,,,-6.193796549,69.4,73.1
Wake Forest,110.8348603,101.254721,0.7387772944,19–14,19,33,54.2,51.6,32.1,26.7,17.1,17.3,24.8,26.6,70.1,54,51,36.4,35,7.4,11.9,50.6,46.2,45.4,38.6,70.3,,,,2023,,,,-3.293657693,74.6,71.9
St. John's,106.5223947,97.60300441,0.7321660447,18–15,18,33,49.4,50.2,27.7,29.6,18.7,19.7,34,27.6,73.8,49.3,49.2,33.1,34.5,10,6.9,51.5,57.5,27,39.4,74.2,,,,2023,,,,-2.892354006,69.9,72
UNLV,106.2613805,97.38853637,0.7315938449,18–13,18,31,49.2,52.4,35.5,31,17.5,24.7,27.9,31,69.2,47.9,50.9,34.1,36.1,11.9,8.7,49.4,57.8,40,44.5,70.3,,,,2023,,,,-2.62797077,72.9,73.5
Toledo,118.3303685,108.6373369,0.7276735295,26–7,26,33,56.6,52.4,35.1,27.5,13.8,18.3,29.9,31,70.7,54.8,51.9,39.9,35.5,7.2,8.8,48.1,47.2,35.6,37.8,70.3,,,,2023,,,,-0.9471171556,77.3,74.4
Wichita St.,106.0802377,97.40645067,0.7273042726,17–15,17,32,50.7,47.5,30.8,25.9,18.2,16.9,29.1,28.2,67.7,53.3,45.4,30.9,33.6,11.3,9.3,51.5,56.8,37.2,40.8,66.8,,,,2023,,,,-5.076288937,71.6,71.5
Indiana St.,108.9886762,100.2943125,0.7223307546,21–12,21,33,56.4,48.2,31.9,31.4,16.7,17.5,21.7,22.7,70.9,58.8,48.5,35.7,31.8,5.1,10.3,57.3,40.2,46.2,36.1,71.5,,,,2023,,,,-6.431476919,76.8,73.2
UC Irvine,106.4085143,98.16307429,0.716575527,21–11,21,32,52.3,45.7,30.1,36.6,17.6,17.5,26.9,26.2,69.4,50,44.4,38,32.1,5.7,8,52.6,50.3,32.3,35.2,70.1,,,,2023,,,,-4.141548297,72.8,73.3
Louisiana Lafayette,110.9118192,102.3176766,0.7165697763,23–7,23,30,53,50.6,37.7,33.8,17.5,18.1,33.8,26.4,68.7,52.2,49.2,36.6,35.9,7.3,8.2,50.8,42.5,31.7,29.9,69.2,,,,2023,,,13,-0.305542786,67.2,70.5
Hofstra,107.8110454,99.46182253,0.7164605123,23–9,23,32,55.2,46.2,21.4,25.2,15.7,18.5,23,31.3,67.4,55.2,46.1,36.8,30.9,11.1,8.6,49.2,50.9,39.2,36.6,68.1,,,,2023,,,,-2.277762849,74.1,69.8
San Francisco,108.1888954,100.3436869,0.703848511,19–14,19,33,53.6,49.9,32.2,38.1,19.6,17.6,28.5,26.5,70.4,52.6,49.4,36.4,33.8,6.6,8.6,48.9,45.2,49.2,34.9,69.5,,,,2023,,,,-3.169781044,74.6,76.8
Southern Miss,106.154686,98.70541393,0.6977722011,22–7,22,29,51.2,47.6,32.8,30.4,17.5,19.7,30.9,28.7,68.3,52.4,47.2,32.7,32.2,7.4,6.7,55.2,52.6,37.2,38.2,69.2,,,,2023,,,,-0.513949819,72.9,72
Furman,111.9327804,104.1496644,0.6961011507,24–7,24,31,55.6,50.6,34.7,31.8,15.8,18.4,29.6,27.1,68.8,59.1,51.2,34.4,33.1,8.3,8.2,58.5,43.2,46.4,35.2,69.2,,,,2023,,,13,-1.870205953,73.5,70.8
Montana St.,104.0850774,96.95097722,0.6935005947,23–9,23,32,50.9,49.4,44.4,35.5,17.6,20.1,25.7,25.5,67.1,52.4,48,32,34.8,8.7,5.5,49.6,39.1,33.3,34.2,67.1,,,,2023,,,14,-2.552785055,76.3,74
South Alabama,106.4229516,99.13862494,0.6932536211,17–16,17,33,52.8,46.6,22.3,28.3,14.6,16.1,20.9,28.4,66.3,53.4,47.9,34.5,29,10.2,8.2,41.7,41.2,37.5,28.7,66.3,,,,2023,,,,-7.64566324,69.2,71.9
Saint Louis,109.8711837,102.3549529,0.6931552476,20–12,20,32,52.1,48.3,29.1,32.7,17.3,15.3,29.7,26.5,69.8,51.8,46.6,35.2,34,10.7,8.5,58.5,53.2,32.5,38,69.9,,,,2023,,,,-2.999894837,72.5,72.1
San Jose St.,108.515133,101.321416,0.6875749256,19–13,19,32,50.4,48.7,27.4,28.9,18.8,13.2,34.4,24.3,62.9,51.2,46.8,32.8,34.7,12,8,49.4,51.9,41.3,35.5,63.3,,,,2023,,,,-1.294830189,67.3,77.7
Tulane,108.6262835,101.4514714,0.6869347211,20–11,20,31,52.4,50.4,35.4,29.6,15.1,19.3,19.3,30.5,74,53.4,48.2,33.8,35.7,11.4,12.4,56.3,62.5,38.1,42,73.7,,,,2023,,,,-1.700156122,77.7,69.9
Nebraska,104.4065196,97.7372638,0.6811596247,16–16,16,32,51.7,49.9,28.2,21.9,18.6,17.7,24.7,28.3,67.3,53.4,49,32.6,34.1,7.2,12.1,51,59.4,36.7,43.6,67.6,,,,2023,,,,-2.144135138,64.1,69.4
Vermont,107.9928897,101.2772514,0.6766329807,22–10,22,32,54.9,50.7,28.4,26.9,14.2,16.8,19.3,22.5,65.5,55.5,50,36.2,34.6,8.3,8.5,52.1,44.8,43.3,36.1,65.4,,,,2023,,,15,-3.654457182,70.3,72.4
Colorado St.,110.241376,103.4848665,0.6742211521,14–18,14,32,54.8,52.2,29.8,29.6,16.7,17.9,19.6,27.1,66.2,55.8,51,35.5,35.8,7.6,9.9,61.5,50.6,38.4,43.1,67,,,,2023,,,,-5.990577344,74.2,74.4
Temple,106.5042469,99.97965286,0.6741485582,16–16,16,32,49.7,48.7,34.6,31.5,19.8,16.5,28.7,29,67.1,49.9,47.9,33,33.6,10.3,9.3,58.4,51.7,43.6,33.7,66.8,,,,2023,,,,-5.300752827,75.7,69.9
James Madison,104.6745375,98.77663307,0.6608177436,19–11,19,30,51.5,49.4,38.9,31.8,18.6,21.4,31.3,27.6,71.8,51.4,50.7,34.5,31.5,6.8,8.6,46.1,47,37,37.3,71.2,,,,2023,,,,-4.419049461,70.1,67.6
Mississippi,105.2036638,99.37126008,0.6583398311,12–21,12,33,47.5,49.5,29.2,30.3,18.3,18,33.3,29.9,66.6,48.6,48.9,30.3,33.8,10,7.3,52.9,55.9,34.7,34.4,66.8,,,,2023,,,,-8.105664048,69.5,74.5
Princeton,107.5287887,101.6445821,0.6563743187,19–8,19,27,52.5,48,32.2,29.3,16.9,14.5,28.4,22.8,68.3,53.5,47.2,34,33.1,8.2,9.8,47.9,43.3,40.7,32.6,68.2,,,,2023,,,15,-3.116839866,71.3,68.9
Duquesne,107.3517208,101.487032,0.6561230744,20–12,20,32,51,50.2,26.6,35.1,17.2,20.9,33.4,33.2,69.4,48.6,48.8,36.5,35.3,10.2,8.3,55.9,52.9,39.7,33.9,68.8,,,,2023,,,,-5.747152839,68.8,69.3
Washington,103.3389092,97.86406453,0.6515813111,16–16,16,32,48.8,47.1,31.7,25.4,19.9,18.4,26.4,34.6,69.2,50,48.6,31.3,29.7,13.1,9.9,46.7,60.1,36.6,37,69.9,,,,2023,,,,-3.697107129,74.9,70.7
Colgate,111.7691409,105.8669594,0.6511053437,25–8,25,33,58.6,51.9,27.6,20.3,14.9,17.6,24.9,24.1,68,57.1,51.5,40.9,34.9,7.7,8.3,61.5,53.7,34.8,36.9,68.5,,,,2023,,,15,-3.510893546,66.2,68.6
UNC Greensboro,101.6048922,96.30396036,0.6493528462,18–12,18,30,50.6,47.8,32.4,31.4,17.8,19.3,29.2,26.5,66.7,49.3,46.8,35.1,32.8,7.4,7,55.8,47.5,39.1,41.2,66.6,,,,2023,,,,-5.976543218,71.4,67.7
Akron,107.0736717,101.5038685,0.6489284412,20–11,20,31,51.9,49.7,33.7,28,16.6,17.8,29.8,26.5,67,51.5,48.1,35,35,7.1,9.4,51.2,46.5,43.9,35.3,66,,,,2023,,,,-4.545473288,75.5,74.5
Grand Canyon,109.8080545,104.4536404,0.6398910355,21–11,21,32,52.9,47.2,37.8,33.2,18.4,15,30.5,30.3,65.9,50.5,46.8,37.6,32,8,8.1,47.1,43.1,40.8,32.8,65.7,,,,2023,,,14,-3.479938285,71.5,70
Loyola Marymount,107.1874683,102.2101159,0.6333951491,18–12,18,30,53.1,51.8,31.6,34.9,18.3,16.2,30.2,24.6,69,51.9,52,36.5,34.3,7.3,8.6,42.3,45.3,43.1,33.1,68,,,,2023,,,,-2.418882486,67,73
UC Santa Barbara,108.8639615,103.8766145,0.6316484804,25–7,25,32,54.2,49.8,34.9,29.2,16.8,18.7,26.6,26.1,65.2,54.8,48.9,35.1,34.5,6.6,6.1,52.9,48.5,29.1,31.1,65.4,,,,2023,,,14,-1.12997032,73.7,75.2
Charlotte,106.0866244,101.2540332,0.6309208903,18–14,18,32,54.8,50.2,24.3,25.4,17.3,17.6,22.9,23.8,61.4,53.6,49,37.6,34.7,7.9,9.3,52.4,42.2,40.6,38.5,61.2,,,,2023,,,,-6.811673193,74.4,73.4
Southern Utah,108.3373133,103.4638479,0.6293232884,18–12,18,30,51.7,52.5,41.3,32.9,18.6,18,28,25.4,72.5,51.5,51.2,34.7,36.6,8.7,9.3,43.3,49.8,37.7,35.8,72.4,,,,2023,,,,-3.62411132,73.4,72
Kennesaw St.,105.0818869,100.5038243,0.625335567,23–8,23,31,52.9,51.2,36.5,36.2,17.9,19.6,27.5,25.8,69.2,51.3,50.5,37.1,34.8,7.8,8.4,54.2,47,37.9,39.3,69.3,,,,2023,,,14,-1.200045424,66.3,69.2
Cal St. Fullerton,102.7725626,98.35219374,0.6237699912,18–13,18,31,49.4,48.6,38.7,33.4,17.4,20.5,25.9,29.4,65.2,46.5,49.2,36.2,31.7,7.5,8.7,43,49.7,37.5,39.1,65.5,,,,2023,,,,-5.671848929,69.5,70.8
Butler,100.445038,96.17290059,0.6224182843,14–18,14,32,49.5,50.1,25.9,22.6,17.6,18.6,20,30.3,67.2,49.7,51,32.7,32.1,11,9.3,52.3,52.5,35.8,33.2,66.4,,,,2023,,,,-4.676354958,74,70.3
Belmont,109.231899,104.9871499,0.6120184208,20–11,20,31,55.3,51.1,24.3,29.3,16.8,17.7,25.4,30,69.1,53.2,49.8,38.9,35.6,7.8,10.2,54.2,49,41.5,33.5,69.2,,,,2023,,,,-4.631662535,72.5,66.4
UMass Lowell,106.2946473,102.5049245,0.6028841516,24–8,24,32,53.5,47,33.8,33.9,20,19.7,35.7,27,69.3,52.2,44.9,37.7,34.2,12.6,7.8,51.3,46.3,31,32.6,69.4,,,,2023,,,,-4.058096684,74,72.9
Tarleton St.,103.0546547,99.55549538,0.5980288831,13–16,13,29,47.5,53.1,48,47.1,18.2,24,25.7,30,67.8,46.6,52,33.5,36.3,9.2,9.4,48.9,56.7,24.7,43,67.3,,,,2023,,,,-7.514968367,70.5,73.1
Penn,108.3214157,104.6584193,0.5976327693,16–13,16,29,53.3,49.3,29.5,31.2,18.9,14.9,30.1,27.9,67.8,52.7,49.1,36.2,33,9.5,8.4,54,51.4,38.3,43.8,67.6,,,,2023,,,,-6.066507835,74.1,68.4
Middle Tennessee,104.4069235,100.9236062,0.5963355496,17–14,17,31,51.2,51.6,29.4,34.6,19.3,21.8,31.9,29.2,66.9,51,50.2,34.3,36.2,13.9,8.4,41.4,45.8,35.5,34,67.6,,,,2023,,,,-5.60733756,68.5,75.7
Hawaii,100.1880874,97.06451486,0.5900675172,21–11,21,32,48.6,44.5,33.6,27.2,18.6,16.4,29.6,26.5,64.9,48.2,44.5,32.8,29.5,8.9,9.3,46.9,32.9,37.1,26.1,65.3,,,,2023,,,,-5.378354036,74.6,74.3
Air Force,105.0593964,101.8147116,0.5892266996,14–18,14,32,54.2,49.3,31.2,35.2,19,17.1,22.3,28.6,63.6,54.8,51.9,35.6,29.3,10.9,11,64.8,42.3,44.8,32.9,63.8,,,,2023,,,,-8.644204244,72.2,74.8
Fresno St.,101.9062483,98.78369444,0.5885290981,10–20,10,30,49.3,51.2,24.3,32.1,18.1,19.7,24.9,28.2,63.9,51.1,48.3,31.1,37.3,10.2,9.8,53.2,52.8,40.7,37.6,64.8,,,,2023,,,,-9.508879835,77.7,76
Towson,106.6009096,103.4472024,0.5854902088,21–12,21,33,51.1,48.6,29.8,29.5,18.4,17.7,35.7,26.7,65.7,49,47.7,36.7,33.2,10.2,7.4,53.6,50.6,34.5,39.9,65.4,,,,2023,,,,-5.841627088,70.8,75
Syracuse,107.6209943,104.6353032,0.5801890537,17–15,17,32,51.6,51.2,30.7,21.7,17,18.7,30,33.6,68.3,50.5,50.9,36.1,34.4,15.6,6.6,52.5,72.5,29.2,48.3,68,,,,2023,,,,-5.862360826,74.9,70.2
Davidson,105.630988,102.9913515,0.5722477115,15–16,15,31,50.1,50.8,32.8,26.7,16.2,17.3,24.9,27.8,65.8,51.3,51.5,31.9,33,3.6,11,53.1,49.2,36.6,36.8,66,,,,2023,,,,-8.200953304,75,70.5
Eastern Washington,108.3384915,105.6450866,0.5718775404,21–10,21,31,56.5,49.9,32.1,29.6,19.9,15.9,28.1,25.9,68.6,58.8,50.7,35.7,32.5,8.7,6.1,55.7,49.4,43.9,43.6,69.2,,,,2023,,,,-3.909996961,75.3,75.7
Southern Illinois,99.13616515,96.68095458,0.5716033123,22–10,22,32,51.7,47.6,30.6,29.8,19.3,19.6,22.8,27.3,64.7,54.6,46.7,32.2,33,6.1,10.7,59.2,48.8,46.6,34.1,64.5,,,,2023,,,,-3.001026741,72.2,64.9
Stephen F. Austin,103.5560118,100.9939207,0.5715313275,16–13,16,29,51.5,51.4,38.9,41.8,21.3,23.8,31.6,32.2,70.4,49.2,51.7,38,34,7.6,8.5,53.1,59.2,28.7,36.7,69.9,,,,2023,,,,-6.816290597,71.8,70.2
Utah Tech,106.7605995,104.1835287,0.5697916912,11–19,11,30,53.2,53.8,44.8,35,21.4,20,28.7,26.8,70.3,50.9,53.3,37.6,36.5,5.8,10.1,51.2,53.1,41.7,36.6,69.4,,,,2023,,,,-10.78005912,70.3,73.4
LSU,104.7435239,102.2159055,0.5697706597,14–19,14,33,47.3,51.8,33.7,30.3,18.4,17.5,31.7,28.8,66.7,46.2,52.1,32.7,34.3,8.1,10.4,52.9,52,38.9,41.6,66.6,,,,2023,,,,-6.820840617,72.2,72.2
South Florida,104.5828523,102.154547,0.5671338631,14–18,14,32,50.8,49.8,30.7,37.1,19.6,18.7,33,27.8,69.6,51,48.2,33.6,34.9,8.8,8.1,50.8,54.9,37.1,38.6,69,,,,2023,,,,-8.98743317,65.1,72.9
Georgia,102.9740321,100.6222657,0.5660339358,16–16,16,32,47.1,49.8,40.5,28.9,19.3,16.8,30.5,30.5,68.2,46.8,51,31.7,31.9,6.9,10.6,49.2,55.8,38.2,36.7,68.4,,,,2023,,,,-5.302819203,72.7,69.3
Samford,107.2307541,104.8333099,0.5646443003,18–10,18,28,53.6,51.9,41,37.6,17.9,19.8,28.2,27,68.6,52.6,49,36.5,37,8.5,7.6,45.1,57.6,45.6,44.4,68.7,,,,2023,,,,-4.890888978,75.1,70.8
Missouri St.,103.1575959,100.9425531,0.562083577,16–15,16,31,50.1,49.3,27.2,30.4,19.1,18.6,33.2,26.9,62.8,50.9,49.5,32.8,32.6,13.5,9.6,48.6,48.6,43.1,39.1,62.8,,,,2023,,,,-7.629751495,62.6,72.1
Ohio,108.1982775,106.1249809,0.5553970891,18–14,18,32,52.4,51.6,27.5,33.9,16.2,17.6,32.8,28.9,69.6,50.1,51.9,37.3,34.1,5.7,8.6,42.9,46.7,38.5,39,68.9,,,,2023,,,,-7.368102994,73.7,68.7
Wyoming,106.379784,104.4363551,0.5528107211,8–22,8,30,51.6,53.4,33.4,28.9,18.2,16.4,24.2,25.3,65.9,51.3,52.6,34.7,36.4,7.3,10.5,46.1,49.2,45.5,39.4,66.4,,,,2023,,,,-10.88976999,71.3,78.9
Troy,102.203759,100.3887094,0.5513347752,17–13,17,30,49.4,48.6,32.5,34.6,18.7,21.1,30.3,30.1,68,51.2,48.4,31.2,32.7,6.6,8.6,52.1,46.1,40.9,35.8,68.5,,,,2023,,,,-5.881109071,71,75.6
Notre Dame,107.7514615,105.9666155,0.5478745765,11–21,11,32,52,52.1,23.3,26.5,13.4,13.6,19.6,26.5,65.4,50.6,52.4,35.8,34.3,7.3,9.9,46.8,50.7,43,36.1,65.5,,,,2023,,,,-11.79011474,76.3,74.5
Long Beach St.,104.2752564,102.5682627,0.5473114749,15–16,15,31,48.4,49.8,34.4,30,18.7,18.2,34.6,28,72,49.4,48.8,30.2,34.2,9.1,6.9,51,55.1,23.6,39.7,73.8,,,,2023,,,,-8.47466239,67.8,73.2
Portland,108.4215406,106.7336143,0.5449885867,12–19,12,31,53.8,54.5,43.3,27.7,18,16.9,24.1,30.2,70.9,51.8,53.2,37.4,37.4,6.3,6,57.1,49.3,45.4,43.8,70,,,,2023,,,,-8.931138083,74.5,67.9
Seattle,99.9868114,98.58791586,0.5404191925,18–12,18,30,46.3,48.8,32.4,33.3,16.9,17.8,29.9,26.6,70.1,46.4,49,30.9,32.3,8.4,10.5,48.1,51.8,44.7,34.7,69.7,,,,2023,,,,-4.680880516,71.4,70.8
Cornell,110.0113793,108.5512649,0.5383382214,15–11,15,26,54.8,55.7,28.5,30.9,16.7,21.9,28.8,29,72.1,57.5,56.6,34.5,36.2,6.1,9.7,57.8,58.8,47.9,39.8,71.8,,,,2023,,,,-5.475584986,71.6,71.8
Georgia Tech,102.713798,101.3895352,0.5372385786,13–18,13,31,48.5,50.1,23.5,30.8,15.6,15.9,27.5,29.9,67.4,47.4,52,33.4,31,10.6,9.7,54,56.7,38.9,35.2,67.3,,,,2023,,,,-8.317412557,69.5,71.6
DePaul,105.2057098,103.9039268,0.5357352577,10–23,10,33,49.7,51.6,27.6,35.7,18.2,17.7,25.8,34.1,69.8,46.3,51.1,36.8,35,12,9,54.5,51.9,37.8,34.7,69.5,,,,2023,,,,-8.96427227,73.9,71.1
Youngstown St.,110.069092,108.8512897,0.531942659,22–9,22,31,55.1,51.7,29.6,26.4,15.7,18,30.8,28.6,68.8,55.2,51.7,36.5,34.5,6.8,6,50,48.5,34.6,33.8,68.9,,,,2023,,,,-5.226005943,77.8,70.6
Eastern Kentucky,101.9879225,100.8895403,0.531090742,17–13,17,30,47.6,49.5,24.8,25.7,17.2,18.4,33.3,30.1,70.4,47.8,48.5,31.5,34.1,13.3,7.1,49.9,54.7,36.4,40,70.9,,,,2023,,,,-6.177529777,65.1,73.7
Appalachian St.,100.1738265,99.14247562,0.5297182432,13–16,13,29,48.7,47.9,29.3,24.8,16.3,17.1,24.5,28.8,65.6,48.3,46.5,32.9,33.4,12.3,7.2,49.1,50.8,38.3,38.3,65.8,,,,2023,,,,-9.945078553,65.1,72.7
UNC Wilmington,101.0360869,100.0485377,0.5282091382,22–10,22,32,48.9,49.2,39.7,37.6,18.6,20.7,27.8,28,65.2,48.3,51.2,33.3,30.5,7.5,8.3,43.9,39.8,34,36.4,66,,,,2023,,,,-2.859794524,74,70.4
Richmond,101.3793032,100.4769927,0.5256804194,15–18,15,33,51.2,49.6,33,26.2,17.1,17.1,21,25.4,66.4,52.4,49.7,33,32.9,6.8,9.4,51.1,49.8,44.1,40.3,66.1,,,,2023,,,,-10.4558659,74.5,72.6
Cal Baptist,101.5816935,100.7380442,0.5239585946,15–16,15,31,49,47.6,31.6,29.3,18.1,16,28.9,26.1,65.6,49.2,49,32.5,29.7,7.8,8.5,55.5,46,43.5,32.6,64.8,,,,2023,,,,-9.60219499,65.8,72.6
George Mason,100.5350976,99.76049114,0.5222225312,20–13,20,33,51.9,47.9,37.1,33,20.2,16.9,27.9,24.8,67.6,51.5,49.4,35,30.1,8.4,8.8,56.5,45.4,38.7,35.1,67.1,,,,2023,,,,-5.792195547,65,68.9
Montana,107.0112895,106.2407387,0.5207648087,16–14,16,30,53.8,51.2,29.1,37.9,17.3,15.9,24.4,25.1,64,52.4,52.5,37.3,32.5,7.2,7.1,49.5,45.6,39.8,35,64.4,,,,2023,,,,-7.613111198,78.9,77.3
SMU,102.0349875,101.3089657,0.5205184279,10–22,10,32,47.4,51.8,33,32.8,18,18.7,28.1,30.5,70.6,47.8,51.4,31.1,34.9,9,11.9,53.8,57.3,33.7,37.1,70.2,,,,2023,,,,-10.09407992,67.4,70.9
Fordham,100.6499298,99.9457261,0.5201748621,25–8,25,33,48.6,47,37.6,37.4,19.1,19.3,29.9,25.2,69.9,49.1,46.5,31.8,32,12.5,9,52.4,48.7,41.7,30.6,70.3,,,,2023,,,,-1.800718686,74.1,73.2
UC Riverside,104.8118325,104.1201309,0.5190271408,21–12,21,33,50.5,51.3,26.2,38,18,17.2,31.8,22.9,67.3,48.8,51.5,35.6,34,4.7,8.4,49.2,45.3,37.7,29.2,67.6,,,,2023,,,,-4.284227767,69.6,72.1
UC Davis,102.6518092,102.0671379,0.5164159738,16–14,16,30,49.8,50.7,42.8,31.5,20.6,20.8,32.2,28.6,70.5,49.6,48.9,33.5,36.7,6.5,9.5,47.8,45.2,35,30.4,71.3,,,,2023,,,,-8.104592011,71,70.4
Ball St.,106.6465302,106.0878339,0.5150964565,18–12,18,30,53,51,42.3,31.3,17.8,16.7,30.5,28.4,68.2,51.7,47.7,36.9,38.4,9.1,7.4,49.4,37.4,36.8,33.2,68,,,,2023,,,,-6.294228857,68.8,73.1
Chattanooga,107.2815321,106.9220016,0.509649914,15–17,15,32,54,50.9,32,30.2,17.5,15.3,27.3,26.7,68.7,51.8,50.6,37.3,34.2,9.3,9.2,58.1,44.4,52,42.8,68.9,,,,2023,,,,-11.04027225,71.6,76.7
Pacific,106.1887576,105.8983753,0.5078720528,14–17,14,31,52.6,54,33.1,36.4,16.2,17.9,22.9,31.2,71,49.6,55.1,38.3,34.9,7.3,8.6,47.1,49,38.8,40.6,70.5,,,,2023,,,,-8.792556864,72.7,67.2
Cleveland St.,103.0567863,102.8106246,0.506875011,20–12,20,32,49.5,48.2,30,30.7,17.4,20.5,35.2,35,66.6,50.7,48.8,30.8,31.5,9.5,9,48.3,50.5,26.6,37.6,66.4,,,,2023,,,,-7.121915515,68.5,73.5
Longwood,102.5623451,102.3800375,0.5051147683,18–12,18,30,50.2,51.2,33.6,33.5,17.8,21.5,32.1,26.9,66.7,49.5,50.5,34.3,34.7,7.1,9.6,48.3,53.2,37.2,41.9,66.7,,,,2023,,,,-7.626999617,71.6,72.6
Brown,98.76801846,98.64359004,0.5036241586,14–13,14,27,50.7,51.2,29.8,26.9,19,19.7,23.4,23.7,69.9,49.8,50.4,34.7,35,9,8.8,54.5,47,39.9,37.1,70.1,,,,2023,,,,-7.237233606,64.2,71
Northern Kentucky,101.2129628,101.1888414,0.500685261,20–12,20,32,49.8,51.3,27.4,30.8,17.5,23.2,31.3,32.8,63.1,47.7,48.9,35.2,36.7,8.2,7.3,54.7,60.3,40.7,38.9,62.6,,,,2023,,,16,-6.514693791,70.4,70.2
Radford,103.1290531,103.2070521,0.4978264058,17–14,17,31,51.5,52.6,28.8,32.3,18.4,20.3,30.7,27.9,65.2,50.5,53.5,35.7,34,8.5,7.6,46.1,47.7,32.7,37.4,65.3,,,,2023,,,,-8.370840632,68.7,66.9
Stetson,111.2801012,111.4219913,0.4963365677,15–13,15,28,54.1,53.3,25.5,29.5,15.8,14.5,28.7,28.3,64.9,51.1,52.7,38.6,36.2,8.2,7.3,49.3,51.7,43.9,37.3,65.2,,,,2023,,,,-6.853103308,77,73.8
Lipscomb,102.6058159,102.9296241,0.4909422191,17–13,17,30,53.7,50.2,23.6,23.3,17.3,15.6,25,24.6,69.2,53.5,49.4,36,34.3,7,7.6,48.7,40.8,37.8,39,70,,,,2023,,,,-7.202247006,76.3,75.3
Grambling St.,98.07367988,98.3940456,0.490624981,22–9,22,31,50,44.6,41.5,41.1,21.2,21,31.5,31.6,67.4,48.8,43.2,35.5,31.2,12.2,7.8,50.2,53,27.4,38.2,66.8,,,,2023,,,,-4.530032671,63.8,66.2
Louisiana Tech,103.6204022,104.0817718,0.4872302624,12–18,12,30,50.9,54,28.4,38.5,19.9,21.3,30.1,28.1,67,50.3,51.1,34.5,38.5,8.7,10.8,46.2,59.8,41.1,42.9,67.3,,,,2023,,,,-9.744867329,71.8,69.5
Boston College,100.8253557,101.307945,0.4862754085,16–17,16,33,48.7,51.5,27.3,27.6,18.3,18.3,27.6,28.3,66.8,49.2,49.1,31.9,36.8,10.4,8.5,50.4,49,31.5,39.5,67.3,,,,2023,,,,-6.818239413,72.5,72.6
Quinnipiac,102.8495611,103.4290433,0.4838525524,19–12,19,31,49.9,48.1,33,27.1,18.1,16.5,32.2,27.6,69.2,47.4,48.5,36.1,31.6,6.6,10.9,50,48.2,37.8,36.8,70.5,,,,2023,,,,-7.295888547,66.5,70.1
Harvard,98.35957895,98.96358557,0.4824064495,12–14,12,26,49.5,48.8,31.2,25,19.8,18.4,30.3,24.3,67.8,52.1,50,30,31.2,11.3,8.8,52.3,47.3,36.7,39,66.8,,,,2023,,,,-8.420283623,68,75.1
Saint Joseph's,102.7075166,103.5179077,0.4774198402,16–17,16,33,50.2,50.5,34.2,32.8,18.2,18.9,28.9,30.7,69.4,50.9,50.1,32.9,34.1,9.6,11.6,48.8,58.9,45.9,42.1,70,,,,2023,,,,-9.73463015,70.3,70.6
UTEP,97.64775444,98.47892985,0.4756509075,12–18,12,30,48.6,51.1,38.8,37.3,22.9,22.9,33.3,29.7,67.5,50.7,51.8,29.1,33.2,7.6,9.1,47,43.4,29.9,37.4,67.5,,,,2023,,,,-10.41958611,62.8,72.3
North Carolina Central,99.63207454,100.5057021,0.4749214001,14–12,14,26,50.9,48.9,34.2,35.5,22.6,21.6,32.3,29.6,69,50.1,49.9,35,31.3,8.5,11.9,51.1,54.5,34.7,36,68.5,,,,2023,,,,-7.348886263,71.1,69.1
Pepperdine,103.3248246,104.3053611,0.4728720063,7–22,7,29,52,52.5,26.8,32.6,18.3,16.6,25.9,30.5,73.7,51.6,51.6,35.1,36.2,8.9,5.3,50.2,46.9,36,33.5,72.9,,,,2023,,,,-12.47313636,71.5,70.1
St. Bonaventure,99.7595338,100.7343165,0.472072904,14–18,14,32,49.2,48.6,29.5,40.9,18.8,19.4,27.5,29.2,66.7,47.5,52.1,34.8,28.7,10.4,7.6,49.4,56.3,36.2,39.4,66.4,,,,2023,,,,-11.56173243,70.3,71.6
Buffalo,102.7063884,103.7238403,0.4716895199,13–17,13,30,49.5,52.5,32.1,36.4,19.2,18.3,32.2,29.1,73.5,50.9,52.3,31.2,35.3,7.9,8.5,50.4,52,34,35.4,73,,,,2023,,,,-9.150433516,70.5,70.9
Drexel,99.4826791,100.5885122,0.4682610197,16–15,16,31,49.4,47.4,30.1,24.2,17.9,18,29.4,27.4,63.8,50.6,46.2,31.8,33.5,8,8.2,48.4,46.8,40.3,28.4,64.2,,,,2023,,,,-10.19689572,68.1,71.1
UNC Asheville,101.1979875,102.4467072,0.4647997187,25–7,25,32,53.9,48,41.3,26.8,20,17.9,25.8,28.7,68.6,51.4,49.1,38.8,30.5,10.2,11.2,50.1,45.2,37.2,34,69.2,,,,2023,,,15,-1.725260428,69.3,71.8
St. Thomas,106.4970065,107.9572637,0.460926457,17–14,17,31,51.8,51.9,30.7,31,15.1,17.3,24,28.8,66.6,51.2,52.6,35.1,33.7,6.2,11.7,49.8,45.2,44.9,35.6,66.8,,,,2023,,,,-8.371869974,78.3,74.8
Texas A&M Corpus Chris,104.5244992,105.9706438,0.4605777001,19–10,19,29,51.2,52.4,34.4,38.6,18,20.9,32.5,27.9,70.7,49,54.1,36.9,33.3,4.5,8.6,55.8,55.8,34.9,41.1,69.9,,,,2023,,,16,-5.885868673,80,69.1
Western Kentucky,102.554221,103.9768875,0.4604737868,15–16,15,31,49.6,50.7,32.3,25.6,17.1,18,25.9,31,68,48.5,48,34.4,36.2,14.3,6.4,48.8,51.7,36.2,42.1,68.1,,,,2023,,,,-8.23277542,70.8,69.5
George Washington,108.3279609,109.9722779,0.4567960927,15–16,15,31,53,52,34.5,27.7,17.6,15.5,26.5,29.7,69.5,56,51.7,32.1,34.9,8.7,6.9,46.5,50.9,38,39.7,69.6,,,,2023,,,,-10.06140635,74.6,70.6
Old Dominion,101.1784984,102.7273135,0.4564344192,18–12,18,30,46.4,48.3,36.2,34.7,17.1,17.7,32.8,29,65.5,46.1,48.8,31.5,31.7,11.5,9.9,44.3,56.6,29.8,42.4,65.7,,,,2023,,,,-5.685160087,68,66.9
Texas St.,102.9580752,104.5917245,0.4548633421,14–18,14,32,48.2,50.9,32.5,41.7,17.9,18.6,31.6,28.5,64.1,48.6,49,31.4,36.4,10.4,8.1,40.2,47.3,25.5,33.2,64.3,,,,2023,,,,-10.800832,72.4,70.5
East Carolina,100.9644989,102.6163807,0.4534776793,16–17,16,33,47.1,49.2,37.1,33.1,19.2,17.4,33,28.9,68.6,46.9,49.2,31.6,32.9,7,10.3,56.3,49.9,41.6,34.5,68.2,,,,2023,,,,-7.656675772,68.8,71.5
Georgia Southern,98.95249483,100.6917869,0.4500719384,14–16,14,30,48.2,49.5,27.9,34.6,16.3,18.3,25.8,27.3,67.1,48.4,49.4,31.8,33.2,7.1,7.5,40.1,48.1,33.9,36.7,67.3,,,,2023,,,,-9.761565848,70,70.6
Florida Gulf Coast,103.1818644,105.0088492,0.4497100004,16–15,16,31,51.2,50.7,28.2,28.1,17.1,17.3,26.6,28.8,66.3,50.1,51.1,35.1,33.4,9.4,9.4,50.7,51.2,44.9,41.2,67,,,,2023,,,,-8.540656035,73.7,69.4
South Dakota St.,101.699627,103.6082495,0.4467469486,18–13,18,31,51.7,50.9,28.1,23.1,17.1,17.3,21.5,26,67.7,51.2,51.7,35.1,33.2,8.3,9.2,41.8,48.9,38.2,40.3,67.5,,,,2023,,,,-6.075406244,79.5,76.1
Wright St.,102.4463901,104.4579099,0.4443286285,16–15,16,31,53.5,50.3,24,27.6,17.3,17.2,26.2,26.6,71.9,53.9,51.2,35.1,32.6,7.4,6.4,48.1,41.1,28.2,37.8,72,,,,2023,,,,-10.81635663,74.5,67.5
Abilene Christian,103.4510271,105.6133013,0.4408066678,9–17,9,26,49.2,56.5,32.3,45.6,17.3,23.3,25.5,28.6,69.9,48.1,56.2,34.3,38.1,5.7,8.3,58.1,52.5,33.4,33.6,69.9,,,,2023,,,,-10.03706306,72.9,71.1
Gardner Webb,97.5473388,99.64476245,0.4391413562,13–16,13,29,50.7,49.1,34.8,39.6,19.5,20.3,28.5,25.1,66.6,51.5,47.4,32.8,34.7,13.8,8.2,47.2,48.6,33.6,37.7,66.9,,,,2023,,,,-11.20072441,62.5,71.6
Navy,101.5182206,103.8525336,0.435010496,17–13,17,30,51.5,50.4,23.7,30,17.3,19.5,29.9,28,64.7,49.3,49.8,36.9,34.2,7.9,8.6,56.2,54.3,36.1,37.9,65.2,,,,2023,,,,-8.539780946,70.6,65.2
Florida St.,103.2377164,105.8221467,0.4293890993,9–23,9,32,49.3,53.1,30.4,30.9,17.6,17.1,25.9,31.5,69,49.2,50.8,33,37.6,11.3,7.5,53.6,55.4,34.5,41.1,69.5,,,,2023,,,,-12.08122722,72.6,75.6
Weber St.,98.10389986,100.5699254,0.4291057451,16–15,16,31,50.8,52.8,33.7,31.7,19.2,19.3,21,22.4,65.5,51.8,51.1,32.8,36.8,4.4,9.4,44.8,58.5,37.4,41,65.8,,,,2023,,,,-8.144149275,76.2,70.5
Massachusetts,99.14623494,101.7288968,0.4266020229,15–16,15,31,46.4,50.2,32.2,32.4,20.2,19.2,34.5,27.9,70.7,45.2,50.5,32.8,33.1,11.2,8.2,54.6,59.2,29.7,40.7,71.4,,,,2023,,,,-9.156054757,71.6,71.3
New Mexico St.,103.2234874,105.9312192,0.4261011773,6–15,6,21,50.2,53.7,34.7,37,18.3,19.1,27,26.5,70.6,48.8,52.5,35.1,36.8,7.3,7.6,44.7,49.4,36.4,45.5,69.8,,,,2023,,,,-8.682392985,68.3,72.2
Georgetown,103.0136497,105.7712538,0.4246291234,7–25,7,32,47.1,53.6,29.1,24.5,17.5,15.9,28.9,30,69.6,47.5,50.5,30.9,38.9,12.1,7.2,46.5,60.1,31,39.6,69.5,,,,2023,,,,-12.70591375,71.8,72.8
Northern Iowa,101.5744289,104.3872626,0.4221064386,13–18,13,31,51.3,53.8,31.1,26.5,17.7,18.2,22.6,22.4,67.5,51.7,53.6,33.7,36,4.6,7.1,46.1,51.9,38.8,47,68.1,,,,2023,,,,-11.34709984,69.9,72.9
San Diego,108.627461,111.8320352,0.4171828363,9–20,9,29,51.1,58.2,30.9,33.4,16,17.3,27.9,29.7,70.3,50.4,55.9,34.8,41,4.9,7.8,45.3,60.4,36.4,41.7,69.4,,,,2023,,,,-11.76908841,76.8,67.1
Queens,105.4678757,108.6071095,0.4164654167,15–15,15,30,51.2,53,35.9,25.4,17.6,15.7,29.7,26.1,70.5,50.5,53,34.8,35.3,5.9,12.6,50.9,48.3,44.1,36.5,70.6,,,,2023,,,,-9.321223786,72.2,71.8
FIU,101.1075226,104.2496383,0.41291099,12–18,12,30,52.1,52.1,28.7,30.6,20.6,22.8,25.5,36.7,70.6,53.8,50.4,32.8,36.5,11.1,9.2,44.6,53.8,35.7,39.8,70.7,,,,2023,,,,-10.90304417,72.3,74.7
Siena,100.3142262,103.4595851,0.4121594051,17–15,17,32,49.3,49.6,34.5,33,19.5,18.5,30.5,26.8,66.6,47.8,49.4,34.9,33.5,10.6,8.7,53.4,43,34.5,28,67.6,,,,2023,,,,-10.37820913,73.6,68.6
Minnesota,100.427933,103.6285677,0.410769421,9–22,9,31,49,50.5,30.8,24.8,19.6,14.8,25,30.8,65.4,49.2,49.1,32.5,35.9,9.7,10.3,63.1,51.9,35.5,31.3,66.4,,,,2023,,,,-9.836218813,61.9,70.7
Bryant,102.9228533,106.2127502,0.4105139452,15–13,15,28,52,50,32.9,31.9,18.7,15.8,29,25.2,72.1,53.4,49.3,33.3,34.1,8.9,8.6,46.2,54.9,39.1,39,72.8,,,,2023,,,,-7.773719265,73.5,70.5
Murray St.,104.1942374,107.6910628,0.4062203855,16–15,16,31,49,51.9,33.2,24.4,16.2,15.6,27.4,27.3,66.9,49.1,53.2,32.6,33.4,7.2,7.5,48.1,52.9,32.7,42,67.4,,,,2023,,,,-7.681868434,74.1,72.4
Oregon St.,97.74266561,101.3390994,0.3975838286,10–21,10,31,46.5,49.6,33.9,33.9,20.8,18.2,25.3,30.6,64.7,45.7,49.1,31.9,33.7,8.8,10.2,46.7,58.1,37,38.8,64.3,,,,2023,,,,-9.32977592,75.4,71.6
La Salle,102.0317376,105.8211802,0.3966680203,15–19,15,34,48.5,51,28.3,31.6,18.1,17.9,30.5,30.5,68.5,46.9,50.6,34.2,34.5,8.5,11.6,47.3,50.7,35.6,34.9,68.5,,,,2023,,,,-11.43051999,69.3,68.6
Jacksonville,99.58738124,103.3170665,0.395841714,10–16,10,26,50.6,49.8,22.8,27,19.1,14.3,23.9,25.7,61.3,51,51.4,33.3,32.1,8.4,9.4,53.6,55.8,39.5,49.5,61.7,,,,2023,,,,-10.16462017,77,73.2
Morehead St.,99.5538743,103.3422902,0.3942459803,17–11,17,28,49.5,49.8,35.9,28.3,18.9,15.8,27.3,24.6,65.7,47.1,50.1,35.6,32.7,9.3,9.1,55,42.1,37.9,31.2,64.3,,,,2023,,,,-6.496964542,72.3,74.9
Norfolk St.,104.7702874,108.7606708,0.3941585456,18–11,18,29,52.2,50.2,39.5,36.3,19.8,19,33.4,30.6,67.4,53.8,48.3,32.7,34.9,12,7.8,46.5,62,35,47,66,,,,2023,,,,-5.779894824,75.4,68.9
Mercer,98.65181867,102.5102612,0.3914522838,12–19,12,31,48.9,48.8,28.6,35.9,18.2,17.4,30.4,27.6,64.9,48.8,48.4,32.7,33,5.8,6.1,47,45.5,30.5,34,65.2,,,,2023,,,,-13.80390474,69.1,72.6
Detroit,108.4992383,112.812051,0.3897721232,13–19,13,32,51.4,53.6,27.2,28.9,17.6,17.1,35.8,29.7,67.9,46.4,52.6,38.7,36.8,5.3,8.1,46.8,52.9,42.7,39.4,67.9,,,,2023,,,,-12.92499279,77.2,75.7
Northwestern St.,103.4050404,107.6372455,0.3866775139,21–11,21,32,51.3,51,27.2,38.7,17.3,21,33.3,33.6,68.3,49.8,51.8,35.8,32.9,6.4,8.5,46,51.7,38.1,33.6,67.2,,,,2023,,,,-5.599577617,69.7,74.8
Rice,105.1880834,109.5280211,0.385812304,15–15,15,30,53.4,54.6,32.8,26,18.5,15.9,23.2,26.2,70.3,53.7,54,35.3,37.1,6.2,8.4,55.3,45.8,42.8,36.8,70.6,,,,2023,,,,-7.266292209,73.8,69.4
Rider,103.6137477,107.9173914,0.3850887247,15–14,15,29,49.5,50.3,29.3,38.6,17.8,16.5,33.8,28.3,65.1,49.4,47.5,33.3,36.2,6.9,7.7,43.3,52.2,25.9,42.7,65.8,,,,2023,,,,-9.312859141,73.5,64.5
South Carolina,101.2755686,105.6899097,0.379743149,11–21,11,32,46.9,52.6,26.8,29.4,19.9,15.9,32.7,32.5,65.1,45.8,53.7,32.3,33.8,7.1,10.2,47.6,54.4,40.9,36.3,65,,,,2023,,,,-9.356404822,66.1,67.4
Portland St.,101.9954327,106.5028221,0.3781754683,10–19,10,29,49.6,55,34.8,46.6,16.8,21.3,24,31.4,72.1,49.7,55,33,36.8,8.8,6.2,50,54.2,36.1,33.5,73.1,,,,2023,,,,-12.62281465,73.2,74.1
Delaware,101.4456936,105.9911738,0.3765845908,16–16,16,32,49.6,51.8,33,29.4,16.5,18.6,25,29.8,67.1,50.5,50.1,32,36.6,10,9.2,48,53.7,36.5,34.7,67.8,,,,2023,,,,-9.730111761,73.4,72.6
Northern Arizona,104.8663781,109.6548579,0.3743770287,10–23,10,33,50.5,55.3,27.4,38.7,15.9,17.2,26.9,25.7,67.7,48.6,55.7,35.7,36.5,4.3,8.5,49.7,52.4,38.2,38.6,67.5,,,,2023,,,,-15.06724297,74.6,74.2
North Dakota St.,101.8088482,106.4957908,0.3734142839,14–17,14,31,51.7,50.8,32.2,27.1,16.9,12.4,24.4,22.6,69.3,52.2,50.6,33.9,34.2,7.5,7.4,43.2,42.6,38,35.8,68.8,,,,2023,,,,-10.12793989,71.5,76.1
Loyola Chicago,100.8568188,105.57148,0.37159194,10–21,10,31,52.9,51.6,31.1,37.5,22.1,17.9,24.5,28.5,67.1,54.8,51.7,33.4,34.4,8.9,9.9,56.5,51.2,40.2,38.1,66.8,,,,2023,,,,-13.61846389,69.7,75.9
Northern Colorado,104.9548015,109.9179904,0.3702009972,12–19,12,31,52.4,53.1,31.4,31.7,17.5,14,24.3,27,69.4,51,54.5,36.4,33.4,4.3,10.8,44.1,48.5,39.6,33.5,70.3,,,,2023,,,,-11.57278575,74.8,72.5
Howard,100.856824,105.627924,0.3701578557,19–12,19,31,52,50.6,32.8,34.6,22.8,20.7,33.8,31.6,71,49.9,50.8,37.2,33.6,8.2,8.7,54.7,46.9,36.1,37.1,69.7,,,,2023,,,16,-7.166145094,71.6,69.2
Campbell,103.0091443,107.8964374,0.3698006701,14–18,14,32,52.7,52.5,38,32.1,18.1,18.4,24.4,27.8,64.4,54.7,53.2,32.9,34.4,8.6,10.8,50,48.2,38.6,41.3,65,,,,2023,,,,-13.11567326,69.8,70
Milwaukee,100.9160689,105.7133198,0.3695658216,18–11,18,29,51.8,48.2,31.9,29.4,21.5,17.7,32.7,32.8,72.3,51.4,49,35,31.4,14.6,10,49.6,49.4,38.2,41.6,72.5,,,,2023,,,,-6.079397573,73.1,73.9
Army,102.2832524,107.6174719,0.3578687941,15–16,15,31,53.8,51.4,31.3,28.5,19.1,15.6,25.4,24.2,67.9,54.7,52.4,34.9,33.1,5.9,9.5,48,52.5,37.9,37.9,69.3,,,,2023,,,,-12.4836201,69.8,69.3
Wofford,106.6453141,112.2534611,0.3567760183,14–16,14,30,52.4,54.8,30,26.4,16.3,16.6,28.6,28.7,65.6,55.1,56.1,32.1,35.3,5.8,9.3,45.2,45.6,39.1,42.8,65.8,,,,2023,,,,-9.704219849,73.2,73.6
North Florida,106.5767203,112.2025349,0.3562757291,12–17,12,29,53.3,52.4,28.4,23.5,17.3,14,26.2,32.9,68.4,52.1,52.1,36.4,35.5,8.4,10,47.2,52.1,47.8,29.3,68.8,,,,2023,,,,-10.00876523,72,73.4
Rhode Island,96.80582456,101.9298774,0.3559132789,9–22,9,31,44.2,49.1,37,31.7,20.4,17.2,31.6,29.5,68.3,43.6,49.6,30.4,32.1,10,13.5,49.9,51.2,31.3,34.7,67.9,,,,2023,,,,-15.66809281,74.4,69.5
Fort Wayne,98.91201899,104.2198181,0.3540868603,15–15,15,30,50.5,51.9,28.7,23,18.9,17.7,27.1,26.1,69.9,50.8,55.2,33.5,31.2,6.1,11,49.7,46.5,47,39.5,69.7,,,,2023,,,,-10.02573861,71.7,72.4
UC San Diego,101.4578987,106.955614,0.352776935,8–20,8,28,49.6,51.8,26.1,27.9,17.9,16.5,23.2,29.3,66.3,49.6,49.7,33,37.1,5.8,9.3,47.4,56.6,39.2,35.6,66.7,,,,2023,,,,-13.85825304,74,72.8
UT Arlington,98.22324178,103.6993584,0.3488926553,8–21,8,29,45.9,51.9,29.7,39.5,21.1,20.1,32.7,30.8,66.3,44.9,49.6,31.9,37.1,8.3,8.8,55.6,54.9,34.7,37.8,66.6,,,,2023,,,,-13.22537642,66.3,71.2
Jacksonville St.,100.1418674,105.9246232,0.3439797935,10–18,10,28,50.5,52.5,31.8,29.5,20.2,16.5,29.4,24.1,66.1,47.9,52.7,36,34.9,7.9,8.2,49.5,57.5,43.4,49.2,66.2,,,,2023,,,,-11.42108666,70.2,74.9
UMBC,104.414293,110.530735,0.3419399321,17–14,17,31,51.3,52.9,27,25.6,14.8,16.9,26.4,26.8,68.3,51.8,50.6,33.8,37.7,7,7.7,52.9,51.2,39.6,38.9,68.4,,,,2023,,,,-9.458598886,74.7,72.1
SIU Edwardsville,98.37227757,104.5182026,0.3324942518,16–14,16,30,48.5,49,40.3,34.6,18.5,19.2,30.6,29.4,71,48.5,48.1,32.3,33.6,10.6,8.2,48,46.7,37.5,36.2,69.9,,,,2023,,,,-10.28633495,73.6,72.6
Sacramento St.,101.3663599,107.7330957,0.3316949829,12–18,12,30,50.8,52.2,27.5,25.8,20.8,14.5,32.9,24,63.1,50,51.6,34.9,35.7,7,7.7,56,44.8,35.5,30.7,63,,,,2023,,,,-11.48061426,70.7,74
Robert Morris,96.87109807,102.9611486,0.3315548982,14–17,14,31,49.2,49.6,26.9,31.1,19.5,19.1,29.7,28.5,66.9,50.4,47.4,31.4,36.2,11.2,7.9,54,44.5,36.6,31.9,66.9,,,,2023,,,,-12.01377205,72.4,72.9
Idaho St.,100.3052485,106.6143796,0.3314787892,9–21,9,30,50.8,51.4,28.9,35.5,17.2,17.8,24.6,27.2,65.8,51.3,52.6,33.3,32.5,7.2,6.8,48.8,47.2,39.8,33.5,65.9,,,,2023,,,,-15.32525015,73.3,79.4
East Tennessee St.,99.11382487,105.6013989,0.3253854868,10–20,10,30,50.5,50.8,31.2,26.9,19.5,17.5,29.9,28.9,66.4,51.8,51.8,32.1,32.9,9.5,6.1,47,51.1,34.9,43.1,66.7,,,,2023,,,,-15.08767545,67,73.4
Winthrop,106.2267045,113.3759398,0.3210311346,13–17,13,30,55.1,54.8,41.6,31,20.6,17.4,25.9,34.2,67.3,53.8,55.5,37.9,35.8,8.1,14.1,46.7,50.3,44.9,38,67.6,,,,2023,,,,-11.18745608,74.7,64.2
Northern Illinois,98.64304436,105.325877,0.3199848888,12–18,12,30,52.2,50.7,34.3,35.8,20.3,18.6,25,32.8,70.4,52.1,51.7,34.9,32.7,6.2,8.6,47.9,48.4,36.8,36.3,69.7,,,,2023,,,,-11.07532527,64.8,69.5
Bellarmine,101.1010714,107.9816618,0.3192614503,12–18,12,30,51.7,54.7,25.4,31.8,18.2,17.7,20.6,28.1,62.5,53.9,55,32.6,36.3,4.9,6.9,56.2,59,43.2,52,62.8,,,,2023,,,,-10.0865017,77.1,73.1
Western Carolina,100.3044738,107.1549755,0.3186989485,15–15,15,30,49,51.1,34.5,34,15.7,15.7,25.8,25.5,67.7,48.1,51.7,33.6,33.1,5.8,10.7,48.8,42.5,41.5,30.2,68.3,,,,2023,,,,-9.494932025,71,71.5
North Alabama,103.030804,110.2658458,0.3142204275,15–14,15,29,51.3,52.4,30.9,32,15.6,15.2,23.2,28.1,68.9,49.9,50,36.1,37.7,7.5,10.2,41.1,52,34.6,36.6,69.2,,,,2023,,,,-7.756632249,70.7,71.8
Canisius,99.9889062,107.1893866,0.3100924849,9–20,9,29,48.6,52.8,24.9,27.7,17.5,18.7,28.4,29.9,67.6,47.4,52,33.6,36.4,6.6,8.7,55.6,49.2,40.1,32,68.4,,,,2023,,,,-14.93534166,73.4,70.1
Niagara,99.44448736,106.6665052,0.3086928101,15–15,15,30,50.3,49.8,30,33.5,18.5,16.9,26.5,28.6,63.4,50.1,48,33.8,36,6.2,10.4,45.1,44.1,34.4,30.3,63.7,,,,2023,,,,-9.995533582,72,73
Southeastern Louisiana,102.1403385,109.6553667,0.3065201165,15–14,15,29,50.9,54.2,32.1,33.4,16.9,19.8,27.6,29.9,70,49.1,52.1,36.4,38.2,5,7.1,50.1,55,34.1,40.8,69.5,,,,2023,,,,-9.114726445,74.4,69.7
USC Upstate,97.48018002,104.7764333,0.3036307607,14–15,14,29,51.1,50,32.2,43.8,19.5,20.5,24.5,32.7,68.1,51.5,49.3,33.6,34.2,12.8,7.6,46.3,47,34.8,35.6,68.6,,,,2023,,,,-9.666485998,65.5,71
UT Rio Grande Valley,101.4341459,109.0436785,0.3032444159,11–17,11,28,51.2,52,45.9,38.9,22.2,16.9,29,29.5,73.7,51.7,51.9,33.5,34.8,7.5,10,55.3,61.3,35,34.8,73.3,,,,2023,,,,-10.22342438,69.6,74.6
Alcorn St.,99.49199038,106.957827,0.303198904,18–13,18,31,45.5,51.4,35.1,39.1,18.3,21.1,33.5,31.3,68,46,52.5,29.6,33.2,7.9,8.3,41.2,58.1,29.7,40.5,67.9,,,,2023,,,,-6.930583697,72.4,68.6
Mount St. Mary's,96.33404197,103.6298208,0.3016319167,12–20,12,32,48.6,48.9,26,29.2,20.8,17.9,27.8,29.9,65.9,45.8,48,36,33.7,6.5,8.3,52.7,49.3,33.9,36.1,66.5,,,,2023,,,,-14.26782078,73.7,72.3
California,95.86050039,103.195329,0.2998756383,3–29,3,32,43.7,51.6,31.5,32.6,20.1,16,25.3,30.4,64.3,43.2,52.5,29.8,33.4,9.1,11.1,46.5,51.6,30.9,38.3,64.1,,,,2023,,,,-16.56763495,72.3,71.6
Nicholls St.,97.94774473,105.5603554,0.297180431,12–15,12,27,50.3,52.5,27.6,47.6,18.5,23.7,29.3,33.7,71.9,50.5,51.4,33.3,36.2,8.4,8.2,47.9,59.9,35.9,38,71.3,,,,2023,,,,-9.39938933,64.1,74
Southeast Missouri St.,98.97941308,106.7025419,0.2964979144,17–16,17,33,50,51.6,38.3,43.6,17.3,19,25.3,27.9,73.8,50,50.8,33.3,35.3,8.5,7.7,51.1,50.7,39.8,35.5,72.9,,,,2023,,,16,-11.36227454,71.8,69
Fairfield,97.21458909,104.9848309,0.2922888725,12–18,12,30,46,49.3,37.9,28.1,18.2,17.8,28.6,29.5,64.8,47.8,51.7,28.6,29.3,9,9.7,41.8,43.4,36.6,31.5,65.7,,,,2023,,,,-13.0294945,72.2,72.5
Prairie View A&M,93.13339376,100.8401424,0.2861222351,11–19,11,30,44.8,48.2,33,41.8,19.6,21.2,31.7,28.7,68.9,44,47.3,30.9,33.3,10.1,10.8,47.4,49.7,33.7,34.5,68.3,,,,2023,,,,-13.62072915,67.6,71.9
Lafayette,94.18683706,101.999524,0.2856902218,11–23,11,34,48.7,50.8,24.5,29.4,17.9,18.2,23.8,25.3,63.6,48.4,50.6,32.7,34.1,9.4,9.2,68.8,55.3,48.4,41.2,63.7,,,,2023,,,,-16.57755225,62.6,69.8
Bowling Green,102.108605,110.6184726,0.2848405244,9–20,9,29,50.5,54.1,32.5,33.6,17.5,16.3,29.8,28,71.1,50.4,53.8,33.8,36.4,8,9.2,49.4,51.3,35.5,37.3,70.3,,,,2023,,,,-15.08034914,70.8,73
Louisiana Monroe,96.52912196,104.6673851,0.2827538438,8–21,8,29,45.2,51.7,30,28.6,18.7,17.6,27.3,29.9,66.4,41.6,50.3,34.2,36,10.3,10.6,51.2,53.9,37.6,38.6,66.8,,,,2023,,,,-13.51740142,70.9,73.7
Dartmouth,97.30538131,105.614165,0.2804381326,8–18,8,26,50,51.3,29.1,31.7,20.2,16.5,23.5,26.2,70,50.8,51.6,32.6,34,10.2,9.4,49.2,44.6,41.6,35,69.4,,,,2023,,,,-12.93716047,69.6,72.9
North Dakota,101.6835844,110.3847278,0.2800491173,11–20,11,31,51,53.5,27.3,28,16.7,15.5,25.7,27.4,67.7,50.6,53,34.4,36.4,6.7,9,44.7,40.5,44.5,31.4,67.7,,,,2023,,,,-14.13400172,69.1,74.7
Illinois Chicago,97.29924892,105.6299904,0.2799444449,11–20,11,31,48.7,51.2,34.1,33,18.3,19.6,22.7,30.3,68.9,47.9,51.1,33.2,34.3,12,12,56.6,55.3,43.3,34.5,69.7,,,,2023,,,,-13.79930203,65.7,72.2
American,100.0269858,108.6397593,0.2789108527,17–15,17,32,54.4,51.8,27.9,32.1,22,19.2,28.3,27.9,62.6,55.8,48.7,34.6,38.5,11.4,7.2,55.5,52.3,36.1,33.7,63.2,,,,2023,,,,-11.3206677,70.1,72.3
Tennessee Martin,100.1574733,108.9645304,0.2750388902,15–14,15,29,50.4,49.6,36.1,34,16.8,16.8,27,29,72.6,51.9,50.5,31.9,32.3,9,10,44.7,54.6,36.4,41.3,71.8,,,,2023,,,,-10.56428131,71.6,69.6
Denver,99.72215932,108.6897975,0.2708596976,13–17,13,30,52.3,51.7,39.4,27.7,21.4,15.6,29.8,27.4,68.7,53.4,52.2,32.9,33.9,8,9.2,43.4,51.7,26,40,69.3,,,,2023,,,,-12.73302921,72.6,75.2
Miami OH,101.7523148,110.9132519,0.2706399262,9–20,9,29,52,53.8,32.1,37.1,19.6,17.8,26.6,32.6,68.9,53.8,54.1,32.9,35.4,7.1,8.1,52.9,49.9,41.1,36,67.5,,,,2023,,,,-14.15923936,79.2,73.4
Southern Indiana,101.3286714,110.4638572,0.2703853726,13–16,13,29,50.5,51.8,33.4,40.3,18.3,16.7,32.6,25,71,47.2,51,36.6,35.2,6.5,12.1,46.5,49.3,42.6,39.9,70.1,,,,2023,,,,-12.40751211,68.1,72.1
Maryland Eastern Shore,92.2360861,100.5725566,0.2699114741,14–13,14,27,47.6,50.6,31.4,34.4,21.1,24.9,27.1,31.7,70.6,46.8,51.4,32.6,32.9,5.1,10.4,55.2,55,39.5,37,70.1,,,,2023,,,,-7.746188292,71.5,71.5
Oakland,101.4598253,110.8006853,0.2664311572,12–19,12,31,49.2,54.8,31.6,22.5,15.1,18.7,24.2,32.7,69,51.3,53.9,30.6,37.5,7.2,8.3,45.7,61.8,39.6,39.2,69.2,,,,2023,,,,-12.66388495,78.1,76.2
UTSA,100.4766264,109.8044458,0.2648477,8–22,8,30,47.4,52.5,37.4,30.6,19.5,15.4,28.5,31.2,69.5,45.3,51.9,33.8,35.6,5.7,13.7,44.4,51.3,38.5,37.8,69.8,,,,2023,,,,-14.41583792,74,72.2
New Hampshire,96.01505354,104.9603927,0.264171626,13–15,13,28,45.8,49.1,29.6,30.2,15,16.2,26,27.4,65.5,42.8,50,33.4,31.5,6.8,8.5,50.1,39.5,41,32.3,64.8,,,,2023,,,,-10.57090594,69,70.1
Maine,97.8872491,107.0578681,0.2631108651,11–17,11,28,51.1,53.4,23,28.7,18.7,20.3,22.9,30,66.3,51.5,54.4,33.5,34.6,5.8,8.7,51.1,52.1,35.6,36.9,66.5,,,,2023,,,,-11.70112648,72.2,71.5
Tennessee Tech,100.0140797,109.4277416,0.2622194183,13–17,13,30,51.4,51.7,29.9,25.8,17.8,18,23.8,30.2,68.6,48.1,52.1,37.3,34,6.4,10,54,56.9,42.5,39.2,67.1,,,,2023,,,,-12.59067612,71.5,74.3
Southern,94.71875518,103.6763426,0.2613116869,13–17,13,30,48.5,51.4,34.5,42.9,20.5,23,24.4,28.6,72.2,48,51.6,32.8,34,7.3,11.6,56.3,60.2,40,40.4,71.7,,,,2023,,,,-11.26203191,72.3,69.3
Tennessee St.,99.36669017,108.8397236,0.2597663332,14–14,14,28,50.9,49.9,35.1,42.4,17.3,18.5,26.9,28.2,72.5,49.6,49.5,35.1,33.8,8.3,9.9,48.7,48.3,40.8,34.5,71.2,,,,2023,,,,-11.34459358,68.3,75.2
Louisville,98.77903473,108.2114118,0.2594524028,4–28,4,32,48,54.1,32.9,30.6,22.3,15.2,28.2,30.1,67,47.3,54.9,32.9,35.2,8,10.3,41.8,56.1,35.8,39.7,67.3,,,,2023,,,,-16.99964118,74.1,72.2
Coastal Carolina,102.6537224,112.5620317,0.2573772713,8–20,8,28,47.5,53.1,28.9,29.3,17.8,15.5,30.3,30.7,68.4,48.4,51.3,30.6,36.7,8.5,8.8,45.2,56.5,37.9,47.1,68.7,,,,2023,,,,-14.54040354,78.8,72.1
Texas Southern,94.94450359,104.1100507,0.2573488857,12–20,12,32,46.2,49.3,34.9,38.1,20.3,18.5,29.3,27.7,70.7,47.4,48.7,28.7,33.6,8.1,8.1,44.3,47.2,28.1,34.9,70.1,,,,2023,,,16,-13.26453011,66,70.9
Georgia St.,96.0550813,105.3364558,0.2571691265,7–21,7,28,45.6,50.7,33.5,35.4,19.5,17.5,30.1,29.5,67.7,46.5,48.6,29,36.5,9.1,9.8,44.9,52.3,30.6,33.8,67.7,,,,2023,,,,-15.44353856,72.1,72.4
Tulsa,98.4744143,108.0482016,0.2559782501,5–25,5,30,47.9,53.6,26.7,27.8,19.1,17,24.9,33,68.7,48.6,57.9,31.3,31.3,4.1,11.1,48.5,57.2,42.4,39.6,68.8,,,,2023,,,,-15.42106966,64.6,72.9
Illinois St.,98.13832001,107.9584357,0.2503518871,11–21,11,32,50.2,51.8,31.3,34,21.8,16.7,28.2,26.7,65.8,50,52.6,33.6,33.7,9.5,9.8,46.7,49.1,40.6,37.7,65.8,,,,2023,,,,-15.54397223,79.3,69.9
Marist,95.84848067,105.5335086,0.2484326841,13–20,13,33,47.9,47.9,28.9,28.4,18.1,16.8,25.9,28.9,65.5,46.9,45.1,32.8,35,10.5,8.2,47.9,48.6,42.4,37.6,66.3,,,,2023,,,,-15.79232471,69.8,71.7
Valparaiso,96.14039012,105.9452967,0.2466046318,10–21,10,31,49,51.5,27.9,31.8,18.1,15.6,22.5,24.5,68.5,51.9,51.6,29.2,34.3,7.3,6.4,53.5,52,36.2,37.8,68.7,,,,2023,,,,-14.52785101,72.5,73.4
Arkansas St.,97.93432963,108.020975,0.2446550747,10–20,10,30,47.6,50.3,35.1,34.8,18.1,16.6,28.8,28,64.2,45.5,48,34.6,36.4,8.8,9.3,53.1,48.9,33.5,33.8,63.9,,,,2023,,,,-14.3099906,67.6,74.7
Cal St. Bakersfield,93.48292886,103.1146223,0.2445826257,9–22,9,31,44.6,51.1,29.4,43.6,19.8,20.5,27.2,28.4,63.4,43.7,50.2,31.5,34.9,9.8,6.1,47.1,53.9,24.6,42,63.7,,,,2023,,,,-15.49337361,75.7,71.8
Lehigh,96.12841275,106.0368687,0.244498593,14–14,14,28,49.8,50.3,31.1,28.5,17.4,16.6,18.8,26.7,69.3,48.4,50.9,35,32.8,5.6,8.1,48.2,47.6,33.6,34.8,70.3,,,,2023,,,,-9.942849166,75.1,68.4
Bucknell,97.92559443,108.0901962,0.2431074257,11–20,11,31,51.3,51.2,26.9,27.7,20.2,15.4,25.4,25,66.1,51.1,49.4,34.5,36.4,9.9,9.5,53.5,55.5,37,35.8,67.5,,,,2023,,,,-16.03001026,71.8,64.1
Charleston Southern,104.1238892,115.0742598,0.2404970135,8–21,8,29,50.3,54.3,27.4,36.6,18.1,16.7,32.2,31,66.4,49.7,54.3,34.1,36.2,7,8.6,44.7,51,39.3,40.2,66.3,,,,2023,,,,-15.95082326,72.9,71.8
Western Illinois,100.0662098,110.6571424,0.2392215078,13–14,13,27,50.1,53.4,31.4,27.4,15.1,16.4,26.9,26.7,67.7,51.8,54.6,31.5,33.9,8.7,8.6,51.9,38.1,37.5,32.2,67.4,,,,2023,,,,-9.882261183,69.9,71.8
High Point,98.92549567,109.4369773,0.2384327615,12–17,12,29,50.2,50.7,38.7,35.3,19.6,16.3,30.8,32,71.5,51.4,52,32.3,32.5,12.6,8.8,47.6,51.5,39.5,38.4,72.2,,,,2023,,,,-12.73633363,62.8,66.9
Cal Poly,92.65209282,102.5216071,0.2379315378,6–25,6,31,45.8,50.4,31,42.3,20.9,18.6,24.5,24.5,64.5,46.7,49.3,29.3,34.9,7.4,9,47.1,50.6,35.9,35.1,64.7,,,,2023,,,,-18.09559963,74.6,72.5
Boston University,95.83186083,106.0841066,0.2370672806,14–17,14,31,47,50.5,29,36.5,17.8,18.3,28.7,24.6,65.9,45.9,50.3,32.4,33.8,7.2,10.8,43.3,49.6,38.7,39.3,66.2,,,,2023,,,,-12.37557938,74,69.7
Northeastern,96.24039429,106.9463028,0.2291718123,10–20,10,30,47.9,50.1,27.7,31.7,21.3,14.5,31.7,26.9,67.2,46.8,49.2,33.2,34.9,10,8.9,52.9,45.4,37.2,29.5,67.6,,,,2023,,,,-14.35945282,68.5,71.5
South Dakota,100.9299692,112.2023302,0.2283619228,10–19,10,29,50.1,52.7,28.1,31.8,17.3,14.4,24.9,27.1,66.7,45.5,51.8,37.9,36.1,4.4,11.6,49.7,47.5,40.2,40.2,66.7,,,,2023,,,,-13.49136112,76.1,73.7
Chicago St.,100.248261,111.6383674,0.2248586798,7–20,7,27,48.8,53.3,31.9,35.9,21.3,16.7,33.5,33.2,65.7,48.4,53.1,32.9,35.7,7,11.7,46.7,56.1,41.8,37.4,65.6,,,,2023,,,,-12.67369161,72.6,69.3
Idaho,100.7440052,112.2407213,0.2239617732,8–22,8,30,52,54.3,35.8,31.6,17.2,16.1,19.6,27.8,66.4,54.2,52.6,32,38.7,4.7,8.8,44.5,43,36.2,32.5,66.6,,,,2023,,,,-17.40991773,77.1,73.1
Merrimack,88.6008409,99.02947975,0.2176052658,16–16,16,32,48.3,49.1,34.6,26.9,20.7,26,20.5,35.6,67.2,48.2,48.9,32.3,33,10.5,11.2,57.4,60,43.8,32.5,66.9,,,,2023,,,,-11.74557464,68.7,71.4
Jackson St.,97.35467266,108.8413143,0.217108312,14–19,14,33,47.5,52.5,32.9,34,22,19.1,32.9,29.1,69.7,47.1,52.1,32.1,35.4,7,11,50.4,51.8,34.2,39.2,68.9,,,,2023,,,,-11.96940408,67.4,72.7
William & Mary,98.8673038,110.8688653,0.2112262777,11–20,11,31,49.4,53.9,29.2,27.4,18.8,17,27.4,29.9,65,46.3,54.3,36.3,35.5,5.4,14.9,49.7,48.6,37.8,36.9,65.8,,,,2023,,,,-14.31582493,67.9,70.2
Saint Peter's,95.06611439,106.6426588,0.2105727144,13–18,13,31,43.9,49.5,28.4,51.4,19.5,19.7,36.4,30.6,62.9,44.1,48.4,29,34.3,10,12,46.6,49.7,35.3,35.7,63.8,,,,2023,,,,-13.16444645,68.8,72
Binghamton,97.30721369,109.3125188,0.2078581339,11–18,11,29,49.5,50.5,28.2,35.4,19.4,15.1,28.7,27.3,66.6,50,50.8,32.4,33.2,8.1,7.7,45.1,42.1,30.1,35.2,66.7,,,,2023,,,,-13.12393819,71.6,73.4
Fairleigh Dickinson,104.4070415,117.427446,0.2056218622,17–15,17,32,51.5,55.8,27.9,34.8,16.3,21.4,31.4,28.9,69.3,51.4,56.1,34.4,36.9,5.7,10,51.5,56.4,37,40.1,69.5,,,,2023,,,16,-12.21421246,74.9,75.6
Nebraska Omaha,98.70606137,111.0739022,0.204635817,8–23,8,31,48.5,53.2,29.6,33.4,18.5,15.8,24.2,28.9,68.1,47.7,52,33.7,36.5,8.4,8.2,47.4,52.4,29.4,40.9,68.6,,,,2023,,,,-15.6684406,78.1,75
Alabama A&M,94.77140575,106.7036185,0.2036308015,12–18,12,30,48.6,49.4,35.9,41.8,21.4,21.4,29.5,33.9,69.8,46.9,48.5,34.7,33.8,11.9,9.7,49.8,53.4,32.7,39.9,69.2,,,,2023,,,,-13.96407958,64.5,70.9
Morgan St.,92.88182446,104.5803295,0.2035559067,10–16,10,26,47.1,50.8,30.9,42.9,22,23.8,30.2,37.3,72.7,44.4,52.4,35.5,31.8,11,9.8,53.5,56.1,29.9,33.9,71.2,,,,2023,,,,-10.7404546,68.7,68.1
UMKC,94.32300682,106.2736942,0.2023186124,10–20,10,30,43.4,50.1,33.3,39.4,19.9,17.3,35.9,29.4,64.9,44.7,48.9,27.3,34.6,11.2,8.5,40.1,47.3,35.5,40.5,64.6,,,,2023,,,,-14.02461916,71.5,74.9
Texas A&M Commerce,98.81254834,111.3798281,0.2015236257,12–20,12,32,52.4,52.8,28.3,37.9,18.9,17.7,26.5,29.9,67,56.2,53.1,31.9,34.8,7.9,7.1,54.1,49.9,45.6,34.9,66.3,,,,2023,,,,-15.18947406,70,72
Wagner,92.51302823,104.3503837,0.2002623392,13–13,13,26,44.9,49.1,25.2,47,19.1,20.9,34.4,24.8,63.2,44.7,50.2,30.2,31.5,5.5,10.7,50.8,53.9,35.3,36.7,62.9,,,,2023,,,,-10.31430195,68.3,71.8
Arkansas Pine Bluff,93.4297577,105.3943173,0.2000892849,6–21,6,27,45.2,51.4,33.8,43.2,21.6,21.4,26.6,29,70.5,44,51.1,31.1,34.5,7.2,11.1,54.1,60,43.4,35.7,70.4,,,,2023,,,,-15.19061548,74.1,71.5
Eastern Michigan,100.041436,112.9360676,0.1987332585,7–23,7,30,49.2,55.6,32.2,35,16.9,17.1,25.1,32.8,70.2,50.3,58.7,31.4,34.1,6.3,7.2,37,47.3,33.5,41.4,70,,,,2023,,,,-16.78431244,76.5,70.5
North Carolina A&T,97.10359396,109.9478238,0.1933143139,10–19,10,29,47.4,50.6,30,28.5,17.5,15.7,24.6,30.2,69.8,46.2,51,32.9,33.2,7.9,8.4,45.1,50.3,40.5,38.6,70.8,,,,2023,,,,-13.14854401,68.2,74.6
Manhattan,95.62176102,108.3553676,0.1919045246,11–18,11,29,49.2,51.3,31.5,30.5,19.8,20.5,26.6,34.2,67,49.1,49.1,32.9,36.8,9.6,8.9,51.4,56.4,36.1,36.2,67.7,,,,2023,,,,-13.50631827,65.9,70.5
Elon,96.63946135,109.6746303,0.1892170627,6–24,6,30,47.8,52.1,27.5,29,18.4,17.1,24.9,30.6,66.5,50.5,51.4,29.2,35.2,6.5,9.4,49.6,58.2,40.3,45.7,66.9,,,,2023,,,,-18.8782252,70.5,70.8
NJIT,96.27864414,109.843806,0.1800737166,6–23,6,29,48.3,52.3,28.2,27.9,16,14.9,23.4,29.1,66.3,46.1,53.2,35.2,34,7.6,8.9,45.1,49.7,32.5,39.2,67,,,,2023,,,,-18.22337946,67.5,67.6
Cal St. Northridge,94.16120444,107.4738953,0.1793500908,5–25,5,30,44.1,50.4,36.6,39,19.6,18,27.3,30.5,65.4,42.8,49.6,31.2,34.6,9.4,8,43.3,54.4,32.9,38,65.9,,,,2023,,,,-18.82382619,73.8,74.6
Austin Peay,95.58038308,109.2197068,0.1774048174,6–22,6,28,46.3,54.7,26.1,37,17.4,19.5,26,31.9,65.9,46,56.4,31.2,34.4,8.8,7.8,50.5,54,38.5,35.2,65.6,,,,2023,,,,-15.85847208,74,74.4
McNeese St.,97.97913084,112.1063592,0.1752342378,10–23,10,33,49,55,29.2,34.9,21.6,18.4,33.3,30.9,67.6,49.2,52.1,32.4,39.7,5.1,7,44.4,62.3,39.9,38.5,66.9,,,,2023,,,,-16.4242546,66.8,71.6
Loyola MD,96.92960022,110.9315562,0.1748441543,11–20,11,31,51.3,55.5,28.2,29.8,20.4,20.2,26.6,28.7,66.5,50,55.3,35.6,37.1,7,8,54,54.4,38.9,36.8,66.6,,,,2023,,,,-15.32618582,64.6,70.6
Central Arkansas,97.19289467,111.236754,0.1747864492,8–22,8,30,47.1,54.7,24.3,28.9,18.1,16.7,27.9,30.5,72.5,46.8,54.8,31.6,36.3,8.2,9.2,46.7,46.6,41.3,39.2,73,,,,2023,,,,-15.65282526,75.1,71.4
Stonehill,93.77257273,107.3433668,0.1744597908,13–17,13,30,50.9,50.2,32.2,27.3,19.7,19.8,19.1,31.4,67.6,49.9,49,34.8,34.6,8.1,9.5,52,54.8,41.3,40.8,67.4,,,,2023,,,,-12.63652862,75.9,70.9
Little Rock,99.82336575,114.5587057,0.1703174772,8–21,8,29,49.2,56.1,31.9,37,18,19.2,29.3,30.4,72.7,49.4,54.1,32.5,39.5,6,9,54.4,53.2,29.9,38.7,71.6,,,,2023,,,,-16.51792719,73.7,66.7
New Orleans,96.66630357,111.0934675,0.1680192554,10–20,10,30,52.7,54.1,36.5,39.9,23.6,20.2,29.8,32.7,72.3,51.1,54.1,37.9,36.2,6,5.9,55.2,49.3,29,36.4,71.8,,,,2023,,,,-15.5133495,70.8,74.5
St. Francis PA,99.64794786,114.5899831,0.1670410447,11–18,11,29,51.9,51.9,32.8,29.9,18.3,14.7,25.3,28.9,68.7,50.4,52.7,36.4,33.7,5.5,7.9,52.2,50.4,35.8,35.1,69.1,,,,2023,,,,-14.47515093,69.9,68.8
Western Michigan,100.2537521,115.2994357,0.1668633498,5–23,5,28,48.8,54.8,27.8,33.1,19.1,14.4,33,27.6,66.7,49.3,54.4,32.1,37,6.1,8.9,48.9,55.1,42,39.8,66.3,,,,2023,,,,-16.79227466,72.3,71.9
The Citadel,96.00865555,110.8296093,0.1609887476,9–22,9,31,49.3,52.4,28.9,33.9,18.2,16.9,20.8,31.7,67.6,49.6,53.5,32.5,33.9,7.8,10.2,46.7,51.9,38.7,41.5,68,,,,2023,,,,-16.08620884,75.3,72.2
Incarnate Word,95.06382387,109.9498872,0.1580277716,9–19,9,28,48.5,54.4,33.3,32.7,20,20.5,26.3,33.2,68.6,47.3,53.9,34.1,36.8,7.5,8.4,48.2,48.9,32.6,33.4,67.6,,,,2023,,,,-15.30307865,74.9,71.6
Central Michigan,91.75997938,106.5390477,0.1522120258,8–21,8,29,46.5,51.9,36.9,41,22.9,19.2,30.5,32.5,68.6,47.4,50.9,30,35.6,10.8,8.8,47.6,51.6,38.1,40.5,68.1,,,,2023,,,,-15.12984568,70.4,67.7
Stony Brook,94.20658237,109.5176855,0.1503505984,9–22,9,31,47.5,50.3,29.4,26.2,19.6,14,21.9,27.4,65.2,48.1,50,31.1,33.8,7.3,7.6,52.2,53.6,44.4,43.8,64.6,,,,2023,,,,-15.99294526,75.2,70
Sacred Heart,94.44701993,109.9972864,0.1476954503,15–17,15,32,48.4,50.2,27.6,26.5,18.8,19.4,28.8,30.8,70,49.8,49.7,30.6,34.1,8.6,8,51.1,53.3,36.1,36.9,70.6,,,,2023,,,,-13.62201581,67.5,71.1
Presbyterian,93.0975721,108.5611908,0.1458961638,3–27,3,30,47.3,54,36.5,39.1,20.8,18.4,29.9,29.5,64.7,47.3,52,31.5,38.5,9.1,12.1,46.7,47.9,36.3,35,65.2,,,,2023,,,,-22.36149347,62,66.3
South Carolina St.,97.73526342,114.1965592,0.1430634694,4–26,4,30,46.9,57.7,29.2,43.5,20.9,21,34.2,34.5,73.5,47.3,56.8,30.8,39.5,8.6,10.4,51.7,58.8,34,36.7,72.5,,,,2023,,,,-19.91659714,66.1,72.2
Coppin St.,97.36450793,114.0819048,0.1391663385,9–23,9,32,51,53.2,37.2,34.2,20.1,18.5,18.6,35.7,73,51.4,55,33.7,33.8,6.8,9.9,46.3,58.5,44.4,41.5,72.7,,,,2023,,,,-16.30721669,71.9,72.3
Columbia,92.64578024,108.8069645,0.1359777464,5–22,5,27,45.5,52,28.1,28.8,19.9,17.6,25.3,30.9,70.7,45.4,53.2,30.4,33.1,4.5,12.5,46.7,53.2,40.7,34.5,70.5,,,,2023,,,,-16.58247388,71.1,70.2
Lindenwood,93.97591609,110.4148082,0.1354196488,8–21,8,29,48.8,52.4,28.3,31.1,19.5,17.8,23,31,69,45.7,52,36.2,35.2,9.6,8.2,45.7,54.8,35.6,41.3,67.8,,,,2023,,,,-16.33027449,73.1,69.2
Holy Cross,92.65921968,109.0754686,0.1328740097,8–22,8,30,48.5,51.8,25.5,27.8,17.5,17.4,21.5,30.1,68.9,46.5,53.9,35.3,31.9,6.3,8.5,48,50.5,32,35.5,69.7,,,,2023,,,,-18.08961892,62.7,67.3
Central Connecticut,95.36455331,112.5904405,0.1290287825,10–22,10,32,48.1,51.3,23.3,26.5,17.9,16.4,28.5,28.2,65.7,47.5,50.2,32.7,35.4,10.6,9,52.1,56.5,35.7,37.2,65.1,,,,2023,,,,-18.47474516,70.9,74.3
Albany,96.7380592,115.0635083,0.1197300341,6–23,6,29,47.3,55.3,31,36.8,19.2,16.6,27.8,26.7,67.7,46.6,56.5,32.2,35.3,4.4,10.9,49,53.8,41.2,34.1,68.1,,,,2023,,,,-17.41933055,72.9,73.9
Evansville,90.36387293,107.5093006,0.1194207135,5–27,5,32,45.1,55.8,29.4,30.1,17.6,18.9,20.7,25.5,69.8,43.4,54.8,32.2,38.1,5.8,7,45,57.9,33.6,41.2,70.3,,,,2023,,,,-20.061603,63,76.3
Houston Christian,100.0096639,119.2539925,0.1167193071,7–22,7,29,51.4,57.5,40.6,33.3,21.1,16.7,28,31.6,72.6,49.5,57.9,36.1,37.8,6.1,9.3,56.4,53,40.7,33,71.4,,,,2023,,,,-17.73142827,72.7,70.6
Eastern Illinois,92.16442998,109.9442606,0.1162335407,7–22,7,29,48,52.2,32.4,32.5,19.2,19.7,25.3,32.2,69.9,47.7,52.4,32.6,34.6,10.1,8.8,55,59.4,27.7,42.6,68.7,,,,2023,,,,-17.8423807,63.4,70.5
Bethune Cookman,95.25118178,113.6593538,0.1158923656,10–20,10,30,46.6,52.7,32.1,35.2,18.3,19.3,26.9,34.7,69.8,43.1,52.1,35.8,35.8,6.9,9.3,46.6,52.8,33,36,69.5,,,,2023,,,,-15.64722927,69.9,72.9
Hampton,96.05381281,114.6571462,0.1154813894,7–24,7,31,45.1,53.9,32.1,35.3,16,15.7,26.5,30.3,69.6,43.4,52.2,32.1,37.9,8.7,9.5,45.6,54.7,36.6,36.7,69.6,,,,2023,,,,-18.4134076,68.7,69.5
Alabama St.,91.49892647,109.510404,0.1123995594,7–23,7,30,42.3,49.7,31.2,34.6,18.7,17.7,31.7,34.4,67.9,40.4,48.9,30.8,34.2,9.1,12.3,44.6,46,33.1,34.7,67.1,,,,2023,,,,-17.08373767,70.3,69
VMI,96.70752839,116.3809047,0.1062588554,4–25,4,29,47.8,56.9,21,28.1,19.3,14.6,28.9,27.3,66.8,45,57.7,34.2,37.4,4,12.8,43.9,60.4,44.1,50.1,67.5,,,,2023,,,,-19.89215181,75.8,71.3
Monmouth,90.38382408,109.0724432,0.1032716498,7–26,7,33,43.8,54.4,33.1,38.8,21.1,21,30.3,32.9,68.4,44,53.4,28.8,37,8.5,9.4,52.9,55.9,25.1,46,69.1,,,,2023,,,,-18.96442673,66.7,71.9
St. Francis NY,89.81789235,109.251657,0.09513380707,12–16,12,28,45.9,50.5,31.1,31.6,21.1,19.6,30.9,31.8,66.4,41.6,47.1,36.5,39.7,11.2,8.3,51.2,54.2,33.1,27.4,66.6,,,,2023,,,,-13.13129314,70,69.3
Lamar,93.51662919,113.7608028,0.09504578482,6–22,6,28,47.6,53,32.2,30.8,21.2,17.1,31.9,33.5,67.4,47.5,54.5,31.9,34.1,9.9,10.3,52.7,64.4,30.6,43.9,66.5,,,,2023,,,,-18.33009696,71.1,67.4
Mississippi Valley St.,90.77283773,110.5016617,0.09434413262,5–27,5,32,45.4,53.3,38,39.8,23.4,19.5,28.7,32.4,68.3,42.8,53,34.9,35.8,6,9.1,47,53.5,27.6,39.5,67.9,,,,2023,,,,-20.01994196,66.5,68.5
Florida A&M,88.32343714,107.805618,0.09176858823,5–22,5,27,45,51.1,31.4,44.6,24,18,27.6,33.6,66.2,43.2,51.8,32.1,33.2,9.7,10.5,47.4,50.6,35.5,34.6,65.8,,,,2023,,,,-16.21624342,70.5,66.4
Delaware St.,90.63834524,110.9280434,0.08923185229,5–22,5,27,45.7,54.4,29.3,37,23.5,19,30.1,29.4,68.6,45.1,50.6,31.4,39.5,8.6,8.8,50.9,62.6,31,43.2,68.4,,,,2023,,,,-16.50790998,69.3,69.7
IUPUI,93.98463879,117.1149498,0.07376233401,3–27,3,30,49.7,55,32.2,36,23.2,16.7,29,31.9,67.9,51.7,54.6,29.8,37.2,6.7,8.2,44.7,54.8,28.8,39.2,67.8,,,,2023,,,,-22.32560507,69.3,76.5
Green Bay,90.45076555,114.0695607,0.06488628659,3–29,3,32,46,54.8,31.5,31.6,21.1,16.1,21.7,32.4,66.2,46.6,56.1,30.1,35,6.3,11.2,53.2,49.6,43.5,34.6,65.9,,,,2023,,,,-22.98663983,70.2,76
Hartford,88.5379177,116.9806988,0.03902869088,2–23,2,25,47.7,55.4,24.1,27.7,22.7,17.6,25.2,33.5,66.2,47.4,53.8,32,38.7,10.5,9.4,53.2,58.2,40.3,37.5,66.2,,,,2023,,,,-19.93190033,65.7,70.6
LIU Brooklyn,85.98065082,116.0260921,0.03087438383,1–26,1,27,45.6,55.1,31.7,32.1,22.7,16.7,24.7,30.3,73.2,44.8,54.6,32,37.4,8,9.3,56.7,59.2,24.3,35.2,73.3,,,,2023,,,,-21.40204759,66.6,68.3