UC Santa Barbara,108.3945927,107.1552743,0.5330122776,19–13,19,32,54.6,48.9,29.7,32,18.2,17.2,27.5,29.2,66.5,52.4,50.5,38.1,30.8,8.4,7.1,58.3,46.1,47.4,36.9,66,,,,2025,,,,-7.871714098,77.2,77.4
Arkansas Pine Bluff,95.92178519,122.3613103,0.05734478299,4–25,4,29,50.3,56.3,32.8,40.5,20.4,16.8,26.3,34.6,72.5,52.6,58.5,31,35.7,6.3,9.2,52.2,59.5,37.9,44.9,72.3,,,,2025,,,,-20.08154209,59,69.6
Portland St.,101.1639139,103.687584,0.4296294686,16–13,16,29,50.5,50,34.3,34.9,18.4,19.6,33.4,30.4,68.5,51.7,51.6,32,31.7,13.7,8.2,48.6,52.7,31.7,39.1,68.9,,,,2025,,,,-9.320731401,63.5,73.4
Indiana,112.4294787,97.946949,0.8300317078,19–13,19,32,51.1,49.8,33.1,29.6,16.7,16.4,31.5,28.1,69.1,52.6,50.3,32.1,32.7,9.2,8.2,58.4,51.8,33.2,38.9,68.7,,,,2025,,,,0.2969384157,70.6,72.5
Louisiana,98.03984608,110.1931428,0.2068697916,11–21,11,32,45.7,51.3,29.8,43.8,16,19.1,25.9,35.5,66.4,45,53.8,31.3,31.5,8.5,11.5,45.3,49.2,38.1,36.9,67,,,,2025,,,,-15.91228012,72.9,73
Central Michigan,104.1074507,108.6128662,0.3805503865,10–17,10,27,49.8,53.1,35.8,31.3,17.6,18.2,32.1,29.1,68.5,51.2,52.5,31.3,35.9,8,8.8,48.9,54.8,33.3,43.9,67.9,,,,2025,,,,-11.54476595,73.2,70.4
Brown,102.7320062,105.9602264,0.4119739873,13–13,13,26,51.1,49.3,28,29.1,17.1,15.7,30.1,30.7,67.3,52.1,49.2,33.1,32.9,14,10.3,54.1,47.9,40.5,37.4,66.5,,,,2025,,,,-8.671567437,63.2,71.3
Wright St.,108.6129977,112.5528563,0.3989681362,13–18,13,31,56.3,53.2,27,34.5,17.8,14.2,28,27.9,68.1,55.3,52.2,38.6,36.7,7.9,7.9,52.3,49.9,37.8,36,68.1,,,,2025,,,,-13.81421506,70,70.4
UC Irvine,105.7811055,96.11595799,0.7506141451,27–6,27,33,51.6,46.2,36.3,21.9,18.3,17.9,28.5,25.9,69.6,51,43.3,35.2,34,9,7,61.1,55.8,35.1,37.8,69.4,,,,2025,,,,0.2086336177,81,72.5
Furman,108.900345,106.9577822,0.5515631589,22–9,22,31,53.6,49.2,35.4,29,17,16.5,30,31,66.5,53.2,49.2,36,32.9,9.1,11.6,64.6,48,51.4,38.6,66.6,,,,2025,,,,-4.438161878,69.6,73.5
UAB,116.7038148,110.2544634,0.6578560636,21–12,21,33,50.7,51.6,31.6,29.2,13.9,15.5,38.8,30.7,69.7,50.5,50.6,34.1,35.7,10.7,8.1,53.1,48.6,29.4,34.2,69.8,,,,2025,,,,-6.203236792,75.6,72.1
Tulane,107.741603,105.7493498,0.5534543042,17–14,17,31,52.1,48.4,35.1,32.8,15.9,17.4,27.2,32.4,67.7,52.9,48.3,33.9,32.3,13.1,10.3,56.7,60.1,39.4,43.1,67.4,,,,2025,,,,-8.705703174,75.2,73.5
FIU,96.27939641,103.8814982,0.2944311114,8–23,8,31,46.1,51.6,36,37.5,19.5,20.6,31,29.6,69.3,47.4,52.6,28.8,33.3,13.2,8.2,47.6,56.8,30.1,39.5,69.2,,,,2025,,,,-17.43760641,70.5,72.9
BYU,124.3566205,98.942673,0.9327077641,24–9,24,33,57.2,50.6,30.2,29.5,17.6,17.2,33.3,26.1,67.8,58.6,49.3,37.1,34.8,9.8,8.5,59.9,52.2,48.3,44.4,68,,,,2025,,,6,4.77224822,70.5,70.6
Illinois Chicago,106.5125171,107.902834,0.4627841519,15–14,15,29,51.1,51.6,35.1,31.6,17.5,15.8,30,27.9,68.7,51.1,51.6,34,34.4,8.3,10.3,56,57.1,39.4,35.3,69.8,,,,2025,,,,-8.421253891,72.1,71.1
Xavier,115.5964788,98.27334552,0.8661172163,21–11,21,32,53.9,50.6,37.2,28.1,16,17.6,25.2,25.2,69.5,51.3,50.5,38.8,33.9,7.2,11.3,63.9,56,37.4,37.2,69.8,,,,2025,,,11,0.3476676655,79.4,71.8
Charlotte,104.2751497,112.3726058,0.2973285273,10–22,10,32,48.3,54.2,42.7,37,15.1,14.6,25.4,29.2,65.4,49.6,56.4,31,33.3,6.1,10.9,52.2,46.3,40.9,34.5,65.5,,,,2025,,,,-16.41680284,75.2,69
Canisius,99.70143751,121.4305254,0.09386206207,3–28,3,31,51.2,56.9,23.3,31.4,18.5,16.4,18.3,34.3,66.2,48.4,58.7,36.7,36.2,7.2,9.9,47.7,59,41.4,40.9,66.9,,,,2025,,,,-23.36660635,75.9,76.1
Wake Forest,107.3416322,96.94224482,0.7634817106,21–11,21,32,49.4,47.2,36.1,31.5,16.7,19.7,26.8,31.5,67.9,52.9,48.2,28.5,30.7,12.7,7.5,45.8,57.4,35.2,45.8,67.9,,,,2025,,,,0.6442045919,75.6,77
Florida Atlantic,112.1221749,106.9600863,0.6322854338,17–15,17,32,53.2,49.6,33.2,33.3,16.3,16,30.7,31.6,69.5,53.8,46.6,34.9,36.8,11.3,8.5,56.6,51.6,40.3,35.3,69.7,,,,2025,,,,-7.877611108,70.1,74.3
Northeastern,103.8032024,106.41837,0.4289501009,17–15,17,32,51.1,50.3,28,30.3,18.6,18.2,31.4,31.4,67.1,51.3,49.2,33.7,34.9,12.6,10.1,49.7,47.7,34.8,34.7,68.2,,,,2025,,,,-11.13217676,68.7,69.6
Robert Morris,104.6640897,105.1664913,0.4862361113,25–8,25,33,51.3,50.3,38.4,30,18.5,18.8,35.3,28.3,68.7,50.7,49.8,34.9,34.2,11.9,9.4,60.7,51.4,36.8,35.6,68.7,,,,2025,,,15,-4.304827606,72,72.6
Seattle,103.9078081,101.9688397,0.5539449357,12–18,12,30,46.5,51.2,42.3,36.7,17,20.9,29.9,27,67.5,46.3,53.3,31.3,31.9,9.7,11.4,51.3,56.3,36.3,38.6,66.7,,,,2025,,,,-12.06551414,71.3,72.1
Villanova,119.3970122,103.4922208,0.8380803674,19–14,19,33,54.9,51.1,28.9,30.1,15.6,16,30.2,27.4,63.5,51.1,50.3,39.8,34.7,7.8,8.6,49,60.9,43.6,45.9,63.9,,,,2025,,,,-2.906235892,80,69.5
Howard,104.0055315,116.1717011,0.2188826383,10–18,10,28,53.5,52.3,35.7,40.9,21.2,16.5,29,33.8,70.8,52.6,53.1,36.6,33.8,7.4,8.3,57,45.5,38.4,33.5,70.4,,,,2025,,,,-13.64491549,76,77.2
Utah St.,121.6921437,104.5226944,0.8518313717,25–7,25,32,56,51.8,37.6,36.2,16,20.2,34.6,30.3,67.3,57.7,52.6,35.8,33.8,9.4,9.5,61.1,58.4,42.3,44.4,68.4,,,,2025,,,10,2.303756917,70.2,71.9
Marist,97.08728477,106.0068465,0.2668286895,20–10,20,30,49.9,46.9,22.4,33.2,18.4,16.4,30.6,25.6,64.2,51.5,44.9,31.4,33.7,9.7,6.9,55.8,45.1,37.6,35.4,64.7,,,,2025,,,,-8.057618685,70.8,72.3
Toledo,110.5917382,117.4793334,0.3329670228,17–15,17,32,50.5,56.4,35.5,26.5,13.7,15.5,29.8,30.9,69.5,50.6,55.9,33.6,38.2,7.1,7.5,46,45.8,28.6,37.5,69.1,,,,2025,,,,-9.085524622,75.7,74.2
Denver,100.1963823,109.4807788,0.265203816,8–21,8,29,50.3,54.3,31.6,49.8,18.5,17.6,26.1,29.1,68,50.5,56.2,33.3,34.1,7.7,7.7,43.5,48.5,36.9,37.9,67.1,,,,2025,,,,-15.87336573,74,73.1
Cal St. Northridge,107.0430765,103.9870379,0.582513084,20–10,20,30,51.8,49.9,35.8,45.1,18.9,20.5,35.4,24.1,72.8,51.5,46.4,35,35.6,10.9,7.7,56.1,62.2,30.8,50.8,73,,,,2025,,,,-4.869096749,73.3,76.9
Maryland,117.9989608,92.35136838,0.9436602503,25–8,25,33,53.8,47,32.9,25.9,14.5,20.2,31,27.2,70.7,52.7,47.6,37.2,30.7,12,6.4,50.4,49.4,35.5,35.8,70.6,,,,2025,,,4,4.561239852,75.5,73.9
Rice,105.679413,107.4896168,0.4513252147,13–18,13,31,48.6,47.8,43.3,35.9,17.8,14,33.7,29.6,65.9,47.8,47.5,33.2,32.1,8.5,10,50.9,47.7,38.8,36.9,66.1,,,,2025,,,,-13.16599086,68.3,71.5
Abilene Christian,98.17303286,101.6821321,0.4003803968,13–16,13,29,46.7,51.4,37.2,51.3,20.7,24,30,31.5,70.1,47.8,52.6,28.9,32.6,8.4,11.2,51.6,51.6,25.3,32.5,69.9,,,,2025,,,,-10.45511505,71.9,69.2
Rider,101.2199599,114.5902925,0.193602155,14–19,14,33,47.7,53.1,29.6,27.3,17.2,16,32.2,30.7,65.3,48.1,52.8,31.2,35.7,9.1,8.8,51.1,53.9,30.1,40.9,65.6,,,,2025,,,,-14.72747933,72.2,69.1
Boston College,105.4863508,106.643968,0.4686624702,12–19,12,31,48.9,51.9,31.5,37.1,17.3,15.5,28.8,30,66.9,47.5,51.3,34.5,35.2,10.5,8,45.3,48.4,33,35.9,67.4,,,,2025,,,,-9.845055595,71.9,71.7
Arizona,123.4102153,96.30166128,0.945438776,22–12,22,34,52.9,48.6,36.6,29.2,16.2,16.6,35.9,28.5,70.2,55.1,47.2,32.4,33.6,12,6.7,56.7,53.2,34.6,41.9,70.6,,,,2025,,,4,5.399393192,78.4,71.4
Penn St.,113.8473317,100.688078,0.8041687739,16–15,16,31,54.1,51.9,37.9,29.4,17.4,19.8,28.6,29.1,71,55.6,51.3,34.3,35.3,11.3,8.7,57.8,63.9,36.2,38.3,70.9,,,,2025,,,,-3.70620217,75.6,72.6
Hawaii,102.7335121,107.2936792,0.3776674141,13–16,13,29,50.6,49.5,39.9,33.7,20.7,13.1,31,24.9,66.9,53.1,48,31,35,5.9,7.9,49.4,41.6,37.4,32.4,66.6,,,,2025,,,,-10.99458994,74.4,74.3
San Diego,99.36807268,109.9905475,0.2372201155,5–27,5,32,45.7,54,30.5,46.1,18.4,18.5,29.9,31.6,71.8,46.3,51.6,29.7,38.5,10.1,9.5,45.8,57.2,35.8,38.3,71.7,,,,2025,,,,-19.49062384,75.1,73.4
UC Davis,96.79386137,102.871921,0.3317316945,13–17,13,30,46.3,50,38.3,39.2,19.7,21.8,27.6,33.6,68.3,45.1,48.3,32.2,35.2,10.1,7.1,47.5,54.8,35.5,37.7,67.9,,,,2025,,,,-11.18855206,74.4,75.8
LSU,108.6096737,99.42031983,0.7343186809,14–18,14,32,51.1,48.3,32.5,29.5,18.6,16.5,29.5,34.3,69.5,55.2,48.2,30.5,32.3,11.7,9.9,48.8,47.4,43.5,35.8,68.8,,,,2025,,,,-4.013335868,71.4,70.6
Fresno St.,100.4461037,107.9063832,0.3049382587,6–26,6,32,46.1,54,36.4,23.5,17.7,18,27,34,70.8,45.6,56,31.3,34.2,8.7,10.6,44,57.6,35.3,43,71.5,,,,2025,,,,-16.38294452,69.2,72.2
UMKC,100.8000784,105.9109157,0.3615182253,9–20,9,29,48.4,51.2,30.9,35.2,18.6,17.1,32.8,29.7,65.7,47.5,53.6,33.1,31.8,9.9,8.1,48.1,47.9,44,40.8,65.1,,,,2025,,,,-14.77208289,76.9,73
Baylor,120.7580258,99.36195196,0.9040210868,18–14,18,32,51.5,51.2,31,33.5,16.1,18.8,35.6,31.2,65.4,51.2,49.8,34.7,35.4,8.3,11,53.5,59.9,40.2,40.8,65.4,,,,2025,,,9,1.950697592,74.6,69.9
Oral Roberts,104.2627843,116.3848982,0.2201374649,4–22,4,26,50,55,35,38.2,16.3,13.9,22.6,33.1,68.1,48.5,56.6,34.4,35,7.1,10.2,39.8,54.2,45.7,40.2,67.9,,,,2025,,,,-16.28720736,75.9,77.2
Ohio,106.55957,107.9505958,0.4627816439,15–16,15,31,53.4,52.3,33.5,36.4,14.9,17.8,23.9,29,71.5,53.9,50.4,35,37.6,7.2,8.7,49.4,47.5,40.1,32.6,71.1,,,,2025,,,,-11.83865795,76.5,70.4
Winthrop,106.9355372,108.5361642,0.4573890711,20–11,20,31,53.3,51.4,47.7,37.1,17.7,18.7,31.2,31.5,73.8,55,50.6,33.8,35.2,8.7,11,43.8,46.4,38.3,37.9,73.4,,,,2025,,,,-6.202755651,66.2,72.5
Northern Illinois,93.61486194,112.2976791,0.1098194668,3–25,3,28,47.1,53.2,31.6,44,16.3,16.6,17.8,30.8,70.1,45.3,51,32.7,38,9.5,9.8,52.3,54.6,49.2,37.5,69.6,,,,2025,,,,-21.09222219,70.8,71.5
Georgia Tech,107.0622893,100.207691,0.68155072,17–16,17,33,50.4,48.8,31.2,28.5,17.4,15.6,30.5,28.6,69.1,49.9,46.7,34.1,34.6,10.2,9.7,55.4,54.7,36.2,40.5,69.4,,,,2025,,,,-5.111857698,68.6,72.7
Kent St.,104.4078327,101.0323577,0.5933748048,20–11,20,31,48.7,48.4,30,39.2,17.3,18.9,35.7,28.3,67.6,50.4,49.4,30.5,31.3,10.1,8.6,46.1,56.8,37.7,41.7,66.5,,,,2025,,,,-5.913304354,75.5,75.1
High Point,117.4663441,108.6984451,0.7093244317,27–5,27,32,56.4,49.1,37.6,36.3,15.3,16.5,34,29.9,67.2,57.4,48.9,36.6,32.9,7.2,8,44.9,43.1,39,36,67.2,,,,2025,,,13,-1.823374984,76.4,70.5
Weber St.,101.5125023,112.0149045,0.2437599944,9–22,9,31,50.2,53.4,34.7,37.2,16.9,16.5,24.4,30.1,65.8,51.1,52.2,32.4,36.7,6.9,9.7,42.7,55,37.2,43,66.2,,,,2025,,,,-17.11679109,70.1,73.6
Maine,99.01446505,104.270889,0.35552235,18–14,18,32,51.6,50.4,28.2,29,15.5,21.9,21.8,32.3,66.5,50.6,50.7,35.7,33.3,9.9,7.4,55.3,54.3,33,36.2,66.7,,,,2025,,,,-10.30158163,72.8,71.9
Sam Houston St.,110.7354459,110.81424,0.497955024,10–19,10,29,51,53.1,36.3,33.2,18.3,17.2,30.3,32.2,68.1,46.9,52.3,38.3,36.2,8.2,8.5,49.4,52.4,38.6,41.2,68.5,,,,2025,,,,-11.75001623,72.9,72.3
Incarnate Word,105.5931623,112.5674664,0.3239823959,13–16,13,29,51.1,52,27.5,34.7,18.1,17.5,34.5,31.4,64.5,49.7,50.8,35.8,36.4,9.6,9.4,46.1,47.8,36.3,31.2,64.8,,,,2025,,,,-11.90054948,68.3,70.9
SMU,116.8566601,100.6356545,0.8479454029,23–10,23,33,54.7,47.8,36.7,32.5,17.4,17.9,36.7,30.5,69.1,53.7,46.8,37.6,32.9,10.3,10.1,55.1,61.6,35.1,41,69.6,,,,2025,,,,-0.3584394429,72.1,74.6
Richmond,103.1987736,108.3539208,0.3634136481,8–22,8,30,48.4,52.7,29.7,37.1,15.4,15.8,19.3,27.7,64.2,49.7,52.4,31.2,35.4,7.2,9.7,51.7,52.5,45.6,48.6,64.6,,,,2025,,,,-14.95211635,80.8,72.3
Providence,110.8353795,104.6255753,0.6599490249,12–20,12,32,52.1,49.5,29.6,32.8,19,13.8,33.2,28.7,66.6,51.1,49,35.6,33.5,9.2,9.3,51.2,48.9,45.5,37,66.9,,,,2025,,,,-8.50924819,68.6,72.6
Louisville,118.0706242,95.19778514,0.9224601526,27–7,27,34,53.4,49.2,34.5,26.8,16.5,18.6,32.2,27.2,69,57,48.3,33,33.7,8.1,9.7,51.9,46.6,48.1,39.7,69.6,,,,2025,,,8,5.531647099,74.4,71.4
Davidson,110.1689731,107.2186788,0.5774137581,16–16,16,32,52.4,52.3,29.2,28.1,14.6,15.4,24.4,26.9,66.3,53.3,51.9,34.1,35.3,7.3,8.8,56.9,49.2,42.1,39.9,66.4,,,,2025,,,,-9.157573447,75,70
North Florida,108.6835849,116.9056283,0.3018188045,13–17,13,30,53.2,54.1,24.8,31.1,15,14.7,27.9,34.2,72.6,54,54.5,35,35.5,7,12.8,53.6,54.3,54,31.1,73,,,,2025,,,,-11.3859239,67.9,72.5
Missouri St.,101.9097787,106.1137683,0.385829997,7–23,7,30,50.9,54.7,34.3,38.5,20.7,19.1,32,28.4,64.3,49.1,55,36,36.1,8.4,11.9,49.9,55.3,37,39.4,64.5,,,,2025,,,,-17.31628513,65.4,70.9
Vanderbilt,118.1833755,100.9005075,0.8603474345,20–12,20,32,51.7,52.9,34,39,14.7,20,32.2,29.7,70.2,53.6,51.5,32.5,36.9,11.4,11.4,50.1,47.3,40.2,37.5,70.3,,,,2025,,,10,1.492771045,74.7,72
Utah Tech,101.6496088,113.3516065,0.2221686645,5–26,5,31,48.8,53,33.7,41.1,18.3,17.4,26.2,33.5,68.6,47.9,53.7,33.4,34.4,8.5,11.1,51.6,50.3,39.8,31.5,68.1,,,,2025,,,,-19.80148291,70.2,70.9
Akron,113.1444308,106.5097993,0.6670613589,26–6,26,32,55.4,49.5,26.8,33.7,16.6,17.2,33.3,29,72.4,55.8,50.6,36.6,31.9,9.8,7,58.5,44.7,45.4,38,71.9,,,,2025,,,13,-1.83017229,74.9,73
Memphis,112.2528948,98.56493377,0.8168942386,29–5,29,34,53.6,48.5,39.4,33.6,19.2,19.1,35.1,32.3,71.4,52,48.6,38,32.2,13.1,9.4,52,54.1,33.1,40.7,71.4,,,,2025,,,5,4.854866899,70.2,71.1
Central Arkansas,97.18089905,115.8926579,0.116599104,7–24,7,31,47.4,56.8,28.8,22.6,18.2,16.7,28.6,30,67.4,50.2,55.4,29.6,38.7,8.1,12.5,56.1,61.5,47.8,52.1,67,,,,2025,,,,-18.19282948,72,72.4
Murray St.,105.0987824,105.0556848,0.5011791818,15–17,15,32,49.3,51.2,41.2,35.5,16.9,17.3,29.1,26.4,65.3,48.6,52.6,33.6,32.1,7.9,10.5,49,37.7,40.1,32.1,65.4,,,,2025,,,,-10.68245307,72.2,74.2
American,101.5941843,107.9176228,0.3330568187,20–12,20,32,51.8,52.1,29.5,34.1,16.8,17.6,23.8,27.4,63.7,51.1,53.1,35.1,33.6,5.3,9.5,52.1,50.4,44.8,35.7,64.2,,,,2025,,,16,-8.288802019,75.9,69.2
Notre Dame,111.3602883,103.824339,0.691215744,15–18,15,33,51.7,51.4,31.8,30,16.5,14.9,29.6,26,65.4,50.8,53.6,35.5,32.1,5.1,9.1,44.2,55.1,37.5,40.5,65.4,,,,2025,,,,-6.992496213,74,75.4
Creighton,116.843063,98.18694567,0.8808518584,24–10,24,34,55.8,47,28.5,16.9,18.1,11.7,26.9,27.2,67.6,60.5,45.8,33.9,32.7,10.7,10.9,63.4,43.3,49,35.2,67.9,,,,2025,,,9,3.088750215,73.3,71.4
Duke,127.5373868,90.73435669,0.9804578296,31–3,31,34,57.4,44.5,32.1,25.4,14.4,17.7,35.2,26.5,66.6,58,43.4,37.7,30.9,10.6,9.7,58.1,51.4,45.4,37.9,66.5,,,,2025,,,1,9.589479146,78.4,71.5
Bowling Green,100.0787922,109.3934812,0.2643607314,12–18,12,30,49.9,52.6,34.5,29.8,17.5,17.3,25.6,27.4,69.9,49.6,54.6,33.5,33.2,9.4,12.2,43.6,54.9,39.7,42.4,69.5,,,,2025,,,,-14.34130847,74.7,78.5
UCLA,116.816562,94.8179914,0.9167834743,22–10,22,32,53,50.5,32.9,34.6,15.9,22.8,32.8,29.2,66.6,53.1,51.2,35.2,33.2,10.5,7,60.5,57.8,36,44.8,65.8,,,,2025,,,7,3.255464209,70.3,74.9
Pacific,101.0132122,110.6549295,0.2595322936,7–24,7,31,48.1,53.2,32.8,37.1,19.3,15.4,28.8,28.2,67.9,50.3,52.9,29.7,35.8,7.9,9,49.7,60.3,37.8,39.5,67.2,,,,2025,,,,-15.7127343,73.4,77.2
Texas A&M,115.6435779,92.9823838,0.9247134381,22–10,22,32,47.5,48.2,41.7,35.3,18.2,19.7,42,27.8,67.5,48,46.5,31.1,33.4,13.9,14.8,47.7,64.8,37.6,47,66.8,,,,2025,,,4,5.169737405,69.5,76.8
North Texas,109.3834749,98.34509072,0.7726504055,22–8,22,30,51.6,46.8,36.6,39.5,17,19.5,33.1,27.7,60.9,50.5,47.6,35.7,30.3,8.2,8.9,45.8,46.7,37.3,37.7,61.1,,,,2025,,,,-1.834388099,77.6,75.3
Nevada,112.4205931,103.5231027,0.7207534029,17–16,17,33,53.7,51.3,37.3,37.9,15.5,18.7,27.4,26.5,64.9,55.3,49.5,34.1,35.7,12.4,7.5,58.8,62.3,37.5,44.7,64.5,,,,2025,,,,-6.393298702,70.3,72
UTSA,106.9822274,109.4676862,0.4343519728,10–19,10,29,49.7,53.3,29,43.9,15.7,20.6,27,35.5,69.7,46.1,53.2,36.1,35.7,9.7,12.8,48.1,58,44.1,37.9,70.4,,,,2025,,,,-12.79797198,79.1,72.8
Mississippi Valley St.,83.18415064,125.3532719,0.008872297717,1–28,1,29,42.1,57.9,30.3,38.4,24.3,15,22.7,38,66.1,41.6,58.8,28.8,37.7,4.9,10.5,41.7,52.9,30.6,38.4,65.5,,,,2025,,,,-21.03859428,66.9,68.1
Gardner Webb,102.5054708,110.3432287,0.2999963217,11–20,11,31,51.9,52,36.2,37.2,20.8,14.8,33.4,30.2,70.2,53.1,54.2,33,32.3,8.8,8.5,39.4,50.6,33.1,38,69.8,,,,2025,,,,-14.97472639,69.2,70.5
Norfolk St.,106.6542358,108.7979413,0.4430351821,21–10,21,31,52.4,49.7,39,34.9,18.3,18.6,32.8,33.8,67.4,54.5,48.9,31.3,33.9,9,9.3,49.3,59.2,27.7,42.7,67.1,,,,2025,,,16,-5.340705191,75.3,71
Chattanooga,113.415457,111.1299594,0.55826157,22–9,22,31,56.5,51.2,31.5,33.8,15.4,16.2,25.8,29.9,67.4,57.5,50,36.8,35.4,8.6,8.7,60.8,49.6,45.3,41,67.3,,,,2025,,,,-4.099124519,76.9,70.1
Georgia Southern,102.1770183,109.2739234,0.3159954904,16–16,16,32,50.6,50.1,26.5,43.1,19,18.4,33,33,70,49.8,51.2,34.5,32.3,10.7,11.9,50.3,51.2,44.3,40.1,70.3,,,,2025,,,,-11.37892269,65.1,71.4
Northern Arizona,104.0314405,110.5123133,0.3329242793,14–15,14,29,50.3,53.3,29.6,34.3,15.4,14.8,31.5,23.8,67.1,49.4,52.8,34.5,36,3.6,8.9,52.4,50.9,38.2,37,67.4,,,,2025,,,,-11.51289343,66.2,71.6
Nebraska,111.76459,98.37091432,0.8127487178,17–14,17,31,51.5,50.9,36,27,16.2,17.6,26.8,28.8,68.9,53.3,50.6,32.5,34.1,9.1,8.8,52.5,53.6,38.5,46.2,68.2,,,,2025,,,,-1.439477083,74.8,70.5
Yale,113.9328351,103.7820609,0.74519241,21–7,21,28,54.8,48.8,32,28.7,14.4,16.1,33.2,25.8,68.8,53.4,47.3,38.5,33.7,11.8,7.6,53.4,58.8,32,48,68,,,,2025,,,13,-2.694996352,73.6,76.6
Tennessee Martin,101.7712505,111.6451842,0.2563781355,11–19,11,30,47.6,52.3,34.4,33.9,19.5,18.9,34.7,30.8,66.8,48.5,52,31.1,35,8.4,14.4,51.1,57,47.3,48.2,67,,,,2025,,,,-15.48395003,69.4,70.6
Morehead St.,98.3621955,111.2181897,0.1958195396,12–17,12,29,45.9,50.3,37.6,34.7,18.4,14.4,31.2,25.4,64.9,45.5,49.9,31.2,34.1,6.4,9.8,48.1,46,34.1,33.4,64.8,,,,2025,,,,-13.23246447,67.4,75.1
Tennessee,118.823611,90.3545257,0.9589023696,27–7,27,34,52.8,44.4,35.4,29.4,16,17.8,35.4,30.1,65.5,54.1,46.7,34,27.8,16.1,9.1,60.2,46.5,43,45.1,64.6,,,,2025,,,2,9.260151563,74.3,74
Texas St.,108.2671551,112.013617,0.4034250776,14–16,14,30,50.7,49.9,36,41.6,18.1,16.1,35.2,31.5,66.8,49.3,47.4,36.4,36.1,11.2,10,52.6,50.7,27.8,36.4,66.7,,,,2025,,,,-11.66243564,76,72
Jackson St.,99.28212971,107.3213356,0.2899943265,16–18,16,34,47.7,50.6,37.5,30.6,19.5,17.4,30.1,30,70.1,47.1,50.3,32.6,34.1,9.6,9.1,49.7,55.9,33.7,41.7,69.2,,,,2025,,,,-10.64225796,73,70.7
Mississippi,117.0639619,96.4545436,0.9026444642,22–11,22,33,51.1,50.5,35.6,39.5,12.8,20.5,25.4,30.8,69.3,51,51.6,34.1,32.7,12.4,11.2,53.5,58.3,40.2,44,68.7,,,,2025,,,6,4.808459409,73.8,70.5
Wyoming,103.448403,104.8306608,0.4619131073,11–20,11,31,50.3,51,30.4,41.1,19.9,15.8,30,27.2,65.2,49.5,51.7,34.4,33.3,8.2,9.8,48.2,47.1,40.7,37.3,65.3,,,,2025,,,,-10.80724736,65.2,71.7
Minnesota,109.4895743,101.5632435,0.7035369616,15–17,15,32,49.9,50.1,31.5,33,16.6,16.3,30.2,30.6,63.8,50.7,49.2,32.2,34.5,12.9,10.1,61.3,60.4,35.9,34.3,63.4,,,,2025,,,,-4.460239277,66.4,74.3
Illinois,121.7445188,97.0969777,0.9309559113,21–12,21,33,52.3,47.3,34.6,26.8,15.8,12.7,36,26.3,72.3,57.3,46.1,31.1,33.3,9.1,8.8,51.9,45.8,46.9,30.4,72.1,,,,2025,,,6,3.361963585,75.9,71.2
LIU,94.84087368,104.5617575,0.2456145237,15–16,15,31,47.7,48,27.6,43.5,20.1,19.2,32.3,27,65.1,48.8,48.8,30.3,31.2,11,10.2,44.2,59.8,33.4,39.8,65.6,,,,2025,,,,-12.69569936,73,75.3
UTEP,106.3520979,103.4545407,0.5787548903,15–15,15,30,49.3,52.4,37,40,16.6,22,25.4,32.4,68.9,47.7,54,34.6,33.4,8.9,9.7,51,57.7,36.2,41.2,69.2,,,,2025,,,,-8.386991383,71.9,71.5
Loyola Chicago,107.3962752,101.916743,0.6461701121,21–11,21,32,52.6,49,31.7,33.2,17.6,17.9,29.9,27.5,67.3,53,48.3,34.7,33.3,13.6,9.7,60.3,50.1,42,40.4,67.6,,,,2025,,,,-4.619971492,66.4,72.3
Texas,116.6459534,99.80328848,0.8573356707,19–15,19,34,52.5,48.4,36.6,39.3,14.3,16.6,29.8,29.7,68.4,51.8,47.5,36,33.3,11.7,8.2,47.5,48.3,35.4,36.2,68.1,,,,2025,,,11,0.03686995604,74.9,70.1
Maryland Eastern Shore,95.54183521,119.0759616,0.07362665831,2–25,2,27,45.7,55.3,35.6,40.6,19.7,15.5,27.1,34.1,67.4,44.7,58.6,31.5,33.3,5.7,8.9,46.4,57.2,37.2,37.7,66.8,,,,2025,,,,-19.47667173,66.7,71.3
Western Illinois,99.17918756,117.1039214,0.1289206432,9–19,9,28,50.1,51.1,27.2,30.6,18.2,14.4,28.1,31.8,65.1,46.7,50.2,37.3,35.1,9.2,7.5,39.2,47.6,37.2,34.8,65.1,,,,2025,,,,-16.35168586,69.2,73.8
Fairleigh Dickinson,98.47965887,110.8517574,0.2040853971,10–20,10,30,49.1,50.5,32.1,30.4,17.1,17.6,25.9,32,68.6,49.7,53.3,32.2,30.3,6.9,9.4,53.6,50.4,41.5,35.6,70,,,,2025,,,,-15.83585664,71.5,76
Cornell,114.4804814,110.8261569,0.5922023966,16–11,16,27,58.7,52.2,28.6,31.3,16.8,15.3,25.5,28.9,72.1,61.1,52.3,37.4,34.7,8.1,6.5,60.7,53.9,48.6,39.1,71.5,,,,2025,,,,-7.226881678,76.2,70
West Virginia,110.516883,92.2293466,0.8889671444,19–13,19,32,50,46.3,25.6,32.2,16.2,19.4,25.9,30.8,65.2,50.9,47.3,32.6,29.7,11.6,9.4,56.5,46.2,46.1,36.5,64.9,,,,2025,,,,1.466201212,72,74
Cleveland St.,102.2596917,103.8356367,0.456143726,18–12,18,30,49.3,50.6,31,38.1,18.3,22.3,34.5,34.1,66.1,49.6,49.8,32.5,34.5,14.1,10,52.3,56.3,32.7,40.4,66.3,,,,2025,,,,-7.775173317,72.1,70.5
Queens,105.4495653,108.5321911,0.4179094068,17–14,17,31,52.3,51.7,33.7,32.1,18,16,31.1,28.7,69.5,52.6,51.4,34.6,34.8,13.9,10.4,59.8,46.3,44.2,37.8,69.2,,,,2025,,,,-8.595176224,69.1,70.3
Southern Illinois,105.4649731,107.590119,0.4428942324,12–19,12,31,51.6,52.6,34.2,33.7,18.3,15.2,30.3,28,68.1,51,51.5,35.1,36.1,8.5,8.3,52.3,53.7,33.6,39.8,68.6,,,,2025,,,,-12.94106519,67.8,70.9
San Diego St.,108.9447184,93.99760134,0.8451516945,20–9,20,29,50.6,45.3,32.1,37.2,16.8,19.7,29.4,30.9,66.1,51.6,45,32.8,30.4,18.6,8.7,50.9,50.1,39.4,47.3,66.6,,,,2025,,,11,0.9144583565,66.7,70
Nebraska Omaha,111.072536,108.8582163,0.5576370929,20–12,20,32,53.5,53.1,36.4,37.7,15.7,14.9,29.2,25.4,69.1,52.5,53.5,36.7,35.1,7.3,8.3,49.5,51.5,38.6,44.5,68.5,,,,2025,,,15,-6.522457135,73.3,71.9
Texas A&M Commerce,95.88699437,111.4214653,0.1510074987,5–26,5,31,49.2,53.8,28,36.5,22.5,19.9,28.1,35.9,67.8,51.1,52.6,31.4,37.4,10.7,13.4,61.6,59.4,48.3,34.6,68.2,,,,2025,,,,-20.15886957,64.4,69.2
DePaul,109.6248187,104.2745061,0.6400138542,14–19,14,33,52.7,51.4,27.4,28.9,17.9,15.5,27.2,28.7,67.6,53.3,51.3,34.6,34.4,9.4,10.5,60.2,54.3,46.4,35.5,67.8,,,,2025,,,,-7.493057863,70.6,70.3
UT Rio Grande Valley,104.9332155,110.0521689,0.3663866476,12–15,12,27,51.7,51.4,22.7,29.9,19.2,17.6,30.8,33.9,70.8,55.4,52,31.8,33.4,6.8,7.8,57,51.3,49,35.1,71.3,,,,2025,,,,-10.20653174,71.1,74.4
Chicago St.,91.83349966,114.710806,0.07188911042,4–28,4,32,44.4,54.9,26.8,36.9,18.5,18.2,22.6,33.6,69,43.4,55.7,30.6,35.8,10.2,8.9,48.5,57.5,40.9,39.4,69.3,,,,2025,,,,-21.78096154,70.5,72.1
South Dakota,109.1796945,115.0908449,0.3528907196,16–14,16,30,50.1,54.8,45.4,35.2,12.6,17.3,30,35.7,75,51.7,55.4,31.6,35.9,7.8,8.5,39.5,50.8,37.5,38.9,75.2,,,,2025,,,,-8.952102479,71.4,71.8
Montana St.,105.0046536,106.5976361,0.4568199121,14–18,14,32,52.8,48.8,31.9,31.9,15.1,15.3,20.7,29.4,66.6,53.8,50.6,34.3,29.8,9,7.4,52,46,43,32,66.6,,,,2025,,,,-12.00410958,72.5,77.2
Oklahoma St.,107.6183357,100.0881926,0.6972427156,15–17,15,32,48.3,53.5,41.6,36.2,19.1,20.6,31,29.4,71.8,48,54.6,32.5,34.8,8.6,11.4,51.7,55.2,35.1,43.7,72.1,,,,2025,,,,-3.472762623,72.3,71.4
Wagner,92.56091251,108.5932567,0.1374020671,10–16,10,26,43.7,50.4,29.3,39.9,19.4,18.2,31.7,25,60.5,41.5,50.8,31.6,33.2,5.1,9.9,54.8,56,37.6,42.9,60.8,,,,2025,,,,-13.0774989,71.1,72.8
Bethune Cookman,97.07291635,107.368297,0.2388073681,17–16,17,33,48.2,48.8,35.9,32.4,19.5,16.7,28.8,30,69.6,48.4,49.8,31.9,31.3,9.7,10,52.9,53.2,33.9,36.9,69.7,,,,2025,,,,-10.21164682,69,72.5
Wofford,111.1868606,109.7093426,0.5383851695,17–15,17,32,53.3,51.8,31.1,36.2,16.9,14.9,35.5,26.2,64.6,54.6,51.8,34.5,34.5,8.8,9.7,55,49.3,47.7,45.8,64.7,,,,2025,,,15,-9.695591608,66.8,69.2
Cal Poly,108.6860138,110.8094256,0.4446008116,15–19,15,34,55.2,53.2,26.8,32.4,20.7,19.1,27.6,33.2,74.7,56,54.3,36.3,34.4,5.4,10.2,52.9,50.3,51.1,39.9,75.2,,,,2025,,,,-11.48849668,76.9,76
Towson,105.1127835,106.5320295,0.4615173791,21–11,21,32,47.9,50.8,28.4,30.7,14.5,17.3,35.3,28,64.1,46.7,50.7,33.4,34.1,9.7,8.1,41.4,46.2,37.2,38.8,64.3,,,,2025,,,,-5.92842236,68.2,70.6
Delaware St.,100.3931815,114.2396479,0.1845458214,12–14,12,26,48.8,53.8,36.3,40.3,18.1,20,34,32.1,71.3,47.6,56.3,35.5,33.5,6.4,6.5,44.8,57.4,20.7,41.1,70.8,,,,2025,,,,-10.96724044,72.3,73.7
Prairie View A&M,97.31382715,117.5336749,0.1023838357,4–27,4,31,48.2,56.2,33.8,40.5,16.7,20,24.5,39.1,71.4,48.6,57.6,31.5,35.7,8.3,9.5,47.5,52.2,33.7,32.7,71,,,,2025,,,,-21.33177605,69.1,69.8
Alcorn St.,97.01823193,111.2026514,0.1723253304,11–20,11,31,46.1,53,30.4,31.5,19.6,18.3,33.6,32.5,66.3,45.4,54.6,31.8,34.1,8.5,10.6,43.5,60.9,29.6,45.3,65.4,,,,2025,,,,-14.0251748,72,72.1
Liberty,112.4252857,98.20891452,0.8255924803,25–6,25,31,58.4,45.9,30.9,26.3,15.3,16.9,18.9,28,66.4,57.7,48,39.5,28,7.8,9.1,61.2,39.4,47.7,34.4,66.1,,,,2025,,,12,-0.3193851478,65.4,73.6
UNC Wilmington,111.8584369,106.9253139,0.6268415215,25–7,25,32,52.2,50.9,37.8,30.3,16,17.4,35.4,28.1,66.3,53.8,50.4,33,34.4,10.6,9.5,54.4,48.3,36.2,42.6,65.9,,,,2025,,,14,-3.258290453,75.3,68.1
Le Moyne,102.0345519,120.8250566,0.1252232964,7–23,7,30,51.5,54.7,37.7,36.9,19.6,16.3,25.7,32.9,68.4,53.2,54.1,32.8,37,5.9,9,54.3,57.2,41.3,41.4,69.3,,,,2025,,,,-19.18348999,71.1,73.3
Presbyterian,103.0591421,110.9422457,0.2999307829,11–18,11,29,51.2,52.5,31.2,39.2,16.3,17.7,29.6,31.3,65.5,49.7,52.9,36,34.4,8.6,8.4,47.7,46.9,34.2,34.7,65,,,,2025,,,,-13.90563527,68.1,71.7
Michigan,116.166496,94.42819708,0.9154927085,25–9,25,34,54.5,46.3,35,28.5,19.8,16,33.2,29.8,70.6,57.7,45.9,33.4,31.3,9.3,7.5,58.5,44.9,42.5,38.9,70.2,,,,2025,,,5,6.233450833,72.8,73
Bellarmine,103.0709059,121.14611,0.1349162547,3–26,3,29,53.7,58.1,26.5,34.9,17.4,15.4,20.2,30,67.2,53.9,57.8,35.6,39,5.6,7.4,52.4,55.8,43.2,47.4,67,,,,2025,,,,-21.18063085,76.6,76.2
East Carolina,106.0866307,108.0534059,0.4473830088,17–14,17,31,48.4,51.7,35.2,31.6,15.6,17.4,33.8,31.2,67.3,49.3,48.5,31.2,38.4,11.6,9.1,49.8,55.6,35.2,35.3,67.2,,,,2025,,,,-8.94024387,72.9,73.4
Northwestern,112.6892609,98.02604385,0.8324526994,17–16,17,33,49.8,49.9,31.3,36.6,14.9,19.8,31.2,30.1,66.1,49.7,49.4,33.3,33.8,10.7,8.9,55.8,61,34.2,39.3,65.7,,,,2025,,,,-2.639286588,73.3,75
Eastern Illinois,93.82844315,106.4695441,0.1894641561,9–19,9,28,44.1,51,33,39.7,18.7,20.8,30,30.9,67,42.6,50.2,31.7,34.7,8.1,11.5,46,61.8,29.7,44.4,66.8,,,,2025,,,,-14.53374623,69.3,71.1
Buffalo,95.76905415,113.3657074,0.1256684738,7–22,7,29,48.8,54.2,32.7,31.2,19.5,16.2,24.8,31.3,72.2,51.3,53.4,30.5,37.2,8.7,10.3,52.9,52.8,43.9,35.2,71.3,,,,2025,,,,-17.33124352,69.9,72.3
Northern Kentucky,101.373171,108.6254171,0.3111786085,15–16,15,31,49.8,52.5,31.3,29.3,17.3,19.9,31,32.5,66.8,50,50.6,33,37,9.3,9,54.2,54,40,40.1,66.6,,,,2025,,,,-11.27616684,67.2,74.1
Valparaiso,105.4443261,110.0741901,0.3789111972,13–19,13,32,47.7,53.7,33.6,35.4,14,17.1,26.5,28.5,68.1,47.3,54.2,32.3,35.2,9.7,9,45.2,51.4,38.4,36,68.7,,,,2025,,,,-12.97494675,79,70.5
Mercyhurst,99.31262037,115.7057669,0.1471733787,12–16,12,28,48.6,55,30.9,38.3,16.4,20.3,22.2,33.3,64.5,45.8,56,35.7,35.7,6,8.2,57.8,55.5,36.4,39.8,65.3,,,,2025,,,,-12.6384427,80.7,71.3
Elon,106.4419554,110.3340346,0.3981941477,15–15,15,30,50.2,48.1,38.8,24.7,19,13.3,36.3,31.4,65.4,50.8,47.1,32.8,32.9,11.8,8.2,48.5,57.5,41.7,43.5,65.7,,,,2025,,,,-11.04570865,75.7,71.5
Appalachian St.,101.0392499,100.7180736,0.5091523751,15–14,15,29,49.6,46.1,35.1,22.2,16.9,14.8,27.6,29.6,63.9,48.7,47,34,29.8,8.8,10.9,51.7,49.8,41.1,40.1,63.9,,,,2025,,,,-9.483399593,65.5,74.4
West Georgia,97.16527891,114.4196248,0.1324140867,5–25,5,30,47.2,56.1,28.8,36.3,16.3,16.6,26.1,29.2,68.9,48.4,56.9,29.7,36.8,9.3,7.5,51.2,57.3,30.1,43.7,68.8,,,,2025,,,,-20.24247644,69,71.9
Oklahoma,117.9781668,101.1335754,0.8546640113,20–13,20,33,54.9,51.1,39.6,35.8,17.3,18.1,26.5,31.7,70,54.6,54.9,37,30.5,6.8,10.4,52,47.3,41.9,41.9,69.2,,,,2025,,,9,2.121800389,79.4,72.9
Mississippi St.,118.5181168,98.60562848,0.8923795753,21–12,21,33,51.7,51.9,31.6,35.4,15.1,19,34.1,29.5,69.7,55.2,50.1,31.4,36.1,14.3,8.6,53.3,53.2,42.3,44.2,68.7,,,,2025,,,8,2.952505297,70,69.5
St. John's,112.7944776,89.65728411,0.9333974805,30–4,30,34,49.7,46.6,30.2,30.4,15.6,21.9,37.3,28.9,70.4,51.5,45.8,30.4,31.8,15.1,8.3,53.7,55.9,30.3,40.8,70.9,,,,2025,,,2,7.847713541,68.9,67
Long Beach St.,100.8498086,113.5563393,0.2034827783,5–25,5,30,49.2,53.4,35.5,35.2,21.7,17.1,28.5,34.9,65.7,47,51.2,35.3,38.1,8.3,8,49.3,49.4,37.1,37.6,64.8,,,,2025,,,,-18.87029239,75.5,73.8
Samford,111.2210149,107.9085728,0.5860604043,20–10,20,30,54.6,53.2,29.3,41.8,18.3,21.8,34.6,33.5,71.6,54,53.8,36.9,35,11,10.3,55.9,59.4,46.7,43.8,71.6,,,,2025,,,,-4.915176778,72.1,70
Eastern Washington,102.4336345,111.1057735,0.2819971183,8–22,8,30,50.9,54.4,31.1,39.7,18.7,19,26.9,33.6,67.8,52.5,53.8,32.3,36.9,8.8,7.9,52.6,54.4,37.6,38.4,67.7,,,,2025,,,,-16.40281272,77.3,73.4
Kansas St.,110.0916377,97.17510501,0.8077076197,16–17,16,33,50.6,49,27.6,28.6,17.7,18.1,29.4,31.7,67.9,51.8,49.9,32.5,31.5,9.2,10.1,59,55.3,40.2,35.7,67.8,,,,2025,,,,-2.537784231,69.1,73.4
Alabama A&M,92.88283764,114.7210084,0.08103333763,7–22,7,29,45.1,54.3,38.6,46.7,21.9,21,33.9,34.6,71.8,44.3,51.8,30.8,39,10.7,8.7,53.4,57.8,41.6,37.5,71.5,,,,2025,,,,-18.77510379,66.7,70.2
Charleston,105.2226782,104.731393,0.5134515784,23–9,23,32,52.4,50.1,34.6,26.5,16.2,16.4,26.5,28.3,70.1,51.8,51.4,35.5,32.1,6.3,10,58.7,53.7,40,39.7,71,,,,2025,,,,-4.618488058,71.1,71.2
UC San Diego,112.7344659,97.45317651,0.842258118,28–4,28,32,55.4,47.7,33.8,29.8,13.4,23.3,25.6,28.4,66.9,56.1,46.2,36.5,33.1,7.5,10.1,57.3,51.8,49.6,44.3,66.5,,,,2025,,,12,1.161551693,74.6,75.4
Grambling St.,95.46037329,109.0277128,0.178250601,9–22,9,31,47.3,49.3,35.1,31.3,19.2,18.3,26.3,31.1,66.1,46.9,47,32,35.7,9.8,10.2,48.5,52.6,35,35.6,64.6,,,,2025,,,,-16.92390289,72.9,74.9
Texas Southern,95.81533108,105.5772399,0.2468039431,12–17,12,29,47.5,47.4,28.9,36.2,19.8,19.6,30.5,34.7,71.2,46.2,46.5,33.1,32.6,10,9.7,51.8,55.7,35.8,41.3,70.6,,,,2025,,,,-11.87080098,72,68.5
Colorado,108.4463083,99.1576166,0.7368697603,14–20,14,34,50.6,49.5,36.3,34.8,21,16.4,28.9,28.3,68.2,51.9,48.5,32.2,34.1,11.1,10,58.4,50.8,37.3,39.1,68.3,,,,2025,,,,-4.432212023,75.4,70.5
VMI,98.71663361,111.8788132,0.1916425835,11–19,11,30,48.5,54.2,37.5,30.5,18,17.6,25.2,32.1,68,50.3,56.3,31,34.5,8.4,10.3,48.5,64.7,46.9,47.5,68.8,,,,2025,,,,-14.82617496,76.7,65.1
Auburn,129.6646059,93.40911461,0.9775018193,28–5,28,33,55.7,46,33.5,39.2,13.4,17.4,34.3,30.3,68.9,56.1,47.2,36.8,29.2,16.5,7.5,55.5,40.2,40.6,34.8,68.5,,,,2025,,,1,12.4597361,74,73.5
New Orleans,98.76528337,117.1745845,0.1228658716,4–27,4,31,45.9,54.9,33.9,26.6,18.8,16.1,31.6,35.5,69.5,46,55.1,30.4,36.4,7.1,11.1,50.1,58.5,30.7,42.4,69.9,,,,2025,,,,-19.98520471,66.9,72.2
Idaho St.,105.2891551,109.2691346,0.3949168345,12–15,12,27,47.8,54.1,34.4,32.7,16.3,17.9,38.3,25.9,66.7,48.3,53,31.2,37.3,12.2,10.4,47.9,53.9,36.6,37.7,66.6,,,,2025,,,,-10.54631586,74.3,69.5
Columbia,105.4905909,115.6648804,0.2575262659,10–15,10,25,52.6,56.4,29.5,25.4,15.4,16.4,25.9,26.7,71.4,53.9,54.6,33.8,39.2,5.8,10,60.1,63.7,39.1,41.8,71.5,,,,2025,,,,-11.37449691,72.8,73.1
IU Indy,108.4112179,122.8132561,0.1924087603,7–22,7,29,50.4,57,34.1,35.1,15.7,16,30.6,33.6,65.9,46.2,57.8,36.8,37.3,5.9,13.8,53.2,59.2,47.3,40.8,65.6,,,,2025,,,,-17.74324704,74.8,74.9
Western Carolina,94.67970865,112.0078311,0.1264416006,5–22,5,27,45.4,51.1,27,34,19,13.5,25.7,29.4,71.1,46.3,52.8,29.7,32.6,9,9.4,48.8,54.3,48.2,44,71.2,,,,2025,,,,-16.70807087,73.5,74.5
Eastern Kentucky,109.3447595,110.7371077,0.463686183,16–14,16,30,49.7,52.6,26,31.8,13.8,17.8,32.4,33.2,68,47.7,52.1,34.9,35.5,9.5,8.6,47,49.5,42.2,37.3,68.3,,,,2025,,,,-8.682058131,77.4,71.1
Penn,102.6243642,115.4655018,0.2049223079,8–19,8,27,49.4,53,28.9,25.8,16.4,13.4,26.8,29.7,67.5,49.9,50.8,32.6,37.5,4.7,9.7,55.7,53.8,44.4,39.2,67.6,,,,2025,,,,-13.87923855,69.7,77.3
South Carolina St.,102.0367304,104.7122979,0.4261289366,17–13,17,30,50.8,50.1,42.9,47,19.9,22.8,35.7,32.7,70.7,50.2,51.8,34.7,31.1,10,8.2,56.9,55.7,33,34.1,69.9,,,,2025,,,,-9.186250511,70.2,69.7
Idaho,108.1742245,114.9120852,0.3329486447,12–19,12,31,51.8,54,33.6,35.7,17.9,15.1,28.9,31.3,66.7,51.5,55.1,34.7,34.9,7.9,10.7,48.7,52.3,47.9,39.9,67.1,,,,2025,,,,-14.03027222,76.1,69.3
Stony Brook,101.1356837,117.4620169,0.1517426564,7–24,7,31,47.7,56,31.6,28.4,18.3,14.9,29.5,31.2,64.6,45.7,57.2,33.8,36.3,6,11,48.8,58.7,39,42.3,65.2,,,,2025,,,,-19.6454345,74.5,69.9
Evansville,97.46699216,105.3853015,0.2894086055,10–21,10,31,48.8,50.2,31.1,34.6,17.7,16.7,22.6,29.2,66.9,51.5,49.4,29.9,34.1,13.9,7.6,52.6,54.8,40.6,44.9,67.6,,,,2025,,,,-15.08957952,70.5,73.7
Saint Peter's,95.13359066,105.4339435,0.2346516816,11–16,11,27,44.7,47.3,34.7,37.6,20.7,17.6,37,31,64.5,42.4,47,32.2,31.9,10.6,12.3,45.3,51.1,38.5,38,64.5,,,,2025,,,,-13.3853843,73.6,73.1
Virginia,110.4878683,103.6896759,0.6748681356,15–17,15,32,52.7,50.8,26.4,28.8,16.4,15.7,22.4,29.7,61.6,49.9,50.6,37.5,34.1,11.3,9.4,63.6,50,42.8,38.7,61.7,,,,2025,,,,-5.550129789,75.3,75.5
UCF,115.0895821,103.3748957,0.7746068742,17–16,17,33,49.4,51.1,36.3,30.8,17.2,18.1,32.4,34.4,72.8,48.6,52.1,33.6,33,11.1,10.4,53,53.5,41.3,37,72.5,,,,2025,,,,-1.989331549,77.7,73.4
Drexel,103.3109267,105.5205046,0.4394573528,17–15,17,32,52.2,47.8,24.2,28.2,18.6,14.4,33,30.1,63.9,51.9,48.1,35,31.6,11.9,8.1,48.4,48.7,37.1,35.4,63.7,,,,2025,,,,-11.72398786,69.8,69.2
Charleston Southern,99.24454169,111.3319011,0.210538498,8–22,8,30,48.7,53.4,43.9,33.3,19.9,13.5,31.2,28.2,68.9,50.7,55.4,30.7,32.4,6.1,10.9,47.5,41.7,42,29.2,68.2,,,,2025,,,,-16.1316948,66.3,69.8
Northern Iowa,109.2591674,104.2837303,0.6308779073,19–12,19,31,55.5,51.5,35.2,28.3,15.9,17.4,25.6,25.2,65.2,55.3,49.9,37.2,36,9,7.6,52.5,44.1,35.9,40.9,65.7,,,,2025,,,,-6.583855629,69,70.3
South Carolina,109.6331932,99.32034368,0.7569596192,12–20,12,32,48.9,51.5,43.3,30.4,18.4,15.6,30.4,27.3,66.8,49.8,51.1,31.6,34.8,7.8,13.9,54.7,49.9,39,34.6,66.1,,,,2025,,,,-5.627661378,71.5,71.1
Lamar,101.4370766,102.7142507,0.4640893753,17–13,17,30,47.2,47.6,29,34.8,19,17.7,35.5,31.8,65.8,44.3,47.9,35.6,31.4,14.7,9.8,56.6,55.6,32.8,39.1,66,,,,2025,,,,-7.444388493,69.9,67.4
Kentucky,124.0991749,98.76893678,0.9324801209,22–11,22,33,56,50.4,35.9,31,15.2,14,28.7,25.9,72.7,55.9,53.7,37.4,30.8,11.3,8,56.7,46.3,41.7,43.5,71.6,,,,2025,,,3,5.552136387,73.8,72
Lafayette,97.54471578,108.6660277,0.2241514069,12–20,12,32,50.2,50.4,30.5,26.9,16.6,16.7,24,28,65.9,49.7,48.3,34,35.8,9.9,6.5,59.4,54.3,40.3,37.9,66.9,,,,2025,,,,-16.81140126,69.2,73.5
North Carolina Central,102.4680939,116.4184018,0.1872696016,10–19,10,29,50.1,54.8,39.8,42,19.2,21,34.6,38.8,68.9,49.9,57.6,33.7,32.7,5.7,8.7,54.6,48.2,34,32.8,67.7,,,,2025,,,,-15.39924601,70.1,72.4
Wisconsin,122.2882038,96.88124538,0.935733262,26–9,26,35,53.6,47.9,33.8,28.1,14.1,14.5,28,26.6,68.6,54.7,46.8,34.9,33,6.1,10.8,54.9,49.3,48.1,39.1,68.2,,,,2025,,,3,5.940910276,82.8,72.3
Alabama,127.0436114,96.24872594,0.9605449571,25–8,25,33,56.3,47.9,40.1,33.9,16.7,13.5,34.7,29.2,76.3,59.7,48.8,35,30.8,10.1,12.2,54.1,43.8,46.2,35.1,75.4,,,,2025,,,2,9.767870626,71.6,70.4
Tennessee Tech,101.4015225,111.7651039,0.2461820338,13–17,13,30,50.7,49.6,28.8,22.2,17.4,15.2,25,32.4,68.5,49,50.6,35.1,31.9,6.4,9.5,59.3,47.5,46.4,34.1,68.5,,,,2025,,,,-13.18869201,70.8,74.4
NJIT,93.27681593,112.8857537,0.100267675,5–25,5,30,45.3,50,27.4,38.6,18,13.8,27.7,31.8,66.8,45,51.9,30.5,31,9.2,10.2,41.9,50.6,37.8,35.2,67,,,,2025,,,,-21.57732316,73,68.8
North Alabama,111.399729,106.6862817,0.621794419,22–10,22,32,51.7,50.5,30.8,27.6,12.5,16.8,33.5,29,67.2,51.5,51.7,34.8,32.6,9.6,9.4,42.4,51.6,34.8,43.3,67.3,,,,2025,,,,-5.679460896,70,70.2
Pepperdine,106.1025359,109.0258914,0.4224891169,12–22,12,34,49.6,52.5,31.6,27.2,16.1,15.3,27.7,30,69.2,48.9,53.3,34,34.2,7.3,8.5,59.6,51.9,34.7,38.9,69.8,,,,2025,,,,-12.44589023,71.6,75.2
Cal Baptist,105.9789555,105.5271627,0.5122799777,17–15,17,32,48.3,50.1,29.7,33.4,17.7,18.1,33.3,29.6,67.4,48.6,50.3,31.7,33.2,6.9,9.1,45.6,39.6,35,31.3,66.6,,,,2025,,,,-9.565084037,75.7,68.4
Dartmouth,100.3379422,103.1592411,0.4209453109,12–14,12,26,50.3,49.1,30.3,23.2,16.2,13.8,22.8,24.9,71.6,49.8,52.1,33.9,29.6,7.9,9.3,56.9,51.9,46.5,38.5,71.5,,,,2025,,,,-10.63618938,75.1,70
La Salle,103.4849953,106.8807568,0.4082263632,13–19,13,32,46.1,52.6,31.4,30,15.5,16.7,30.5,29.5,69.7,44.5,54.5,32.8,33.2,10.2,9,45.1,54.9,33.2,41.5,69.4,,,,2025,,,,-11.64165149,72.4,69.6
Tulsa,101.6170891,108.0435232,0.3306586026,11–20,11,31,49.5,49.7,34.2,33.6,16.9,14.4,27.2,31.1,67.3,51.5,50,31.2,32.7,6.8,11.3,54.2,46.7,42.3,34,67,,,,2025,,,,-14.55162482,67.2,70.2
Kansas,116.0352134,92.52117665,0.9311343309,21–12,21,33,53.1,46.2,24.3,28,16.7,15.6,30.4,27.5,69.2,53.4,46.1,35.2,30.9,13.1,9,60.9,52.8,34.3,40.7,69.1,,,,2025,,,7,4.091233873,71.1,72.7
St. Thomas,114.3457275,108.6237768,0.6434492743,21–10,21,31,57.8,52.5,34,35.9,13.7,18.5,21.5,31.2,69.3,58.1,52.1,38.3,35.4,9.3,9.8,52.1,50.6,46.8,41.3,68.6,,,,2025,,,,-5.205803817,77.6,75.5
Grand Canyon,108.1545633,99.48906078,0.7232032807,25–7,25,32,51.2,47,43.9,32.2,18.4,20.6,32.5,28.6,72.6,53.2,46.4,31.6,32.1,13,8.7,52.1,48.4,33.6,34.4,72.2,,,,2025,,,13,-2.481666913,73.5,73.1
Michigan St.,116.8683482,92.4267335,0.9369242375,27–6,27,33,51.2,46.1,37.8,33.1,16.6,16.4,35.3,24.6,69.2,53.6,49.1,30.8,27.9,13.3,7.8,61.6,53.4,32.7,41.4,68.6,,,,2025,,,2,7.840297207,78.1,72.2
Cal St. Fullerton,93.43611721,111.607326,0.1146955495,4–26,4,30,44.2,54.3,39.2,34.1,21.3,16.1,25.9,29.8,68.9,46.1,55.9,27,34.9,6.1,9.4,41.5,56.1,34.1,45.8,68.8,,,,2025,,,,-19.28230041,73.8,75.2
Southeastern Louisiana,103.3645952,107.1926983,0.3969464008,16–14,16,30,49.2,51.4,34.7,36.5,17.4,18.8,30.9,29.4,67.2,49.5,51.9,32.4,33.7,7.1,10,46.2,50.8,31.6,42.2,67.7,,,,2025,,,,-9.613887421,74.5,67.2
UC Riverside,109.1331429,108.5357871,0.5157747133,19–12,19,31,49.5,51.4,28.7,33.4,15.8,15.8,32.2,28.9,68.1,49,51.4,33.5,34.4,6.3,8.8,47.9,51.5,42.3,38.8,67.8,,,,2025,,,,-4.671392842,76.8,75
Clemson,118.0291451,95.50662104,0.91945493,27–6,27,33,53.6,48.9,28.2,27.6,15.7,20.1,33.7,29.9,65.1,52.3,49.3,37.2,32.2,10.4,8.1,52.3,43.7,38.4,38.3,65,,,,2025,,,5,4.875978934,76.6,69.5
Central Connecticut,99.03216844,101.7720893,0.4221756727,23–7,23,30,52.2,47.7,25.9,18.9,17.2,18.1,26.5,25.3,66.1,53.7,49,32.9,30.6,12.1,6,50.4,52.6,34.8,42,66.3,,,,2025,,,,-4.66108596,74.5,68.3
Coastal Carolina,100.9337902,114.3609387,0.1921204603,8–22,8,30,49.4,48.6,34.4,36.9,18.4,10.5,29,28.7,64.2,47.7,48.5,34.8,32.5,4.3,10.8,49.2,42.3,39.2,36.3,63.9,,,,2025,,,,-18.33924744,69.4,73.3
North Carolina A&T,97.21633928,112.9365955,0.1513940036,6–25,6,31,45.8,51.5,31.2,30,15.4,15.3,27,31.4,69.1,46.3,52.4,30,33.3,8.2,9.4,44.4,57.4,36,38.5,70,,,,2025,,,,-20.15365289,68.7,75.9
Washington,108.5343811,103.7220953,0.6275092336,12–18,12,30,50.6,53,34.5,36.2,17.5,16.7,27.5,28.5,68.5,50.1,53.3,34.4,35.1,10.1,11.5,50.8,47,35.7,35.4,68.4,,,,2025,,,,-5.575297513,69,75.2
Colorado St.,115.2744584,98.74610066,0.8556703873,25–9,25,34,55.8,48.5,31.8,33.6,17.4,16.7,26.4,25.3,66.3,56.5,47.7,36.6,33.1,8,8.1,62.8,47.2,42.8,37.9,66.8,,,,2025,,,12,0.8922043697,77.5,68.1
Indiana St.,108.1593722,112.276429,0.3942174099,12–18,12,30,54.6,54.3,35.9,38.8,19.5,15.8,26.2,27,72.1,56.6,54.5,35,35.9,5.4,11.7,57.8,48.8,50.1,38,73.1,,,,2025,,,,-12.51131576,75.3,71.4
UMBC,105.1150277,118.393437,0.2029403487,10–19,10,29,55.2,54.1,31.6,27.9,15.9,17.4,19.4,33.7,71,53.8,54.2,38.4,35.8,5.9,8,50.4,46.7,38.4,34.4,71.2,,,,2025,,,,-15.66014551,70,69.5
Louisiana Monroe,96.12113257,113.9878385,0.1234075866,5–25,5,30,45,53.6,31.1,25.1,17.1,16.1,29,32.5,68,43.1,55.8,32.5,34,6.9,9.8,51.6,58.3,33.9,45.1,68.5,,,,2025,,,,-20.95581977,71,70.9
The Citadel,93.51034432,117.1470808,0.06967975302,1–25,1,26,46.9,54.5,32.8,32.8,19.5,15.2,27.2,32,65.5,49.5,56.3,29.2,34.7,5.7,11.6,52.2,54.5,45.2,42.7,65.2,,,,2025,,,,-21.50869444,62.3,74.2
Hofstra,97.63457317,101.9580119,0.3779430101,13–18,13,31,48.9,45.9,25.3,38,17.6,16.4,25.8,28.6,64.3,48.1,42.6,33.2,33.9,11.7,9.2,55.6,52.8,42.3,40.4,64.3,,,,2025,,,,-13.47546987,70.8,69.8
UMass Lowell,107.5641538,115.3760328,0.3086889447,14–15,14,29,54.6,51.6,31.6,25.2,18.1,14.7,26.1,30.3,69.3,56.3,50.5,34.2,35.6,10,9.4,52.6,44.7,34.6,34.7,69.4,,,,2025,,,,-11.60926205,77.2,69.8
South Alabama,106.0147663,103.328432,0.5732581471,19–11,19,30,50.8,48.5,33.6,24.4,14.6,20.6,28.3,32.2,64,53.6,46.9,31.7,33.1,11.3,10.7,56,69.7,45.6,59.3,63.8,,,,2025,,,,-6.538468507,70.9,69.5
Butler,115.4396271,104.8751382,0.7509598053,14–19,14,33,53,49.4,37.3,20.4,16.4,11.5,26.4,29.3,67.3,51.7,50.9,36.6,31.3,6.9,10.2,55.5,48.8,40.9,36.8,68,,,,2025,,,,-6.07447688,74.2,75.6
SIU Edwardsville,100.9956906,105.6484871,0.3733305182,19–11,19,30,48.9,47.5,33.1,33.2,17.1,17.3,31.8,29.1,67.2,47.8,46.3,34,33,11.5,8,51.4,48.7,36.3,38.6,66.6,,,,2025,,,16,-7.820179456,67.9,70.3
Northern Colorado,111.7525615,107.2844488,0.6152037778,22–9,22,31,57.3,52.1,33.4,35.4,15.7,15.5,25.2,22.2,68.9,58.9,51.8,36.5,35.2,5.7,9.3,52.5,37.4,38.1,34.1,69.4,,,,2025,,,,-4.140575547,72.9,74.6
Iowa,119.3436842,106.1099212,0.7943938078,17–16,17,33,56.8,54.4,26,28.3,13.7,17.9,25.1,32.2,71.4,56.6,56.2,38,34.4,11,7.6,59.8,54.1,41,38.8,70.5,,,,2025,,,,-2.439099029,70.5,70.4
Florida A&M,101.0720369,116.2750578,0.1663890155,12–17,12,29,50.6,51.4,36.7,39.9,20.7,15.4,27.7,31.9,68.4,50.8,51.5,33.6,34.2,8.3,10.4,52.4,48.3,46.6,36.5,67.9,,,,2025,,,,-10.83616708,71.4,69.6
TCU,106.4080359,95.64895331,0.7730928027,16–16,16,32,46.8,50.9,33.5,28.3,17.3,19.5,33,29.6,67.1,47.8,53.4,30,31.6,10.7,9.2,49.9,63.5,34.7,42.5,67.2,,,,2025,,,,-1.730170126,64.7,73.8
Middle Tennessee,108.712888,103.8380638,0.6289217932,20–11,20,31,50.8,48.5,32.3,31,16.6,16.1,30.7,29,68.9,52.9,49.2,31.7,31.6,10.9,9.6,45.8,49.1,39.5,35.5,69,,,,2025,,,,-4.250987911,67.8,73.1
Oregon,115.3036152,96.98412901,0.8797163164,24–9,24,33,52.2,49.1,33.4,27.7,16.2,17.6,30.6,29.2,68.6,53,50,34,31.7,10.1,8.8,54.4,50.3,38.6,37.4,68.4,,,,2025,,,5,5.312403703,76.3,72.1
Harvard,101.52823,108.3458801,0.3213868102,11–15,11,26,50.6,52.2,24.4,24.6,18,17.7,25,31.1,66.9,52.2,53.4,32,33.5,7.8,9.6,54.4,51.1,39.9,36.5,66.4,,,,2025,,,,-10.83806327,77.6,75.8
Florida,126.9824609,94.01239561,0.9694438571,30–4,30,34,55,45.3,32.6,33,15,17,38.1,28.8,70.8,56.4,45.9,35.5,29.6,12.3,8.6,52.4,46.4,43.6,37.3,70.3,,,,2025,,,1,11.11648911,71.8,70.7
Saint Joseph's,110.4523194,100.9447307,0.737908084,22–12,22,34,52.1,47.1,32.3,25.9,16.6,16.1,30.4,27.4,68.3,53.1,45.5,34,33.5,13.7,9.8,56.4,50.9,46.5,33.3,68.8,,,,2025,,,,-4.730192687,74.3,75
Saint Mary's,115.0606245,93.44754166,0.9162672362,27–5,27,32,50.9,46.2,31.4,25,15.1,16.6,40.5,24.9,63.5,51.8,45.8,32.6,31.2,10.4,7.2,57.1,54.1,33.4,31.3,62.5,,,,2025,,,7,4.145358436,69.5,74.7
Texas A&M Corpus Chris,106.4081914,105.4919967,0.5248410117,16–14,16,30,52.8,49.9,36.7,40.4,17.8,18.3,31.9,30.7,67.5,53,48.4,34.7,35,10.1,11.6,51.4,53.2,29.2,36.7,68.2,,,,2025,,,,-8.49733247,62.2,67.4
Ohio St.,116.4024613,99.17856282,0.8631278538,17–15,17,32,53.5,48.6,35.8,39.9,15.6,16.8,28.9,30.5,68.6,52.6,50.3,36.8,30.5,10,9.1,48.1,47.9,37.7,37.6,67.8,,,,2025,,,,-0.9778406106,74.8,75.2
Florida St.,108.3961491,99.93007537,0.7181293626,17–15,17,32,50.7,48.5,39.4,37.5,17.4,19.1,29.7,31.8,70.3,52.3,48.9,31.7,32,14.1,7.1,50,50.7,33.7,42.1,70.4,,,,2025,,,,-5.107584618,71.7,73
Seton Hall,97.89645229,101.4349625,0.3993110734,7–25,7,32,44.7,54.6,32.9,39.6,19.1,22.2,31.2,31.8,64.7,43.9,54.5,31.2,36.6,11.9,10.7,50.7,59.2,30.5,44.4,65.1,,,,2025,,,,-13.1763984,66.3,72.6
North Carolina,118.3604592,99.84589767,0.8761240939,22–13,22,35,54.2,49.6,34.8,30,15.1,15.2,29.2,27.1,70.8,54.9,49.2,35.3,33.5,9.7,10.5,51,47.5,37,37.9,71.3,,,,2025,,,11,1.447874389,73.7,74.8
Houston Christian,100.5333405,108.9325295,0.2843975535,10–20,10,30,49.1,52.6,30.5,29.4,18,17.9,26,32,64.9,49.3,54.5,32.5,32.3,9.3,10,46.4,44,44,31.8,65.3,,,,2025,,,,-14.71442262,68.8,70.2
Lehigh,99.55552652,111.5218381,0.2132733508,9–19,9,28,51.1,50.7,31.5,33.9,15.6,16.1,21.4,29.1,66.8,49.1,53,36.4,31.2,5.7,8.3,51.3,48.5,37.3,36.7,67.9,,,,2025,,,,-15.2615233,67.8,74.2
Navy,101.2834745,111.9157257,0.2408613336,14–19,14,33,48,52.5,33.8,33.8,16.1,17.8,31.3,27.2,66.7,46.8,52.6,33.3,34.9,8,9.3,52.8,50.2,37.1,41.2,67.7,,,,2025,,,,-16.21085025,73.1,70.5
Saint Francis,99.88118621,112.0872172,0.2098377917,13–17,13,30,51.6,51.3,23.8,28.7,19.6,16.4,25.4,30,66.6,52.6,53.4,33.4,32.3,6.7,9.3,50.3,51,41.9,43.2,67.9,,,,2025,,,16,-12.22316426,72.5,74.5
Santa Clara,115.538458,100.3119572,0.8355059725,20–12,20,32,55.5,49.5,28.9,31.9,17,16.9,32.8,26.9,70,54.6,51.7,37.7,30.7,8.5,10.8,58.5,57.1,46.8,39.7,69.7,,,,2025,,,,-3.420019167,72.8,72.1
Loyola Marymount,104.0223601,102.7212629,0.5361238348,16–15,16,31,50.2,48.5,29,28.9,15.2,15.7,22.8,30.9,68.4,50.6,49,33.1,31.8,10.4,6.6,50.9,51,40.4,36.6,67.8,,,,2025,,,,-6.9347584,72.2,75.7
Delaware,109.1227089,114.2898605,0.3700399015,14–20,14,34,55.1,52.2,30,32.9,16.6,15.5,22.4,32.5,70.1,54.1,51.9,37.7,35.3,7,9.9,50.8,45.2,39.9,34.1,71,,,,2025,,,,-15.15517833,77.7,73.9
Miami OH,107.8924532,106.9087333,0.5263090007,23–9,23,32,55.4,51.3,28.1,33.3,17.4,19.1,27.5,29,70.1,53.9,51.9,38.2,33.6,10.1,9.7,55.4,48,44,39.9,69.6,,,,2025,,,,-4.576236888,72.4,71.6
New Mexico,112.2398683,95.38948577,0.866539701,25–7,25,32,50.8,49.2,37.8,35,15.6,20.5,31.5,25.6,72.9,50.6,48.2,34.1,33.8,14.3,9.5,51.5,59.5,32.2,38.3,73.8,,,,2025,,,10,2.77752534,68.4,66.7
Coppin St.,87.70335657,112.5917106,0.05351510219,5–24,5,29,44,55.6,36.4,37.1,21.6,20.5,26.5,33.9,68.9,44.2,56.3,29,36.3,5.4,13.2,50.4,57.8,32.1,38.8,68.7,,,,2025,,,,-19.03238371,67.8,71.9
Temple,110.0304596,109.5327081,0.5130323677,16–15,16,31,49.9,50.6,45.2,36.4,15.7,15.1,32,31.2,69.3,48.2,51,35.8,33.3,9.2,10.2,40.8,54.1,31.3,36.4,69.5,,,,2025,,,,-9.612851473,73.4,70.7
Monmouth,103.2047082,111.7566812,0.2858736928,13–20,13,33,47.2,50.7,36.7,36.1,16.2,16.6,29.8,34.8,67.3,44.2,50.7,35.2,33.8,12.7,9.6,49.6,55.2,34.6,40.7,67.9,,,,2025,,,,-14.51442795,74.2,73
Southern,98.41418989,102.7559917,0.3783682622,17–12,17,29,47.2,49.2,38.1,42.3,18.5,21.1,34.4,28.5,69.8,47.4,48.2,31.2,33.8,11.9,12.7,49.2,60,33.3,39.4,69.1,,,,2025,,,,-7.258708181,65.5,69.7
Southern Miss,96.86631435,108.9272197,0.2059515653,9–22,9,31,47.9,50.2,33.8,35.4,19.5,16.1,28.1,30.2,71,49.8,51.2,29.8,32.5,11.2,9.4,56.9,51.6,36.9,38.4,71.5,,,,2025,,,,-17.18810803,69.4,70.6
California,110.4624433,106.1077888,0.6136145456,14–19,14,33,47.8,53,38.9,32.8,16.6,16.3,34.7,28.8,67.9,48.2,51.3,31.5,37.6,9.3,10.4,41.2,42.8,37.8,32.8,68.2,,,,2025,,,,-7.998686764,74.6,74.1
Georgia St.,105.9378892,113.5129665,0.3112595918,13–19,13,32,50.4,51,33.8,26.2,16.9,12.9,32.4,31.9,69.5,49.8,51.8,34.4,33.2,7.9,8.6,44.7,53.8,33.3,41.5,69.8,,,,2025,,,,-13.30970974,68.6,72.2
Miami FL,113.3710567,114.7541199,0.4651952096,7–24,7,31,51.9,57.4,26.4,28.8,16,15,28.2,30.8,67.6,55.1,55.9,31.3,39.7,9.6,8.1,47,56.2,38.5,39.9,68.2,,,,2025,,,,-13.51981537,76.4,74.4
Georgia,115.444961,95.81451594,0.8950472678,20–12,20,32,52.5,47.2,39.8,30.4,18.8,18,36.1,31.8,68.5,53.8,47.8,33.5,30.9,14.7,9.3,47.6,48.8,36.8,40.6,67.2,,,,2025,,,9,2.048686738,71.7,73.7
North Dakota,107.957785,114.7029603,0.3324856989,9–21,9,30,49.7,56.5,33.6,33,16.6,15,33.7,28.7,70.3,50.3,57.1,32.5,37.1,7.1,9.3,45.1,47.9,40,40.6,69.6,,,,2025,,,,-15.14619361,70.1,74.6
Princeton,104.1756015,107.0563825,0.4222134875,17–11,17,28,51.5,53.4,24.6,31.7,15.2,17.3,26.2,24.2,68,50.1,53.5,35.3,35.5,6,12.7,57,51.2,48.7,40.8,67.4,,,,2025,,,,-6.34966134,70.7,75
Saint Louis,108.8521042,104.0412768,0.6271074691,17–14,17,31,56.3,48.6,29.8,24.3,18.6,14.4,23.6,28,68,59.8,47.8,35.3,33.2,7.5,12.1,57,47.8,50.3,39.4,67.9,,,,2025,,,,-6.458259254,69.4,71.9
Arizona St.,112.7465506,99.96129178,0.7996538928,13–19,13,32,51.4,50.5,35.9,31.2,17.5,16,25.2,30.4,69.9,49.8,51.4,35.8,32.9,12.1,11.3,51.2,54.2,42.8,40.3,69.1,,,,2025,,,,-3.090373398,72.4,75.5
UNLV,107.7244373,100.1080456,0.6991500226,18–15,18,33,49.7,49.3,35.8,32,16.2,17.8,27.3,29.8,66,49.6,50.5,33.3,31.9,11.5,8.7,49.6,61.3,34.6,43.4,66.4,,,,2025,,,,-5.018884609,71.7,71.2
Iona,98.71168846,105.6436239,0.3142159442,17–17,17,34,47.5,51.7,27.9,35.6,20.9,22.8,39.1,30.9,68.6,47.5,53.9,31.8,32.6,9.4,10.9,56.4,60.6,34.7,44.5,69,,,,2025,,,,-13.86433089,68.5,74.3
Stetson,99.26469005,119.1467655,0.1091443995,6–24,6,30,50.2,53.1,33.1,27.7,18.7,13.1,24.1,34.3,68.8,50.2,52.6,33.5,35.9,7.7,8.4,45.5,55.6,37.7,41.4,68.3,,,,2025,,,,-19.33854885,73.9,75.8
Marshall,105.0322277,106.3709978,0.4636502715,18–13,18,31,49.9,49.3,34.8,40.9,16.5,16.8,33,29.6,68.9,51,49.7,32.3,32.2,14.5,8.7,53.3,40.3,39.6,32.8,69.4,,,,2025,,,,-8.796433902,69,70.7
Eastern Michigan,103.6353326,113.603074,0.2580610411,15–16,15,31,52.4,53.7,33,38.5,18.7,17.8,29.6,31.7,68.2,52.4,51.9,35,37.7,9.5,8.8,47.2,50.2,38.2,38.8,67.9,,,,2025,,,,-12.24491851,74.3,74.4
Niagara,100.8835825,115.266113,0.1776023182,10–20,10,30,52,53,30.4,29.8,18.6,16.8,23.6,27.3,64.8,51.8,51.8,34.9,36.7,6.5,9.3,51.7,55.7,42.8,38.4,65.6,,,,2025,,,,-16.77411969,74,78.6
Campbell,100.7544317,106.1104382,0.3553432689,13–17,13,30,50,52.4,29.7,29.9,15.8,18.8,24.6,27.7,66.2,51.5,55.8,31.9,31.1,8.5,10.3,54,52.5,41.8,36.8,66.6,,,,2025,,,,-12.71534025,76.4,70.2
Mercer,98.92930832,107.6954113,0.2736133338,12–19,12,31,48.9,50.8,29.8,32.8,16.6,16.8,28.8,28.7,71.5,49.8,49.7,31.8,34.7,8,9.6,46.6,55.3,40.1,46,71.7,,,,2025,,,,-14.5241956,65.3,71.8
Lindenwood,94.39706909,107.7632237,0.1790343095,13–17,13,30,45,50.7,36,34.7,17.9,19.4,30,31.5,69.9,47.6,50,26.7,34.6,10,11.1,42.3,50.6,34.6,37.5,70.1,,,,2025,,,,-12.88767774,68.8,70.5
St. Bonaventure,107.2068017,98.72030359,0.7207921218,21–11,21,32,50.2,49.7,30.9,24.4,16,18.7,28,26.9,65.1,51.9,50.8,31.4,32.3,11.3,9.7,42.6,58,34.9,47.6,65,,,,2025,,,,-4.05362299,73.6,73.5
Oregon St.,115.5467266,106.655333,0.7152120954,19–12,19,31,54.6,51.1,38.9,32.3,16.6,16.6,31.8,27.6,64.7,54.5,50.4,36.5,34.7,8.6,7.4,55.2,57.3,35.9,41.2,64.5,,,,2025,,,,-4.417914167,78.9,72.2
Lipscomb,110.27985,102.8797621,0.6897162769,23–9,23,32,55.9,48.6,31.4,22.3,14.4,15.9,24,26.5,67.3,56.7,49.9,36.7,31,7.7,10.1,54.4,39.5,47.4,37.2,66.8,,,,2025,,,14,-4.128808087,79.6,67.1
Kennesaw St.,106.7173236,103.691242,0.5819557773,16–14,16,30,49.3,48.3,38.8,42.6,19.7,15.1,32.5,27.4,70.6,52.2,48.1,30.6,32.5,11.8,11.7,50.5,52.6,45.5,38.4,70.9,,,,2025,,,,-7.226950405,73.2,69.6
James Madison,109.9236554,109.486261,0.5114606535,18–12,18,30,50.7,50.9,30.4,33.4,15.8,15.6,32,30.5,65.2,50,49.6,34.3,35.5,8.4,8.1,45.8,41.4,45.2,35.1,65.7,,,,2025,,,,-7.450475776,76.4,71.8
Georgetown,106.8242501,99.31133152,0.6981788653,17–15,17,32,50.4,49.4,25.8,29.3,17.1,19.6,31.6,28.9,68.3,52.1,48.5,31.8,33.8,11.1,9.5,53.4,55,37.4,39.6,68.9,,,,2025,,,,-4.659888259,70.6,75.8
USC Upstate,99.27286833,114.744368,0.1590121872,3–26,3,29,49.8,56.1,30.4,39.5,19,16.6,25.3,32.4,73.5,53.1,58.3,29.4,35.2,6.4,7.9,48.1,47.6,36.9,40.2,73.5,,,,2025,,,,-21.0551182,67.7,72.2
Morgan St.,100.6397042,117.7702757,0.1409194599,10–18,10,28,49,52.4,35.7,39.1,17.9,17,34.1,36.9,71.7,49.5,51,31.6,36.8,11.1,8.8,43.7,54.1,21.7,34.3,71.1,,,,2025,,,,-14.49841431,72.5,68.8
New Hampshire,93.31361795,115.028247,0.08272130289,6–24,6,30,47.1,54.4,26.4,33,19,16.9,27.4,31.6,68.4,46.8,56.4,31.7,34.1,6.6,13.1,46.3,53.7,40.8,39.7,68.4,,,,2025,,,,-20.46985453,65.3,70.6
Iowa St.,119.5026485,92.56998167,0.9496357359,24–9,24,33,54.6,48.4,38.5,28.9,16.9,21.8,32.2,28.4,69.5,55.1,47.5,35.8,33.2,10.2,9.3,53.9,55.3,36.9,40.7,69.3,,,,2025,,,3,5.410343949,75.7,75
Vermont,98.84825673,104.429374,0.3471391173,19–12,19,31,49,48.8,29.8,27.1,17.3,15.7,26.2,25.8,63.9,49.5,48.3,32.3,33,12.4,11.6,49.6,45.1,43.5,38.6,63.3,,,,2025,,,,-8.15773276,72.1,72.7
Purdue,124.47639,99.54408724,0.9289339158,22–11,22,33,56.3,52,34.6,31,15.6,17.8,31,29.9,66.6,55.5,56.4,38.5,30.7,5.3,8.8,57.7,58,38.1,42.7,65.8,,,,2025,,,4,4.255772209,73,72.6
Drake,112.3257909,98.49487021,0.8192225153,28–3,28,31,53.8,51.7,43,35.8,18.6,22.1,36,25.8,59.5,54.6,54.3,35,31.8,8.5,7.7,54.2,48,36.8,39.1,59.4,,,,2025,,,11,2.29637028,70.7,72.1
Marquette,117.0627517,96.12475182,0.9060411474,23–10,23,33,52,49.9,26.1,30.2,13.5,21.5,30.1,31,68.1,54.9,51.3,32.5,31.8,10.9,8.7,49.5,60.1,46.3,39.8,68.5,,,,2025,,,7,3.614107035,72.3,72.8
Holy Cross,101.4227883,115.8325586,0.1783230265,11–19,11,30,53.1,53.5,22.2,25.4,17.9,13.6,23.3,27,65.9,49.6,54.5,38.6,34.5,7.9,7.7,48.2,52.8,42.3,37.8,66.6,,,,2025,,,,-15.55969496,71.7,68.7
Houston,124.6296599,87.58585232,0.9829827172,30–4,30,34,52.7,44.9,28.2,34.1,14.6,21.7,36.1,29.3,62.4,49,43.9,39.8,30.9,15.8,6.6,44.4,55,34.5,43.1,62.2,,,,2025,,,1,11.55029289,74.1,70.9
Hampton,102.8648705,107.3905019,0.3786837377,14–16,14,30,47.5,52.6,30.3,43.6,16,18.8,34,28.7,65.9,46.9,53.3,32.4,34.2,8.6,8.5,42.2,53.3,36.7,35.7,66.3,,,,2025,,,,-11.56025594,70.8,71.8
Western Michigan,101.7529387,111.8198181,0.2525755735,11–20,11,31,47,54.5,31,33.2,15.8,16.6,34.4,27.9,69.3,49.3,55,28.2,35.8,6.7,10.6,45.4,57,32.9,41,68.4,,,,2025,,,,-14.89009172,67.4,70.1
New Mexico St.,105.0775323,100.082981,0.6364609909,14–15,14,29,46.2,46.9,34.5,39.2,15.6,15,32.5,27.7,66.2,46.1,48.8,30.9,29.5,6.8,10.3,45.6,52.5,37,42.8,65.5,,,,2025,,,,-8.440083172,67.7,70.4
Ball St.,103.5291154,112.1571448,0.2848452352,11–17,11,28,51.3,51.6,44.5,30.7,16.4,14.1,26.4,27.9,68.2,51,54.5,34.6,31.5,6.1,8.6,51.4,52.6,37.1,39.7,67.1,,,,2025,,,,-13.78456287,70.3,72.4
Milwaukee,106.1376405,105.9866855,0.5040918056,19–11,19,30,51.4,51.5,38,32.4,19.4,18.3,39.8,26.6,69.4,53.1,52.2,31.9,33.6,9.3,10.3,49.5,51.5,31.5,38.6,69.4,,,,2025,,,,-7.034459226,68.2,73.2
Portland,104.88715,113.5395234,0.2866809481,10–20,10,30,50.1,54.6,32.2,22.1,18,13.2,23.9,29.9,69,49.8,53.3,33.7,37.8,7.4,9.1,61.4,57.1,43.6,40.9,69,,,,2025,,,,-12.72867465,77.9,74.1
Albany,103.0595517,112.5824107,0.2657384494,15–16,15,31,49.3,54.9,29.5,34.7,15.7,19.8,32.3,28.4,68.4,50.2,55.8,31.7,35.6,6.5,12.3,45.7,50.4,36,34.9,68.3,,,,2025,,,,-12.93516935,72.4,74.7
Washington St.,112.8350774,105.4135678,0.6861999188,19–14,19,33,56.7,51.3,32.4,32.6,20.4,17.3,31.3,33.4,71.5,58,52,36.5,33.5,13,8,59.3,50.1,41.5,38.8,71.4,,,,2025,,,,-4.839064246,69.8,72
Tarleton St.,93.04690276,102.9638578,0.2378225039,9–20,9,29,45.9,52.1,41.5,48.3,25.1,23.3,28.1,33.9,67.2,45,52.9,32.2,33.9,11.7,12,46.3,60.8,25.6,42.2,66.3,,,,2025,,,,-13.29923615,72.9,73.5
San Francisco,111.1451295,98.23178725,0.8053901482,23–9,23,32,53,48.7,35,35.9,17,18.2,29,28.1,69,54.7,52.1,34,28.3,9.2,7.7,51.8,47.7,43.6,35.1,68.5,,,,2025,,,,-0.02536054293,71.7,70.3
Bucknell,101.6803382,107.0026144,0.3573873046,18–15,18,33,53.8,50.3,36.7,35.4,18.6,17,26,28,67.5,54.4,49,35.3,34.7,9.2,9.3,52,50.6,41,40.6,68.2,,,,2025,,,,-10.3477029,66.4,68.6
Connecticut,122.2176576,102.3326908,0.8851474454,23–10,23,33,55.5,48.3,30.6,40,17.1,15.5,35.6,27.4,64.5,57.3,46,35.4,35.1,17.9,8.9,64,44.2,42.6,34.2,64.5,,,,2025,,,8,2.208006529,79.1,73
Southern Indiana,98.58905028,114.3232606,0.154099493,8–20,8,28,47.9,51.8,30.7,35.6,17.2,16.7,27.9,31.3,68.1,45.4,50,35.2,36.7,7.1,8.2,43.6,46.6,33.5,36.5,67.7,,,,2025,,,,-17.47448606,73.9,68
Florida Gulf Coast,107.236106,107.6917915,0.4878113717,17–14,17,31,53.9,50.5,23.1,29.5,16.2,14.3,30,26.5,65.7,54.1,48.9,35.7,35.1,7.5,8.7,50.7,50.3,38.4,44,66,,,,2025,,,,-9.219980065,69.4,71.6
San Jose St.,107.4808609,106.5797606,0.5241862037,13–19,13,32,50.6,51.9,31.5,28.6,17.4,16.6,26.9,32.2,66.7,49.1,53.9,35.1,32,7.6,9.2,50.8,52.4,41.2,35.2,67,,,,2025,,,,-10.21710509,73.5,69.2
Utah Valley,106.2128026,101.8480877,0.6183536836,23–8,23,31,50.8,47.4,41.8,31.8,17.3,16.9,31.1,26.6,68.8,51.4,45.7,33,33.8,13.8,10,57.6,49.1,31.1,32.9,68.6,,,,2025,,,,-3.108026742,69.1,71
Missouri,125.8877648,100.895029,0.9272413502,22–11,22,33,56.2,50.7,46.8,35.3,15.2,20,33.7,32.2,70,56.7,51.1,37,33.4,7.5,10.5,49.5,48.3,41.5,38.2,68.9,,,,2025,,,6,3.042638158,72.5,76.2
Cincinnati,111.2694436,94.86524365,0.8622635339,18–15,18,33,50.9,48.6,23.4,24.3,15.5,19.7,32.3,30.1,66.1,52.6,48,32,33.2,11.7,7.9,50.9,49.6,38.1,34.2,66,,,,2025,,,,-1.027496178,66.8,75.4
South Dakota St.,110.1206599,105.8272421,0.6123829724,17–12,17,29,53.6,50.9,31.2,29.9,17.6,12.7,33.6,21.4,70,54.5,52.3,34.8,32.9,7.3,7.5,49,46,40,47.8,69.8,,,,2025,,,,-6.223331248,75.3,76.2
Boston University,98.07064668,111.1992906,0.1908011588,15–16,15,31,50.2,52.4,30.7,32,20.6,16.7,32.5,23.4,63.7,50.7,51.2,33,36.1,8.2,9.6,48.8,52.8,41.9,40.2,64,,,,2025,,,,-13.2405873,66.9,74.6
Air Force,98.99725465,109.4643848,0.2394254692,4–28,4,32,50.1,54.6,35.4,35.4,20.8,15.7,22.7,29,64.7,50.5,54.8,33.1,36.3,8.1,12.4,62.9,48.6,48.5,36.2,65.1,,,,2025,,,,-19.23064838,63.5,70
Texas Tech,125.7253638,96.87988948,0.9524484249,25–8,25,33,55.5,48,29.7,33.5,14.8,17.4,34.3,28.5,66.4,54.3,48.2,37.9,31.7,8.1,8,58.5,45,44.6,34.1,66.3,,,,2025,,,3,5.77932856,76.4,69.5
Bradley,111.3482693,103.7993585,0.6915413601,25–8,25,33,56.8,47.9,32.4,35.5,17.3,15.6,26.3,28.1,66.1,54.5,47.4,40,32.4,11.4,7.4,52.8,51.7,41.9,43.1,66.4,,,,2025,,,,-2.03863501,75.7,72.4
Troy,106.4573726,100.776319,0.6526423593,21–10,21,31,50.1,47.2,37.8,29.3,19.9,19.8,38.6,32,66.8,53.9,46.2,30.3,32.6,12.8,10.3,55.6,51,44.8,38.1,66.9,,,,2025,,,14,-4.497742156,72.6,72.2
Gonzaga,123.3625607,96.63427551,0.9431190995,25–8,25,33,55.7,47.5,30.9,28.6,13.2,18.2,32.7,26.4,70.5,57.8,49.1,34.4,30.2,8.3,8.1,61.9,48.5,33.5,40.6,70.9,,,,2025,,,8,2.722111722,80.1,72.8
South Florida,103.2054465,105.7659431,0.4300052267,12–19,12,31,49.7,49.7,34.9,36.7,16.2,18.3,27.7,33.2,69.8,51.1,49.6,31.6,33.3,9.5,10.3,54,55,37.6,37.5,69,,,,2025,,,,-12.51757114,71.8,73.3
Stonehill,100.1824217,114.2185024,0.1812522323,13–17,13,30,51.1,50.9,31.4,32.7,18.3,16.2,26.4,29.4,65.7,49.4,50.1,35.4,34.9,6.9,12.6,60.4,40.9,44.5,33.3,65.9,,,,2025,,,,-13.78638789,72.1,73.3
Loyola MD,99.8414844,112.8874254,0.1958740416,11–19,11,30,50.1,52.8,29.3,30.2,17.7,16.9,28.6,27.9,66.7,50.7,52.9,32.9,35.1,7.9,7,54.8,51.8,39.6,35.7,67.2,,,,2025,,,,-16.0921565,68.9,74.3
Belmont,111.7875969,108.9614294,0.5730917042,21–11,21,32,54.8,53.7,26.1,27,15.9,17.6,27.2,29.4,70.3,52.9,54.6,38.1,35.1,9.1,9.9,60.1,55.5,44.6,43.4,71.4,,,,2025,,,,-5.450879311,71.3,72.3
Siena,101.5358962,110.3914198,0.2765519185,14–18,14,32,49.4,51.7,37.3,31.4,17.2,18.2,28.8,30,67.6,49.5,51.8,32.8,34.3,13.3,9.7,48.3,49.7,39.9,34.2,67.7,,,,2025,,,,-14.57053057,74.3,75.1
Southern Utah,97.24852098,109.0647229,0.2110305353,9–19,9,28,46.8,49.9,36.2,33,21.6,15.1,30.1,32,70,47.2,49.8,30.5,33.3,9,8.7,48.5,50.6,32.6,27.7,69.6,,,,2025,,,,-13.5603038,72.9,68.5
N.C. State,108.0514454,102.5466671,0.6459602957,12–19,12,31,48.3,51,32.3,32.2,14.4,18.6,28.8,32.5,65.8,48.3,50.8,32.2,34.3,10.2,8.4,51.6,48.4,36.2,32.6,65.9,,,,2025,,,,-8.861160328,72.6,76.3
Pittsburgh,114.9428308,102.1245075,0.7957247098,17–15,17,32,52.2,51.1,34.2,32.8,14.8,18.3,29,29.9,66.9,52.4,50.4,34.6,34.7,12.5,7.9,51.4,52.7,41.4,41.3,67.2,,,,2025,,,,-3.74946524,78.2,72.6
Montana,111.0319146,109.1699975,0.54846761,22–9,22,31,56.4,52.2,36.2,31.9,16.2,15.5,22.6,29,67.5,57.3,53.1,36.5,33.7,8.1,8.5,49.3,45.6,36.8,35,67.8,,,,2025,,,14,-3.07050313,74.6,74
Massachusetts,101.777152,105.959701,0.386240758,11–20,11,31,45.1,49.8,34,36.6,16.1,17.5,34.3,31,70.7,46.6,49.7,28,33.2,13,8.9,48.2,57.6,32.2,39.9,71.1,,,,2025,,,,-13.43816847,67.2,72.2
Mount St. Mary's,99.16979903,107.4077771,0.28542895,21–12,21,33,51,48,31,26.7,21.7,15.9,31.1,28.3,67.5,50.1,48.7,34.9,31.4,7.9,9.5,60.6,52.3,41,44.5,68.1,,,,2025,,,16,-8.154978395,73,73.8
Bryant,105.9506377,105.537054,0.5112427751,21–11,21,32,51,47.7,30.4,30,16.5,16.4,34.2,28.8,73.2,51.5,47.3,33.4,32.2,14.8,5.7,48.7,42.9,34.8,36,73.1,,,,2025,,,15,-7.096804968,71.8,72
Syracuse,110.2351688,105.3812494,0.6266471105,14–19,14,33,51,52.9,33.1,33,17.9,14,31.4,26.1,68.7,51.9,53.6,32.8,34.5,6.8,9,49.9,47.5,32.7,38.1,68.9,,,,2025,,,,-7.725400026,70.5,71.6
Jacksonville St.,108.4370803,105.7857754,0.5706911142,19–12,19,31,49.6,49.4,32.2,28,15.7,13.3,30.9,26.5,65.4,49.1,47.7,33.5,34.5,9.9,8.7,42.7,51.6,36.4,42.5,65.4,,,,2025,,,,-5.436738185,75.1,69.7
McNeese St.,113.1975997,100.2561822,0.8015756829,25–6,25,31,53.3,47.5,35.7,31.4,16.2,21.6,34.7,31.3,65.8,53.2,46.9,35.6,32.2,11.8,8.8,50.1,55,36.7,46.6,66,,,,2025,,,12,-0.857386261,70.7,70.9
Quinnipiac,101.7371506,105.4317642,0.3988590347,19–13,19,32,48.4,49.5,31.1,28.3,17.9,17.1,33.5,26,71.4,50.7,46.7,29.8,36.1,12.4,11.3,52.4,56.8,38,37.1,72.3,,,,2025,,,,-9.316014897,76.6,70.7
Rhode Island,107.4123955,106.624849,0.5211445069,17–13,17,30,52.8,49.3,41.1,30.8,17.9,16,28.3,28.6,71,53.3,50.6,34.6,31.5,8.7,10.9,51.4,51.9,37.7,39.7,71.1,,,,2025,,,,-7.798244653,69.3,72.9
Detroit Mercy,94.42712653,111.8341059,0.1250269093,7–24,7,31,45.6,51.2,28.9,39.8,19.1,15.5,31.9,30.5,67.6,43.9,52.4,33.3,33.2,8,8.8,43.9,59.1,28.4,47,67.7,,,,2025,,,,-19.17493694,73.3,72
Radford,109.3419668,109.3260378,0.5004188627,18–13,18,31,51.1,51,41.3,37,17.7,16.5,33.8,30,64.3,49.9,49.3,35.6,35.8,8.8,8.4,44.3,48,36.3,40.1,63.7,,,,2025,,,,-7.324359001,76.1,75.4
East Tennessee St.,105.2551097,105.9965909,0.4798287036,17–13,17,30,50.3,50.3,33.2,34.3,16.1,18.9,35.7,29.8,65.5,48.9,49.5,34.7,34.2,11,9.9,50.7,50.6,41.7,41.1,65.7,,,,2025,,,,-9.251428887,66.5,67.2
Duquesne,106.0219874,102.8295467,0.5870051216,12–19,12,31,50,50.2,30,39.5,18.3,20,32.9,30.7,65.4,49.2,48.1,34,35.9,12.6,10.2,54.7,53.4,43.2,35.9,65.8,,,,2025,,,,-12.84254842,64.5,72.2
Virginia Tech,106.7578118,105.0343219,0.5466563828,13–19,13,32,51.2,52.3,30.8,31.8,20.1,16.2,31,29.2,66.1,50.3,54.6,35,32.6,5.8,9.9,51.5,55,40.4,41.2,65.8,,,,2025,,,,-9.16527208,71.4,75.8
VCU,115.2769329,95.96426477,0.8917417358,27–6,27,33,52.4,44.4,32.2,36.1,16.8,20.6,36.7,30,66.4,54.2,43.6,33.5,30.6,15.6,7.7,56.5,46.1,47.4,35.3,66.9,,,,2025,,,11,1.123927954,74.5,72
North Dakota St.,116.4788369,110.5822714,0.6450664849,18–11,18,29,58.2,51.4,32.6,27.1,15.6,11.1,26.2,29,66.7,56.5,51.3,39.8,34.3,4.8,9.3,55.2,41.2,53.6,39.1,65.8,,,,2025,,,,-6.423785951,79,70.1
Northwestern St.,102.0863294,107.0898921,0.3658012149,14–16,14,30,48.7,49.8,32.2,33.1,20.2,17.4,33.1,32.6,64.2,46.5,46.8,35.2,36.2,12.3,11.5,53.3,50.8,35.7,39.7,64.6,,,,2025,,,,-9.726410569,70,70.7
Fairfield,98.19975387,114.2898098,0.1486868519,11–20,11,31,46.3,53.7,25.4,31,15.5,18.2,28.6,31,66.5,45.8,53.4,31.5,36,8.4,9.8,51,52.8,38.3,36.9,66.6,,,,2025,,,,-16.97090683,73.3,77.1
Arkansas,111.4452694,95.6192163,0.8533771275,20–13,20,33,52.7,48.3,35.5,29.4,16.5,17.5,27.6,28.3,70.4,54.4,48.5,33.3,31.9,15.4,7.1,53.2,48.6,36.7,39.5,70,,,,2025,,,10,1.240309135,73.4,72.5
Cal St. Bakersfield,105.1551715,112.7034493,0.3106218188,12–19,12,31,48.2,54.3,34.5,46.9,18.8,18.9,35.6,29.7,67.2,45.3,54.8,37.2,35.7,8.6,7.6,38.2,52.1,28.4,41.5,66.7,,,,2025,,,,-13.81231448,77.3,74.9
George Washington,107.3846801,102.9686591,0.6184366759,20–12,20,32,50.6,48.4,40.8,26.7,18.2,19.4,32.1,32.7,67,53.2,49,31.3,31.6,8.7,13.8,55.8,52.5,41.9,38.9,67.6,,,,2025,,,,-6.53710428,70.2,72.8
UNC Asheville,107.6232219,112.3165528,0.379687395,17–11,17,28,52,53.4,34.4,40.1,14.8,18,29.7,34.1,70.1,52.4,53.8,34.2,35.2,11.5,5.4,45.6,50.3,35,38.9,68.6,,,,2025,,,,-6.525964959,72.2,70.3
Dayton,115.24503,104.4282593,0.7564736778,21–10,21,31,52.6,50.4,37.9,30.7,15.5,17.7,29.6,28.8,66.1,52.1,51.9,35.6,32.3,10.3,10.6,59.4,50.3,40.4,42.4,66.5,,,,2025,,,,-1.512340335,75.5,74.7
Stephen F. Austin,94.45316534,103.9333359,0.249754091,11–17,11,28,46.7,49.2,32.3,34.1,22.2,20.2,34.6,33.1,67.3,48.8,47.8,28.7,34.4,11.2,9.9,51.4,54.7,36.9,37.1,68.1,,,,2025,,,,-12.39389197,63,68.2
Arkansas St.,109.1636962,101.9907336,0.6860282569,23–10,23,33,49.3,45.7,34.2,37.6,15,17.1,33.9,30.6,70.3,50.5,46,31.8,30.1,11.6,10.4,51,49.7,44.6,35,70.3,,,,2025,,,,-4.6506198,73.1,70.2
Army,100.6725891,113.1416577,0.207046455,14–15,14,29,49.7,53.7,25.8,27.1,14.7,16,25.8,29.3,67.6,52.1,55.2,30.8,34.5,6.1,8.8,50.2,53.8,41.1,42.2,68.3,,,,2025,,,,-11.99874224,68.5,69.9
Southeast Missouri St.,101.1379156,104.8946794,0.3966544393,18–12,18,30,51.3,47.6,28.9,42.8,15.4,19,24,28.7,69,51.1,48.8,34.5,30,9.2,7.8,48.2,42.2,36,31.6,69.6,,,,2025,,,,-8.732131025,71.8,72.5
Binghamton,98.98730267,112.5360801,0.1861464958,12–17,12,29,51.6,49.7,33.7,31.9,19.6,12.8,26.9,26.9,66.4,50.6,51.1,35.4,31.8,8.2,11.9,51.7,46.4,36.2,40.3,66.3,,,,2025,,,,-14.23666533,70.1,72.4
George Mason,105.4918283,94.88359444,0.7718524353,25–8,25,33,51.5,45,41.7,31.5,20,18.9,32.1,29.1,65.1,50.7,44.6,35.3,30.3,11,10,52.4,53,35.8,45.5,65.4,,,,2025,,,,-0.2884604,71.5,71.1
Old Dominion,99.33211046,110.9162689,0.2195095098,13–20,13,33,44.1,51.2,30.9,35,16.9,16,36.4,32,66.2,45,51.2,28.3,34.1,9,10.2,43.6,49.2,35.8,35.3,66.7,,,,2025,,,,-15.41389271,71.7,69.5
Green Bay,100.5978143,115.7416271,0.1662219947,4–27,4,31,50.9,54.8,37,35.4,18,14.6,18.4,32,69.1,52.2,54.1,32.9,37.3,5.4,13.5,60,54.8,46.2,39.4,69.8,,,,2025,,,,-21.92112952,78.5,68.8
UNC Greensboro,105.4171273,106.0001411,0.4841488136,17–12,17,29,50.7,47.8,29.8,34,15.3,16.4,31.1,30.1,64.6,48,48.7,36.2,31,8.7,7.3,48.5,46,42.4,43.1,64.4,,,,2025,,,,-7.661753147,73.7,72.5
Little Rock,97.54815959,103.9650904,0.3246127726,17–14,17,31,49.5,46.7,29,37.9,20.4,21.5,30.4,35.4,67.9,47.2,46.3,36.6,31.4,16.8,7.3,52.9,58.2,30.3,44.2,67.5,,,,2025,,,,-10.11027548,70.7,71.5
Austin Peay,100.4103071,110.8701982,0.242394619,12–19,12,31,48.7,53.8,28.9,36,14.8,16.8,25.8,31.2,66.9,47.1,52,34,37.9,7.5,13.4,49.5,51.3,40.2,35.9,66.7,,,,2025,,,,-13.37834909,71.3,73.1
Rutgers,115.20104,103.9487061,0.7653043285,15–17,15,32,50.6,52.8,36.2,30.5,15.4,17.4,30.8,32.2,69.5,51.3,52.9,32.9,35.1,10.2,8.4,47.7,51.5,36.3,37.7,69.4,,,,2025,,,,-3.641545284,71.8,69.6
Nicholls St.,105.3227731,106.3820459,0.4712611357,17–13,17,30,48.1,48.1,33.1,35.9,15.3,16.7,30.6,31.5,68.3,45.6,49.9,35,30.1,10.2,12,42.8,49.6,36.8,37.6,68.9,,,,2025,,,,-7.543762133,68.6,71.1
Sacramento St.,94.97288687,113.0410343,0.1189057388,4–25,4,29,48,55.1,31.3,39.2,20.3,17.1,27.4,27.6,65.7,49.1,55.2,31.2,36.6,9.4,10.6,53.3,58.5,44.9,46,66.1,,,,2025,,,,-20.76174353,68.2,71.7
William & Mary,107.3518738,111.7345369,0.3869479801,15–15,15,30,53.7,53.5,35.6,35.5,18.1,17.6,26.2,30.2,71,55.8,54.4,34.5,34.8,4.8,11.5,62,51.4,51.5,41.6,72.2,,,,2025,,,,-10.69017998,72.8,72.2
Colgate,103.5753362,112.3050969,0.2828070277,13–19,13,32,54.2,53.3,22.6,25.5,16.7,16.3,23.7,26.9,66.7,54.6,51.5,35.7,37.3,6.9,9.4,52.4,53.9,42.2,40,67.8,,,,2025,,,,-14.92876293,73.1,70.2
USC,116.0551627,102.1719997,0.8123254117,16–17,16,33,54.6,52.4,36.4,34.9,17.8,17.8,28.2,30.9,69.1,54.3,54.3,36.7,32.9,8.4,9.3,56.9,58.4,34.7,38.5,68.9,,,,2025,,,,-3.83549104,74.6,75.4
Merrimack,98.87784993,101.410018,0.427808934,18–15,18,33,49.4,46.9,24.4,29.9,13.8,23.2,20.8,38.6,64.7,49.3,47.2,33,31,10.6,8.7,49.7,59.9,42.9,36.3,65.2,,,,2025,,,,-9.916990255,72.3,71.8
Purdue Fort Wayne,108.6477146,109.3272896,0.4820809939,17–13,17,30,54.7,53.3,29.1,30,13.8,20.1,22,32.8,70.3,54,56.2,37.1,32.6,7.4,10,47.6,49.8,45.6,40,70.3,,,,2025,,,,-8.583544555,75.1,74
Illinois St.,112.3279561,108.8252742,0.5900834576,18–14,18,32,56,53.8,30.7,31.4,15.8,16.7,24.6,24.9,66.1,56.6,53.5,36.9,36.1,5.5,8.9,54.3,50,47.5,43.3,66.3,,,,2025,,,,-8.211483824,74.7,75
Manhattan,106.9608238,115.6373195,0.2896766113,16–13,16,29,50.7,50.5,31,25.9,17,15.2,32.6,31.9,67.4,50.3,51.8,34.2,32.5,7,11.3,57.2,58.8,41.9,42.3,68.2,,,,2025,,,,-10.05686749,76.8,72.8
Utah,112.3237707,100.2603596,0.7869392624,16–16,16,32,51.7,48.7,37,33.4,18.1,15.7,34.9,28.4,69.1,53.9,47.4,32.6,33.8,10.2,13.3,66.4,52,43.8,40,69.5,,,,2025,,,,-2.985302556,63.9,70.2
Louisiana Tech,108.0646118,105.2841168,0.5743856694,17–12,17,29,52.5,47.8,35,32,18.9,14.7,29.3,28.7,65.8,53.5,48.8,34.1,30.8,11,8.9,57.5,47.8,41.4,38.9,65.1,,,,2025,,,,-6.413442235,75,69.9
Youngstown St.,101.0188297,105.1000205,0.3880625056,19–13,19,32,49.8,48.8,36.4,35.8,17.6,18,29.3,31.2,70,52.1,48.1,31.3,33.5,13.2,8.8,51.4,52.6,46.2,32.8,69.9,,,,2025,,,,-9.203332697,73.7,70.5
Jacksonville,101.15166,103.0646488,0.446342921,17–13,17,30,50.1,50.7,28.2,34.5,19.3,18.7,35.3,30.5,68.4,47.3,50,37,34.6,13.1,9.4,50.8,49.9,33.9,38.2,68.1,,,,2025,,,,-7.491532233,68.2,70.1
Tennessee St.,102.331734,108.550757,0.3366012022,14–16,14,30,51.3,48.8,41.4,39.3,21.1,17.4,33.8,30.3,71.3,52.5,48.1,32.6,33.4,9.5,8.4,47.3,48,33.6,35.9,71.2,,,,2025,,,,-13.01121191,68.4,68.6
Stanford,112.9024693,102.0618705,0.7614905986,20–13,20,33,50.4,50.6,29.7,36,15.8,17.6,31.1,28.2,67,49.9,50.9,34.1,33.4,9.6,6.8,54.1,40.8,41.4,34.1,66.8,,,,2025,,,,-2.610928677,78.8,75
Longwood,104.9343243,109.6591806,0.376016934,15–14,15,29,51.3,55.9,45.4,38.3,18,20.7,32.1,29.6,70.3,52.3,59.8,32.9,33.7,6.5,7.8,49.7,49.6,33.9,41.6,69.7,,,,2025,,,,-9.788314663,72.4,68.7
Sacred Heart,105.0594576,111.7881578,0.3287353263,14–18,14,32,51,51.8,26.3,27.6,17.7,17.6,31.4,29.9,70.3,50.3,50.8,34.5,35.4,8.4,10.7,61.7,59.9,44.6,43.1,71,,,,2025,,,,-14.72793381,73.5,74
Western Kentucky,103.1382538,102.3523817,0.5219760633,15–15,15,30,47.9,47.4,32.1,40.6,15.5,17,23.5,28.1,72.8,48,48.7,31.7,30.5,8.1,11.4,44.1,54.7,39.7,44.1,72.5,,,,2025,,,,-8.251178882,72.2,74.1
UT Arlington,106.5729587,112.2347872,0.3554250749,11–18,11,29,51.7,50.4,37,34.3,19.2,16.4,32.8,32.5,68.5,50.6,48.5,35.4,36,7.8,10.3,53.7,57,42.2,34.9,68.3,,,,2025,,,,-12.88189098,65.3,73.5
Fordham,105.7997208,110.4701505,0.3782998099,11–21,11,32,48.6,52.8,32.8,39.2,18.4,16.7,31.5,30.6,70.2,49.1,52.6,32,35.5,8.3,10.3,52.1,49.6,41.5,31.8,70.3,,,,2025,,,,-14.01697461,72.3,71.4
Alabama St.,101.3398572,110.6379631,0.267075738,18–15,18,33,47.1,50.3,29.9,38.7,13.2,18.6,28.3,31.1,69.1,45.4,50.4,32.9,33.4,8.4,9.1,45.4,50.3,42.9,39.5,68.4,,,,2025,,,16,-10.16896953,69.8,69.9
Wichita St.,106.2861271,104.067233,0.5603598211,18–14,18,32,48.7,49.9,35.2,28.3,16.4,15.7,31.9,28.4,69.1,50.1,49.9,30.2,33.3,11.7,10.9,44.6,51.9,28.4,38.3,69.4,,,,2025,,,,-7.348732973,72.6,66.9
Oakland,105.9918527,108.4363882,0.4348187729,15–18,15,33,50.1,51.4,31.7,27.8,18,16.2,34.1,32.6,64.6,53.2,49.7,30.6,35.9,8.7,9.8,51.1,61.7,42.3,41,64.3,,,,2025,,,,-11.15617564,69.9,73.4
Boise St.,115.7529191,99.40700184,0.8520419064,23–10,23,33,52.1,49.6,39.2,31.1,16.9,16.1,33.2,22.6,65.7,56.3,48.6,31,34.2,7.2,10,56.4,44.9,43.3,36.2,66,,,,2025,,,,0.1471196028,77.9,69.2