"UC Santa Barbara",104.64855825855,109.91343745332,0.36251088633818,14–15,14,29,53.3,50.6,39.7,31,19.1,14.3,25.2,26.6,68.5,53.4,51.8,35.4,32.1,7.9,7.1,50,45.9,30.5,33.7,68.2,,,,2024,,,,-10.520275178983,74.4,68.2
"Arkansas Pine Bluff",101.5945554938,119.38156167994,0.13524592067754,9–18,9,27,51.5,52.6,40.2,32.5,18,15.4,22.9,34,73.1,48.4,56,36.5,31.4,4.5,12.3,55.1,55.4,49.4,38.3,72.8,,,,2024,,,,-13.290311287659,75.8,73.3
"Portland St.",98.740590049577,104.91383309773,0.332389471055,14–15,14,29,46.8,52,34.3,34.7,16.4,18.6,29.8,28.3,69.1,45.6,51.1,32.4,35.6,8.6,9.8,43.2,54.2,37.6,38.2,70.2,,,,2024,,,,-10.885841500041,68.8,69.5
Indiana,109.84800378573,100.0085780128,0.74633861111687,19–14,19,33,52.1,49,37.7,31.6,17.5,14.9,26.9,29.7,69.4,53.4,47.4,32.4,34.3,11.2,7.5,57.3,52.8,27.8,41.2,69.4,,,,2024,,,,0.053537715607556,66.4,75
"North Carolina St.",113.4282415478,100.96635984127,0.79222746503804,22–14,22,36,50.7,50.5,32.5,31.9,13.7,17.9,28.6,29.3,68.9,50.1,49.5,34.6,34.9,9.3,7.7,46.1,48.4,33.5,35.3,68.9,,,,2024,,,,-0.58130720007086,73.4,73.2
"Central Michigan",96.083916108593,104.00007025429,0.28690758881895,17–14,17,31,46.8,47.3,27.4,30.6,17.5,16.2,28.6,30.7,66.2,47.7,47.7,30.1,31.2,10.4,8.8,46,52.2,35.2,40.8,66.3,,,,2024,,,,-8.145565072328,66.1,74.4
Brown,103.32196116725,106.23011006236,0.42086758813385,12–18,12,30,49.7,51.2,33,32.1,18.3,16.8,31.9,27.3,67.6,49.2,52.2,33.7,33.1,11.6,9.4,53,51.3,40.7,38.2,68.2,,,,2024,,,,-11.725178590149,65.5,69.6
"Wright St.",115.84770081224,113.91219850386,0.54828829417866,16–14,16,30,58.5,55.3,33.6,30,16.5,16.3,28.9,28.1,72.5,58.8,55,38.4,37.1,6.9,6.5,51.1,44.7,29.3,37.7,72.4,,,,2024,,,,-9.3439389407887,76,72
"UC Irvine",107.85800913831,98.834414084139,0.73199191518698,23–9,23,32,52,45.9,34.6,35.5,17,17.5,31.3,27.7,69.5,51.9,44.2,34.9,33.3,8.2,8.5,54.9,48.2,27.8,30.4,69.4,,,,2024,,,,-2.6494444199459,75.5,71.1
Furman,108.59231982221,107.45086614575,0.53034279757157,15–15,15,30,52.1,52.9,31,28.5,15.9,16.2,29.4,26.6,70.4,54.3,53.9,33.2,34.1,6.7,11.5,58.3,49.9,48.2,35,69.8,,,,2024,,,,-9.2232370564955,73.5,68.8
UAB,112.35688212294,106.98908966745,0.63713806964426,22–11,22,33,50.1,51,40.5,31.4,16.7,16.1,35.3,31,68.7,50.4,50.2,33.1,35,12.3,10,49.6,48.9,31.3,36.7,68.7,,,,2024,,,,-2.7405144874484,74.3,72.2
Tulane,109.88287221118,107.36023768893,0.56637807106999,13–17,13,30,54.1,51.1,45.5,32.7,15.1,17.3,20.5,32.7,73.2,54.5,50.2,35.5,34.9,11.4,9.6,50.4,57.2,35.7,42,73.8,,,,2024,,,,-9.4348192625281,73.1,71.4
FIU,99.919986613,109.95539261419,0.24962601985,10–22,10,32,49.7,55.6,28.4,35.9,18.9,24.1,27,37.3,71.4,49.9,52.9,32.9,40.3,11,10.4,51.5,55.1,41.7,36,71.2,,,,2024,,,,-16.274654189016,66.4,70
BYU,120.6304713393,98.220419515029,0.91399774038336,23–10,23,33,55.1,48,25.3,32.1,15.2,16,32.8,24.7,70,58,48.2,34.8,31.8,7.7,7.1,63.2,47.2,50.7,34.1,70,,,,2024,,,,2.870185480467,73.8,69.8
"Illinois Chicago",100.62902318108,101.52550410964,0.47452278275253,11–21,11,32,50.6,48.9,26,35.9,17.7,17.4,22.9,28.4,68.6,48.4,49.2,36,32.2,13.7,10.5,53.5,52.4,40.8,35,69.1,,,,2024,,,,-13.27836893857,69.2,75.1
Xavier,111.66999666097,98.284779137743,0.81279995652836,16–17,16,33,49,49.6,32,30,16.2,16.2,32.1,29,71.4,48,49.4,34,33.3,8.4,11.5,59.9,60.1,32,35.9,71.9,,,,2024,,,,-2.0772676509338,74.4,71.6
Charlotte,108.49403761699,101.62146171915,0.67973742694396,18–12,18,30,50.8,48.5,35.2,31.5,15.5,15.2,26.1,29,63.2,53.2,49.5,31.3,31.1,9.5,8,53.6,45,38.2,36.6,63.4,,,,2024,,,,-4.9736321400725,75.2,70.9
Canisius,100.57323815557,106.72517793212,0.33564438516681,13–18,13,31,49.6,51.2,27.5,28,19.1,16.3,32.8,28.1,68.2,49.7,51,32.9,34.4,8.2,7.5,47.8,51.1,36.1,31.8,68,,,,2024,,,,-13.175321297305,61.9,70.6
"Wake Forest",116.38972314682,99.640933449353,0.8565306418831,20–13,20,33,54.7,48.9,31.5,30.7,15.6,16.2,26.3,26.2,68.7,54,48.8,37.2,32.6,10.8,9.4,44.9,42.2,37.7,34.8,69,,,,2024,,,,-1.3393755388192,79.5,74.8
"Florida Atlantic",117.64553522909,102.62258496185,0.82794157558427,25–8,25,33,55,49.7,34.8,27.5,15.8,16.5,33.8,29.2,69,56,49.3,35.6,33.6,7.8,6.7,51,37.9,38.8,36.3,68.9,,,,2024,,,,1.2367046757257,72,72.7
Northeastern,105.89702844607,109.76850773709,0.39821108127302,12–20,12,32,51.2,53.8,29.8,28.3,18.9,17,31.8,27.7,65.8,53.3,52.3,31.8,37.5,9.8,8.4,53.7,51,36.1,38.8,66.7,,,,2024,,,,-14.084212709814,74.8,76.1
"Robert Morris",100.42133554224,112.95547406131,0.20544257853003,8–22,8,30,50.3,53.3,28,36.8,20,15.8,33.2,29.5,68.5,50,54.3,33.8,34.3,7.4,7.7,52.1,50.8,42.6,34.8,68,,,,2024,,,,-17.186259133505,71.9,73
Seattle,103.96476344207,99.770615081707,0.61622382809909,18–14,18,32,50.7,46.4,34.2,37.2,18.5,17.3,29.4,26.1,68.3,50.1,47.4,34.3,29.7,8,9,51,48.2,38.1,33.7,67.7,,,,2024,,,,-8.3678812539084,73.4,70.3
Villanova,110.89375034919,93.9314541903,0.87091611320985,18–15,18,33,50.7,48.2,26.5,25.9,14.5,16.1,25.2,24.4,64.2,50.4,47.6,34,32.7,7.9,13.3,52.9,56.9,48,45,64.3,,,,2024,,,,-1.147167506107,81.4,73.4
Howard,104.86249849329,113.087078355,0.29559900000048,16–16,16,32,52,50.9,42.2,39.1,21.4,16.7,33.4,30.7,69.2,49.2,50.8,37.5,34,7.5,10.9,55.3,46.9,38.9,33.2,68.7,,,,2024,,,,-12.073634526542,75,70.1
"Utah St.",114.08849873024,100.07819335063,0.81858059248468,25–6,25,31,54.1,49.6,40,30.4,15.7,16.4,28.5,25.4,69.1,57.1,53.1,32.1,29,11.1,5.9,56.4,49,33.4,36.7,69.5,,,,2024,,,,3.3308786029775,71.2,72
Marist,96.55413458322,100.2846154799,0.39270705236321,18–13,18,31,50.8,47.1,29.8,35,18.4,20.4,23.1,26.8,65.5,49.3,46.8,35.6,31.8,8.6,7.6,52.5,43.9,36.4,38.3,65.5,,,,2024,,,,-9.9849632868232,69.7,68
Toledo,111.60816422518,109.67454450415,0.55007765534531,20–12,20,32,53.3,54.5,35.4,26.3,15.1,18.5,29,28.5,70.2,52,56.4,37.7,34.2,5.3,9.5,45.3,46,28.6,37.2,70.2,,,,2024,,,,-6.353670520156,75.4,72.4
Denver,107.13585430236,115.67615405719,0.29276073015211,13–17,13,30,51.8,54.7,35,32,14,14.2,27.3,27.6,70.5,51.2,54.4,35.1,36.8,9.4,11.2,45.9,44.7,41,35.5,71.4,,,,2024,,,,-12.247837105901,71.8,73.8
"Cal St. Northridge",99.184737781123,104.71667146374,0.34883747364875,17–15,17,32,48.9,48.3,37.6,39.5,19,18,31.1,26.9,73,50.3,47.2,30,33.1,10.1,7.8,50.1,59.2,26.4,44.5,73.6,,,,2024,,,,-10.368267006427,67.5,73.1
Maryland,105.43283937315,94.410280099298,0.78072189449075,16–17,16,33,46.7,46.7,40.8,33.5,17.5,18.8,31.7,29.1,66.3,48.8,45.7,28.9,32.8,11.7,10.3,47,47.8,37.5,30.1,66.4,,,,2024,,,,-4.0667351148147,72,76.6
Rice,106.2808524562,108.90808095944,0.43025286535875,10–21,10,31,50.5,52.6,29.9,27.4,17.3,14.8,28.5,29.5,67.6,50.9,50,33.2,37.9,10,9.9,54.6,54.3,39.4,38.3,66.8,,,,2024,,,,-12.938803600445,69.5,74.2
"Abilene Christian",100.7678527761,104.63353585721,0.39343062479504,14–17,14,31,46.8,52.1,38.7,40.4,17.5,20.7,26.1,30,70.6,45.3,53,34.2,33.3,5.5,8,48.4,46.5,25.5,31.3,69.5,,,,2024,,,,-11.268441675043,73.6,69.3
Rider,101.82627177649,107.32636775864,0.35320712502233,14–17,14,31,47.7,49.2,31.9,36.5,17.9,16,31.4,29,68.5,46.6,47.7,33.7,34.4,10.3,8.1,51.1,51.9,28.1,38.2,68.8,,,,2024,,,,-10.982179692957,75.3,69.5
"Boston College",112.23247552128,102.29977105122,0.74376822089946,19–15,19,34,52.7,50.4,25.5,28.4,15.5,16,27.3,26.7,68,51.8,49.5,36.1,34.6,9.6,8.7,51.6,51.2,38.5,37.8,68.1,,,,2024,,,,-3.6442740425734,75,74.7
Arizona,121.5443340884,93.413599450592,0.95379164800025,25–8,25,33,55,48.7,36.7,25.7,16.1,18.1,36.3,23.1,73.4,54.6,47.8,37.1,33.4,9,8.6,59.1,52.6,32.6,38.2,73,,,,2024,,,,4.8871046118767,71.9,71.1
"Penn St.",110.20931558471,99.89240859136,0.75589590832642,16–17,16,33,50.3,50.2,35.3,36.3,15.7,20.7,26.8,32.2,70.3,50.5,52.5,33.4,30.3,8.8,8.7,48.7,56.7,39.2,32.8,70.8,,,,2024,,,,-4.621214074005,74.7,76.7
Hawaii,103.81659185633,104.70085740953,0.47563498760212,18–14,18,32,52.6,48.5,39,33.6,18.6,15.7,25.8,25.3,67.5,53.8,49.3,34,30.8,6,8,48.7,37.3,42.4,25.4,66.9,,,,2024,,,,-9.2497452987398,72.8,72.9
"San Diego",99.942568327877,106.15938599048,0.3331487608051,16–15,16,31,49,52.5,32,38.6,18.3,18.1,27.1,31.8,72,47.4,53.7,34.8,33.9,10.3,8.9,50.8,62.3,34.1,39.8,72.1,,,,2024,,,,-7.8450816554635,72.1,70.1
"UC Davis",102.06082222029,101.50987179951,0.5155570040196,18–13,18,31,50.2,49.1,38.2,38.4,19.3,20.9,28.6,30.6,67.8,50.8,49.1,32.9,32.7,9.6,8.2,51.1,48.6,37.4,33.1,68.1,,,,2024,,,,-8.3354835393457,75.1,73.8
LSU,109.87831778004,100.11373291167,0.74464766012677,17–15,17,32,52.2,49.5,38.9,33.5,18.6,18.3,30.7,31.2,70.8,51.7,49.2,35.3,33.2,10.7,11.1,44.4,48.8,37.6,41.4,70.7,,,,2024,,,,-3.0742640832022,71.9,75.8
"Fresno St.",102.42618038788,107.81949696076,0.35660369564867,11–21,11,32,51.5,53.1,30.4,28,18.8,15.4,24.4,30.4,65.9,52.6,51.8,33.2,36.9,6.4,11.7,50.4,50.2,38.5,37.3,66.5,,,,2024,,,,-11.323416374869,68.1,68.6
UMKC,100.88822376588,104.60965259764,0.39734017364655,13–16,13,29,49.4,51.1,29.3,45.1,17.9,17.3,31.3,25.3,67.1,48.9,52.7,33.4,32.4,10.8,8.2,50.7,48.6,43.4,37.5,67.4,,,,2024,,,,-11.024251916725,72.6,70.9
Baylor,122.49103116666,100.1324248055,0.91033718464623,22–10,22,32,55.6,51.3,40.5,30.9,17.7,17.1,35.1,27.1,66.8,53.4,51.9,39.4,33.5,8.5,9.8,53.9,52.9,38.3,35.5,66.7,,,,2024,,,,5.0813232395714,74,73
"Oral Roberts",103.20072731804,111.46528411646,0.29195069040652,9–19,9,28,51.1,51.4,26,32.3,14.2,14.5,20.9,30.6,68.4,49.1,50,36,35.8,9.3,7.6,40.6,49.6,42.1,38.5,68.6,,,,2024,,,,-13.437988459023,75.4,73.5
Ohio,107.88803078935,106.48351021877,0.53760228781456,19–13,19,32,52.2,49.2,32.1,34.7,14.1,19.2,28,31.9,68.2,51.9,48.4,35.1,33.8,9.8,10.4,50.4,44.9,41.4,37.1,68.3,,,,2024,,,,-9.1264165387906,72.9,70.1
Winthrop,106.29892495274,105.80047889107,0.5135095738124,14–15,14,29,51.9,49.5,50,34.3,18.7,18.2,30.4,32.9,67.9,52.8,50.6,33.7,32,7.8,12.6,44.8,48.4,39.4,41.1,67.9,,,,2024,,,,-9.4302135926668,69.6,76
"Northern Illinois",102.24255816457,112.50156584904,0.2498111054296,9–20,9,29,49.8,52.9,36.2,34.7,18.1,14.3,28,31.2,69.2,50.2,51.8,32.7,36.7,12.2,7.1,39.7,53.3,39.1,35.8,69.2,,,,2024,,,,-14.15480788019,68.2,68.1
"Georgia Tech",108.1763149751,103.68471723203,0.61956179663075,14–18,14,32,48.7,49.2,29.2,31.6,17.7,12.8,31.6,28.5,68.3,48.6,49.5,32.6,32.6,10.7,8.9,52.5,50.8,40.5,39.4,68.4,,,,2024,,,,-5.7109820278885,70.9,73.9
"Kent St.",105.5615178327,106.04664936889,0.4868206170817,15–17,15,32,50.7,51.3,31.9,34.9,17.2,18.5,31,28.7,67.6,48.5,52.6,36,33,7.7,8.7,49.2,50.2,39.2,39.7,67.6,,,,2024,,,,-11.491661126765,73.8,73.4
Marquette,118.27348068336,94.339327064487,0.93087229179298,25–9,25,34,55.1,49.7,25.6,28.2,14.3,21.1,26,30.8,69.3,56,49.2,35.8,33.6,9.8,8.4,54.3,59.2,40.5,43.1,70.1,,,,2024,,,,6.5076637242831,71.5,75.3
"Weber St.",107.76464720989,106.49593282193,0.53399569637901,17–12,17,29,53.1,54.4,35.2,29.3,14.8,18.4,23.8,23.7,65.9,53.9,55.2,34.5,35.4,4.4,8.4,44.2,51.1,38.7,36.7,66.3,,,,2024,,,,-7.1280551733855,73.8,71.6
Maine,96.202782079335,102.09960394378,0.33533758055543,14–17,14,31,47.8,49.9,30,32.1,16.7,19.2,23,27.8,67.5,49.3,50.6,29.7,32.3,8.5,9.4,49.7,52,32.2,33.2,66.5,,,,2024,,,,-12.004532467321,72.2,68.4
"Sam Houston St.",104.87959691363,102.53223095377,0.56471290923063,19–12,19,31,48.6,49.8,34.7,37,18.8,19,32,27,68.8,46.5,50.5,35.1,32.5,6.4,10.8,49.9,51.7,35,39.3,68.7,,,,2024,,,,-5.741323090999,72.1,68.7
"Incarnate Word",96.174508166793,114.39935229072,0.11966488375417,6–23,6,29,48.2,51.8,37.1,40.7,21.7,15.1,30,30,71.4,48.3,50.2,32,36.7,10.1,11.3,48.8,53,39.7,34.4,70.8,,,,2024,,,,-19.298259572588,72.3,71.2
"St. Francis PA",93.160149108788,117.48447737349,0.064897868418261,6–22,6,28,47.2,53,32.6,35.4,21.2,17.1,32.9,31.3,66.4,45.7,52.9,33.2,35.4,10.1,11.8,52.6,52,35.1,37.1,66.4,,,,2024,,,,-18.61274095513,60.6,70.3
SMU,110.94722613279,98.446125958034,0.79814968248287,19–12,19,31,50.8,46.7,28.3,33.1,16.6,18.9,38.5,31.3,68.3,50.5,46.1,34.3,31.8,13.4,12.9,56.1,55.2,35.7,36.8,68.4,,,,2024,,,,-4.304609125105,68,71
Richmond,107.22133591641,96.868867888333,0.76272474315657,23–9,23,32,53,46.7,28.1,26.5,12.8,17.2,17,26.6,67.6,52,46.6,36.5,31.3,8.5,7.8,49.5,47.6,35.3,40.9,67.8,,,,2024,,,,-0.75104854658309,73.3,72.4
Providence,108.14679266778,94.61399626703,0.82308162418261,21–13,21,34,51.7,47.5,32.2,27.9,17.5,17.1,27.1,27.7,68.6,53.7,45.6,32.8,34.2,11.7,9.2,53.8,43.8,44.3,34.5,68.8,,,,2024,,,,0.75880152333677,71.9,72
Louisville,104.23551082497,106.94319305861,0.42680063139319,8–24,8,32,48.4,54.6,38.8,33.8,18.1,16.2,28.1,27.5,70.4,49.4,53.8,30.6,37.2,7.2,9.7,44.6,55.3,31.2,39.1,70.5,,,,2024,,,,-12.519745031372,74.6,73.2
Davidson,105.13793542766,100.27601639462,0.63285536366961,13–17,13,30,48.9,49.4,33.5,32.8,16.3,17.2,26.1,27.8,65.8,50.8,49.5,30.7,32.8,10,10.1,50.6,53.2,40,42,66.4,,,,2024,,,,-8.6828801887866,72.9,68.4
"North Florida",105.63455130362,111.73680979145,0.34392581714187,13–16,13,29,53.6,52.6,28.3,33.7,16.3,14.4,23.5,29.9,68.7,53.3,52.3,35.9,35.5,8.5,10.6,44.9,43.5,54.7,29.9,68.1,,,,2024,,,,-11.450310611489,78.1,73
"Missouri St.",103.8635011957,101.67746950103,0.56085328868196,17–16,17,33,49.7,48,31.5,24.9,17.3,13.1,29.1,24.7,68.5,51.2,47,31.4,33,11.8,8.8,47.1,49.8,36.8,38.8,68.8,,,,2024,,,,-7.9023151244642,71.1,71.7
Vanderbilt,103.59444029625,106.12634730431,0.43102098323787,9–23,9,32,45.4,53,35.2,29.5,15.3,15.9,28.2,29.3,67.8,47.4,51,28.3,37.4,8,9.8,40.1,55,39.3,39.6,66.6,,,,2024,,,,-10.515229463125,70.9,78.2
"Utah Tech",98.87095072176,107.61993524591,0.27386713012038,10–20,10,30,50.4,50.4,40.3,43.2,21.8,18.3,28.2,31.6,71.7,50.2,50.1,33.7,33.9,11.6,10.2,52.2,52.6,34.7,36.7,71.2,,,,2024,,,,-14.052088729725,63.7,72.8
Akron,105.72422262131,101.8791210857,0.60492780137986,22–10,22,32,52,48.6,33.6,29,17.2,16.6,29.5,25.6,66.7,54.8,50.7,32,30,8,7.8,48.2,45.4,41.5,36.8,66.7,,,,2024,,,,-4.51609041878,72.4,69.4
Memphis,111.57833095136,102.36747119799,0.72924896052876,22–10,22,32,52.8,50,36.3,29.6,18,19.1,33.4,33.6,72,52.9,49.3,35,34,12.6,11.6,48.8,53.3,38.9,42.7,72.6,,,,2024,,,,-1.0599033540656,72.5,71.5
"Central Arkansas",96.942655362334,114.30163728387,0.1307555720264,7–23,7,30,47.5,54,29.3,33.7,18.1,15.4,28.3,31.4,70.1,45.2,51.9,34.2,37.9,9.2,7.9,53.7,47.8,37.8,42.1,70.1,,,,2024,,,,-18.87793064859,75.1,72.7
"Murray St.",107.42618295022,105.84166115926,0.54261805278264,11–20,11,31,50,54.5,29.6,27.7,14.4,17.9,26.5,25.5,65.2,51.3,53.8,31.6,37,8.8,8.9,44.2,53.1,35.3,42.8,65.4,,,,2024,,,,-12.344737497383,69.8,72.4
American,103.1454675297,113.54855980592,0.24879705913281,15–16,15,31,52.5,53.4,28.4,29.8,17.3,17,27.9,25.6,62.9,52.8,51.9,34.7,36.9,5.5,8.5,56.4,51.9,44.9,42.3,63.8,,,,2024,,,,-12.391687650928,72.4,69.9
"Notre Dame",101.21461351323,98.044519013902,0.59047932259684,13–20,13,33,47.6,48.2,27.9,27.4,19.1,15.2,28.4,26.7,64.8,47.5,47.8,31.8,32.5,6.6,11.6,45.1,50.2,43.3,36.8,65.2,,,,2024,,,,-7.7599101583768,74.4,71.8
Creighton,120.09004472633,96.337211399415,0.9265220549018,23–9,23,32,57.5,46.4,24.5,16.2,15.3,11.2,25.9,24.6,68,60.6,45.7,36.1,32.2,8.6,9.1,58.6,40.9,48.9,27.2,67.9,,,,2024,,,,4.4194901656904,78.1,78.7
Duke,120.47920431877,97.124771274567,0.92258708315075,24–8,24,32,55.2,49,33.8,27.6,14.3,16.9,31.8,25.9,67.8,54.4,49.1,37.7,32.6,9.8,11.8,53.8,50.7,37.4,35.5,67.9,,,,2024,,,,3.31200553922,72.2,69
"Bowling Green",101.90259193457,106.89756493045,0.36579083719111,18–13,18,31,48,51.1,35.2,27.4,16.2,16.1,30.7,25.5,68.4,50,49,29.5,36.8,6.6,9.8,42,47,34.8,34.5,68.5,,,,2024,,,,-9.4422930012976,70.8,67.4
UCLA,106.63593132079,98.532019832335,0.71278483200735,15–17,15,32,46.6,50.1,35.8,35.8,16.5,18.1,29.9,28.3,64.6,45.2,49.7,33.3,33.7,10.5,6.7,47.4,49.3,30.1,42.2,64.1,,,,2024,,,,-5.1812787276323,73.2,69.5
Pacific,94.842735804012,115.84721939096,0.091073312334765,4–26,4,30,46.5,56.3,37.1,36.4,16.9,16.1,18.8,33.2,69.1,46,58.2,31.5,35.7,5.5,9.7,58.6,51.3,36.3,39.7,69.3,,,,2024,,,,-19.115925176389,64.6,73.2
"Texas A&M",115.18945114903,99.532631442622,0.84291316980358,20–14,20,34,45.4,50.1,38.2,31.2,14.2,16.9,41.9,28,67.4,47,49.5,28.4,33.9,8.9,13.6,44.5,59.9,38.1,44.9,66.5,,,,2024,,,,0.25094084203057,70.9,70.7
"North Texas",109.53475398734,97.378654717574,0.79458714536127,16–14,16,30,50.8,47.5,29.1,40.3,17.8,19.6,33.9,31.9,62.7,47.2,46.8,37.7,32.5,9.2,11.2,43.8,46.3,38.9,36.1,62.3,,,,2024,,,,-5.814855105253,74.2,70.1
Nevada,114.28792679444,97.79910977848,0.85714326848026,25–7,25,32,53.3,48.2,46.2,34.3,15,17.3,27.5,27.2,67,52.6,49.1,36.5,31.3,11.2,6.7,58.1,54.9,33.6,41,67.8,,,,2024,,,,2.7403368893377,72.3,69.7
UTSA,106.36727307141,113.07337940252,0.33112551328475,10–21,10,31,48.3,51.9,35,34.6,15.5,13.1,32,28.9,71.2,46.9,49.8,33.4,37,10.6,13.1,52.9,51.9,44.5,37.5,71.5,,,,2024,,,,-14.652075902837,71.5,71.4
"Mississippi Valley St.",85.225161834679,116.86401883524,0.025813263378496,1–30,1,31,42.5,55.6,33,41.6,24,17.2,27.9,35.7,66.2,41.9,55.6,29.2,37,6.5,8.7,44.2,54.1,30.4,36.5,65.5,,,,2024,,,,-22.687230409528,65.8,71.4
"Gardner Webb",101.99437931585,104.63319568143,0.42708697023068,14–16,14,30,49.1,50.3,35.9,39.4,16.1,16,27.9,26.7,69.8,47.4,50,34.8,34,6.1,9.6,48.6,47,35.3,33.9,70.4,,,,2024,,,,-10.108253816075,63,71.7
"Norfolk St.",101.96890202848,107.76966849471,0.34608879225753,18–11,18,29,49.1,49.8,42.8,44.5,18.6,22.3,31.2,31.6,67.4,49.1,48.4,32.7,34.3,10.7,8.7,46.7,61.9,32.5,45.3,67.4,,,,2024,,,,-6.9176835406583,73,73.9
Chattanooga,109.02493493617,108.40870541137,0.51629037319051,19–12,19,31,54.8,49.9,30.9,27.3,17.1,14.5,27.2,28.8,68.2,56.1,47.9,35.7,35.1,9.6,9.9,49.6,48,50.5,42,67.7,,,,2024,,,,-6.8813339041332,74.9,67.9
"Georgia Southern",103.63865712062,113.24690921218,0.2651071058871,9–24,9,33,50.8,52,28.9,43.1,18.8,17.3,28.8,33.9,70.2,49.3,51.4,35.2,35.5,10.7,12.4,41.8,49.4,44.6,36.4,69.8,,,,2024,,,,-17.792793252622,73.2,70.4
"Northern Arizona",97.669739509693,110.57221010501,0.19358440493571,14–19,14,33,49.3,52.9,31.1,37.4,18.1,16.7,24.1,31.1,69.1,50.7,55.4,31.2,32,8.1,7.8,53.8,47,35.2,34,69.2,,,,2024,,,,-13.464869242704,69.6,71.6
Nebraska,116.05076245905,96.69266190648,0.89077064798055,23–10,23,33,53.2,46.3,32.4,27.7,15.9,16.4,27.8,30,69.3,52.8,45.2,35.8,31.9,7.2,10.8,57.1,52.5,44.5,41.7,69.6,,,,2024,,,,2.3866426241384,75.4,69.9
Yale,109.90121779765,100.39042030379,0.73902830743016,20–9,20,29,52.3,49.7,26.9,29,14.1,16,28.4,24,65.6,52.5,48.8,34.6,34,10,8.6,53.3,57.3,35.3,41.4,65.6,,,,2024,,,,-2.5215605090802,70.7,73.8
"Tennessee Martin",104.81367363558,110.79077205537,0.34574823686915,17–11,17,28,50.5,49.3,32.8,24.6,15,13.2,27,26.3,73.2,48.2,49.4,36.2,32.8,7.1,10.8,44.7,50.2,38.1,41,73.7,,,,2024,,,,-6.918573468946,77,71.6
"Morehead St.",106.66416127536,103.52147637806,0.58514253251202,22–8,22,30,54.4,45.7,31.3,32.7,18.5,15.5,32,26.4,65.7,55.6,45.4,35.3,31.1,11.2,7.9,52.4,41.1,45.1,31.2,65.3,,,,2024,,,,-3.3751291950952,71.5,75.8
Tennessee,115.60011607276,91.25044842101,0.93820141099433,24–8,24,32,51.5,45.4,34.3,35.8,14.6,18.9,32.4,28.6,70.6,51.6,44.3,34.2,31.4,13.6,8,61.2,49.5,41.3,41.4,70.2,,,,2024,,,,5.7572159771965,74.9,70.7
"Texas St.",98.878164816853,102.09783653985,0.40890457137458,15–18,15,33,47.1,49.7,37.8,38.3,19.9,18.6,31.2,29.4,68,47.1,50.6,31.4,32.1,9.1,9.4,44.9,48.2,24.3,35.4,67.3,,,,2024,,,,-10.343672537552,69.4,72.5
"Jackson St.",99.834211888873,111.07741845159,0.22666491395158,15–17,15,32,47,52.6,34.7,34.5,19,19,34.9,32,70,46.2,52.4,32.5,35.2,9.9,9.6,48.1,54.9,33.8,39.6,69.7,,,,2024,,,,-11.628296953348,70.4,71.7
Mississippi,113.99670335597,102.59942823808,0.77054258319696,20–12,20,32,51.2,50.2,35.1,32.3,15.7,18.1,30.1,36.2,68.6,49.2,50,36.6,33.8,15.1,8,57.6,55.4,35.1,37,67.7,,,,2024,,,,-0.39262188913795,72.8,71.1
Wyoming,107.39308937762,106.62293683265,0.52068008648074,13–17,13,30,50.9,52.8,38,27.8,18.5,15.9,28.6,29.1,67.7,49,53.7,36.1,34.4,6.7,11.4,46.4,49.5,37,40,68.1,,,,2024,,,,-7.3415085047244,74.9,73.8
Minnesota,113.3283266053,102.63600519827,0.75761611596894,18–14,18,32,54.3,50.1,35.6,29.9,17.6,15.9,30.8,29.1,67.7,54.7,48.3,35.8,36.3,11,9,64.9,56.5,39.5,29.7,67.6,,,,2024,,,,-2.5107638280552,69.3,72.3
Illinois,124.40066717004,100.4081826664,0.92158170228835,26–8,26,34,53.8,48,37.8,27.1,15.1,12.3,36.2,26.1,70.5,54.7,46.6,34.9,34.3,8.2,8.3,44.4,42.6,38.3,27.9,70.8,,,,2024,,,,6.0043054694358,74.5,71.7
UTEP,97.662095756616,98.183059157179,0.48470928447808,15–16,15,31,48.1,51.5,42.8,46.3,21.2,25.9,29,31,70.3,48.8,53.2,31,32.1,7.6,10.1,49,46.8,31.3,33.9,70.5,,,,2024,,,,-10.580946967025,68.6,70.7
"Loyola Chicago",104.54585543818,96.177016232149,0.72302303967248,22–9,22,31,51.8,46.2,33.6,36.2,18.6,17.8,27.1,25.1,69.2,51.1,43.4,35.2,34.2,14.1,12.3,64.1,49.1,40.5,36.1,69.6,,,,2024,,,,-1.4889209545963,68.3,73.5
Texas,118.55604232267,98.272438546805,0.89640330385879,20–12,20,32,53.7,49,30.4,35,16.6,18.6,30.5,30,68.2,53.4,47.4,36.1,34.8,11.7,9,56.5,47.1,34.9,32.4,68.2,,,,2024,,,,1.2208248722811,75.7,71.9
"Maryland Eastern Shore",89.079704503234,109.54375493129,0.084856900957671,5–20,5,25,43,50.9,32.7,37.8,20,18.9,28.8,33.7,67.6,43.3,51.7,28.3,33,7.4,8.7,47,48.6,34.8,36.2,68.1,,,,2024,,,,-16.442432375749,71.3,69.1
"Western Illinois",97.343954360305,104.81084904726,0.29944825672886,17–12,17,29,46.5,46.5,35.6,25.1,20.1,14.2,37.2,28.9,66,46,46.8,31.7,30.4,12.8,8.4,51.5,41.1,31,30.7,65.5,,,,2024,,,,-7.9621770776426,62.3,72.4
"Fairleigh Dickinson",96.395221892934,113.53710361849,0.13213178221186,13–17,13,30,47.1,52.9,34.9,32,17.2,19,27.8,31.2,72.9,46.7,52.4,31.8,35.7,6.8,9.2,56.9,53.8,39.3,40.5,73.2,,,,2024,,,,-13.828551446574,69.6,69
Cornell,111.99505669071,105.71714076863,0.66002562887977,20–7,20,27,56.5,51.3,28.8,32.6,17.2,18.5,27.2,31,71.4,61.7,52.4,33.9,33.2,7.1,9.5,58.8,52.4,48.6,42.1,72.5,,,,2024,,,,-1.4915172095771,73.2,64.7
"Fort Wayne",103.17176650738,104.417322731,0.46555363747751,19–12,19,31,53.8,51.5,31,32.6,14.5,22,22.8,30,71.8,53.4,52.8,36.3,32.8,8.4,8.9,47,51.4,42.8,36.5,71.6,,,,2024,,,,-7.8695548315634,70.1,71.5
"West Virginia",107.92744132673,103.9936690583,0.60515350825057,9–23,9,32,49.6,52.1,37.1,28.1,18.3,15,26.6,30.4,68.7,47.8,51.9,34.9,34.9,10.2,11.1,54.4,56.4,37.4,43,69.3,,,,2024,,,,-9.4627886447463,70.5,73.6
"Cleveland St.",106.64025998311,109.93198153084,0.41347744049239,19–14,19,33,49.9,51.5,31.4,38.4,15,19.5,34.2,35.2,68.4,49.7,55.1,33.5,30.5,11.1,7.3,47.2,50.8,31.3,37.9,68.3,,,,2024,,,,-8.6800350724311,67.4,69.9
Queens,103.09617642624,111.07079245953,0.29800566618653,12–19,12,31,49.9,54.1,33.7,29.4,15.7,15.4,27.6,29.5,73.4,50.1,55.8,33,34.2,6.7,12.9,45.5,41.4,40.8,36.7,73.7,,,,2024,,,,-13.465824476865,71.1,72.3
"Southern Illinois",108.96392228328,102.95001629678,0.65766194982692,18–13,18,31,52.5,50.1,35.9,36.5,16.8,16.2,26.1,25.6,65.3,53.4,52.1,34.3,30.4,8,11.7,58.1,44,43.8,30.5,65.2,,,,2024,,,,-6.3069674165828,77,71.2
"San Diego St.",111.87259926325,94.163775001598,0.87886645927683,22–10,22,32,49.8,47.2,37.5,33.3,16,18,32.7,28,67,51.6,48.3,31.3,30.5,11.9,8.9,50.8,48.6,37.8,40.5,67.1,,,,2024,,,,2.5726449120039,72.9,70.1
"Nebraska Omaha",102.737084827,110.71437776493,0.29734426476748,11–18,11,29,49.5,53.4,39.7,32.2,14.5,15.9,24.7,26.4,67.5,50.5,53.3,31.6,35.7,7.2,6.5,39.8,48.8,33,42.5,68.3,,,,2024,,,,-13.275938355725,74.8,74.5
"Texas A&M Commerce",94.480505611168,111.1519442689,0.13368028554477,10–20,10,30,46,52.4,30.8,39.2,16.7,18.3,24.3,33.1,67.9,47.6,52.4,29.4,35,11.4,11.3,52.6,51,46,30.4,67.1,,,,2024,,,,-13.942673627648,69.2,71.8
DePaul,100.55336892743,110.51397873741,0.25233186533989,3–29,3,32,48.1,56.5,33.5,28.4,19.9,14.5,22,32.3,68.4,47,56.1,33.5,38.1,8.6,10.2,54.1,58.2,34.8,41.1,68.7,,,,2024,,,,-14.813686924087,73.3,74.5
"UT Rio Grande Valley",95.059784363351,110.83205326157,0.14611965654752,4–25,4,29,45.1,53.1,41.2,34.4,19,18.9,24.3,33.4,72.8,45.8,54.2,29,33.9,7,11.4,50.7,60,29.2,33.4,72.2,,,,2024,,,,-19.322339117238,71.1,73.2
"Chicago St.",96.866394582345,107.3110672829,0.23548578977642,9–18,9,27,45.7,53,38.9,36.4,20.5,21.5,32.2,35.7,66.6,46.1,55.3,29.9,32.5,8.1,8.5,44.1,50.2,34.2,35.3,66.2,,,,2024,,,,-12.354952608395,69.9,69.1
"South Dakota",102.64527785209,116.06704370108,0.19572640039381,9–20,9,29,51.9,53.1,30.5,27.3,18.3,11.7,27.5,28.6,69.6,49.6,52.3,37.6,36.2,4.1,9.2,44.5,46.9,34.5,38.3,69.8,,,,2024,,,,-16.359535227788,75.1,73
"Montana St.",102.6824103556,106.1509743516,0.4056331178715,15–16,15,31,53.9,52.3,30.7,37,16.8,18.6,20.7,28.6,69.2,53.4,54.1,36.4,32.6,6.3,7.8,47.8,46.9,41.4,35.4,69.5,,,,2024,,,,-11.629299392856,73.4,71.5
"Oklahoma St.",108.22002349,101.51634913805,0.67598592702649,12–20,12,32,51.3,51.3,34,27.6,18.8,16.8,27.5,28.5,68.1,52.2,51.5,33.4,34,7.3,9.6,54,45.7,43.2,32.9,68.1,,,,2024,,,,-7.533288976923,69.7,73.8
Wagner,95.069066730407,105.54557312236,0.2310839649825,14–15,14,29,44.6,48.4,26.8,29.9,15.9,17,29.5,27,62.6,42.8,50.9,31.6,29.9,7.1,9.7,54.9,59.2,38.2,41.2,62.3,,,,2024,,,,-11.670196782785,70.7,67.7
"Bethune Cookman",96.737399335206,109.27575337064,0.19756928428497,15–16,15,31,47.1,49.9,39,48.7,19.9,21.9,29.4,32.9,70.7,46.9,49,31.8,34.3,9.4,7.6,48.1,59.8,30.3,35.7,70.4,,,,2024,,,,-12.368126834952,75.9,71.4
Wofford,106.03252509416,110.73365026418,0.37780116927673,14–15,14,29,53.3,51.5,27.7,34.6,16.9,14.1,29.4,26.2,67,53.4,50,35.5,35.7,7.9,8.8,56.6,49.9,45.3,42.8,66.5,,,,2024,,,,-9.0182826656668,62.4,74.6
"Cal Poly",93.405597048023,111.38956895694,0.11660834529931,3–28,3,31,46,51.5,31.3,41.9,18.6,17.3,24.3,33.6,66.4,44.1,50.8,33,35.6,9.3,8.9,43.7,46.9,34,30.3,66.7,,,,2024,,,,-23.254464681045,70.4,74.7
Towson,102.55662627028,100.7746669021,0.55022332980355,19–14,19,33,47.3,48.3,34.7,31.7,19.2,16.9,39.8,27.2,62.9,46.4,47.4,32.8,33.3,12.3,9.2,46.2,47.1,34.1,36.9,63.1,,,,2024,,,,-7.2630296158687,65.9,69.6
"Delaware St.",94.354274823803,105.01877003386,0.22592792604966,13–18,13,31,46,50.9,39.8,36.2,21,21.8,33.6,31.4,69.6,45.8,49,31.2,35.8,5.7,6.8,47.6,53.2,25.4,39.9,69.7,,,,2024,,,,-13.999739199082,70.7,71.8
"Prairie View A&M",93.481969120849,111.69554940872,0.11434621412604,8–21,8,29,45.6,53.7,36.9,46.6,17.7,22.6,26.5,35.2,72.2,45.6,54.1,30.4,35.2,7.7,9.9,48.5,50,26.4,32.9,71.8,,,,2024,,,,-16.029342490926,71.6,70.3
"Alcorn St.",105.08413015149,116.90857958206,0.22683731869211,13–18,13,31,48.9,55,37.4,36.6,17,17.2,33.4,30.6,68.3,48,54,34.2,37.5,5.9,9.6,45.5,60,26.6,45.8,67.6,,,,2024,,,,-11.388237743691,71.6,73.1
Liberty,108.86459754209,105.88041296496,0.5792360254415,15–14,15,29,54.3,50.8,26.7,30.3,16.2,17,24.5,25.5,65.7,55,51.9,35.7,32.3,6,11.9,56.9,41.2,46.8,32.6,65.4,,,,2024,,,,-8.2357163887537,66.2,72.4
"UNC Wilmington",112.69407926273,107.69303371468,0.62761714228894,18–10,18,28,51.1,51.7,32.9,33.1,12.8,17.1,29.9,30.6,65.4,52.1,50.8,33,35.5,6.1,8.2,41.9,43.1,39.7,36.7,66.1,,,,2024,,,,-4.6686930424506,76.5,70.7
"Le Moyne",98.777512579159,111.35999730681,0.20119708691074,12–17,12,29,50.1,50.6,25.3,27.8,16.6,17.8,23.1,29.9,68.5,49.2,51,34.1,33.4,8.7,8.1,60.7,56.3,47.5,43,68.3,,,,2024,,,,-13.754888963617,76.5,70.6
Presbyterian,101.19521240505,111.71082552091,0.24288722930678,11–18,11,29,51.3,52.6,37.3,43.1,17.1,17.6,26.3,27.8,68.6,52.1,52.7,33.1,34.9,8.9,9.9,47.5,45.5,32.9,35.7,68.4,,,,2024,,,,-14.026982226979,66.6,72.5
Michigan,111.39376992547,104.35201512243,0.67938931170493,8–24,8,32,51.1,52.5,32,30.5,18.6,13.7,30.7,30.4,68.9,49.5,51.7,35.9,36.1,8.5,10.6,48.3,46.2,38,32.6,68.4,,,,2024,,,,-9.1771048990759,70.3,72.9
Bellarmine,99.939391635935,110.90941662082,0.23188041308039,5–23,5,28,49,53.9,21.4,31.9,14.5,14.6,21.8,29.4,66.5,48.3,55.1,33.6,35,4.6,8.2,50.1,51.3,37.3,44.4,66,,,,2024,,,,-17.394486770976,77.6,74.7
"East Carolina",104.95438706633,105.3217084126,0.48995693823339,14–18,14,32,47.6,51.3,34,32.7,16.3,18.7,32.7,31,65.6,48.1,52.5,31.2,33.1,9,9.5,50.3,53.6,36.5,43.3,65.8,,,,2024,,,,-10.814938867303,68.7,75.4
Northwestern,116.48553331647,99.573376366188,0.85863892302579,21–11,21,32,53.2,51.6,29.9,39.4,13.3,18.8,25.7,28.2,64.6,49.7,50.3,39.4,35.9,9.9,10.3,59.6,58.7,36.8,36.9,64.7,,,,2024,,,,1.4955127455246,74.8,72
"College of Charleston",112.90186354576,105.47721933955,0.68617038217302,26–7,26,33,52.4,50.6,26.9,28.3,14.3,16.4,33.5,26.6,69.7,52.6,50.5,34.8,33.8,8.2,10,53.6,42.8,47.1,36.9,70.9,,,,2024,,,,-1.6159427768609,72.2,70.6
"Eastern Illinois",95.61432404478,108.90826347031,0.18285731677499,10–18,10,28,44.8,52,27.2,37.5,15.7,19.7,27.5,28,67.5,43.6,51.1,31.8,35.8,8.7,11,47.8,56.1,29.6,37.1,67.5,,,,2024,,,,-13.097484490558,73.6,72
Buffalo,95.020202322885,114.47907733688,0.10503609528723,3–27,3,30,47.3,53.9,26,28.7,20,15.1,28.3,30.6,70.1,51.6,53.5,27.5,36.5,11,8.1,52.4,53.6,41.4,35.1,69.9,,,,2024,,,,-22.047805352314,71.1,72.4
"Northern Kentucky",102.07553175556,105.06432545379,0.41778155748098,16–15,16,31,50.6,51.3,35.1,28.8,17.3,20.1,29.4,32.6,69.3,52.2,54.5,31.6,31.2,7,9.5,50.8,55.2,33.5,41.6,68.9,,,,2024,,,,-9.5205535962706,71.7,73.2
Valparaiso,99.19725624297,109.48323768078,0.24331269458707,6–25,6,31,46.2,54.5,23.3,30.7,15.9,17.3,25.7,30.3,68.7,45,55,32.1,35.8,9.1,6.2,48.2,54.6,36.3,35.2,68.8,,,,2024,,,,-17.349195487981,72.3,69
Elon,102.25259028352,114.07764392779,0.22123539976496,11–19,11,30,50.6,53.2,32.8,29.1,17.8,15.7,28.7,32.8,67.5,48.8,54.5,35.2,34.2,6.9,10.2,52.1,54.9,43.7,40,68.6,,,,2024,,,,-14.010152364086,70.7,71.8
"Appalachian St.",106.07858067566,98.344763973633,0.70486214275021,25–6,25,31,52.7,45.1,32.3,19.8,15.3,14.6,29.7,27.8,68.6,53.8,43.7,33.6,32.1,14.8,5.7,48.8,41,31.1,32.7,67.7,,,,2024,,,,-1.0434544834753,68.5,69.4
"North Alabama",103.9557756833,112.04819612254,0.29690484182615,13–17,13,30,49.8,51.5,32.9,40.9,14.6,14.2,27,27.8,68.6,47.9,50.6,35.6,35.4,8.1,9.4,40.6,47,34.6,34.8,68.7,,,,2024,,,,-11.971837871106,77.2,71.8
Oklahoma,113.405749267,97.194669132085,0.85494777915941,20–12,20,32,53.1,47.4,37.7,31.1,18.1,16.5,30.1,26.2,68.5,53.9,48.9,34.5,29.9,8.7,10.3,50.9,48,38.5,35.7,68.1,,,,2024,,,,1.1644850623096,74.3,76
"St. John's",118.64812105203,98.24825805841,0.89749014473599,20–13,20,33,50.9,49.5,27.3,34.4,15.7,18.5,38.6,30.3,69.6,50.8,47.9,34.1,35,14.8,7.6,53.4,53.9,32.5,35.9,70.2,,,,2024,,,,0.3150583954812,72.8,74.4
"Long Beach St.",105.41142553704,107.97646853603,0.43131541443151,19–14,19,33,48.9,51.2,38.1,32.6,17.1,18.5,33.3,29.6,71.9,49.7,50,31.3,35.1,12.6,5.9,55.1,59,28.3,43.6,72.4,,,,2024,,,,-8.0539431907616,71,72.4
Samford,112.12396387204,102.73104744796,0.73226465130188,27–5,27,32,56.9,50,36.4,37,18.1,21.7,30.2,32,73.7,55.5,49.5,39.3,33.9,10.7,10.6,57.4,53.5,40.9,40.1,73.6,,,,2024,,,,0.062987102988482,72.6,69.1
"Eastern Washington",110.35898591334,109.7224945698,0.51662332772891,19–11,19,30,57.2,52.8,39.6,33.5,19,16.3,26.4,27.1,70.7,58.7,51,36.8,36.9,9.8,7.9,62.3,51.7,42,41.8,71.4,,,,2024,,,,-4.7173430370539,76.9,74.2
"Kansas St.",107.90306069485,96.034419794956,0.79249907947568,19–14,19,33,50,46.5,38.9,32.6,21.3,15.9,32.5,30.5,68.3,51.5,46.7,32,30.7,10.8,10.8,56.8,52.3,41.1,36.7,68.2,,,,2024,,,,0.36456916691242,72.5,70.3
Pepperdine,105.64683877886,108.29449293175,0.42931327306325,11–20,11,31,50.8,54.7,32.6,33.9,16.4,16.9,28.5,25.9,68.5,49.5,53.4,35.6,38.4,7,6.2,49.9,50.4,32.4,31.6,68.5,,,,2024,,,,-12.121531046362,69.9,72.4
"UC San Diego",110.49744436922,106.30903521145,0.60930322642375,19–11,19,30,52.1,50.3,32.5,29.4,14.3,17,27.5,27.9,66.4,52.3,50.2,34.5,33.7,7.2,11.2,46.9,49.6,41.9,35.1,66.3,,,,2024,,,,-6.166791261554,75.1,71.8
"Grambling St.",97.215721594866,106.5631081603,0.2581211875442,17–14,17,31,48.2,49.1,39.6,33.9,20.5,19,28.1,32.7,66.5,47,48.4,34.1,33.7,8.3,7.9,40.6,55.1,29.8,33.4,65.9,,,,2024,,,,-8.0297439507069,70.6,73.8
"Texas Southern",97.194355275567,106.41932541256,0.26061830838243,15–16,15,31,46.9,48.2,31.5,40.4,18.3,18,30.2,30.8,69.1,47.1,47.9,31.1,32.4,10,9.1,46.5,53.2,38.9,36.1,68.5,,,,2024,,,,-10.608323336341,72.1,70.9
Colorado,117.14746753949,98.143312172962,0.88447985740647,24–10,24,34,55.3,49.3,35.3,28.1,18.1,15.2,32.4,24,69.1,53.6,50.1,39.4,31.9,5.5,9.3,56.1,43.3,30.4,35.3,68.7,,,,2024,,,,1.708531388301,77.8,70.7
VMI,88.116769032679,110.5525326799,0.068591997243761,1–28,1,29,46,54.4,27.6,30.9,21.2,15.1,23.8,30.6,74.6,46.7,54.5,29.7,36.2,6.2,8.5,38,51.3,33.3,38.4,75.7,,,,2024,,,,-22.652995916496,70.2,64.9
Auburn,120.67038408897,92.18961783803,0.95672640887165,27–7,27,34,54.1,43.4,38.2,41,14.9,18.2,32.9,30.3,71,54.9,42.8,35.2,29.8,16,8.6,62,42.8,37.5,33.3,70.8,,,,2024,,,,5.4729524671092,75.2,73.6
"New Orleans",98.461720960587,114.09782741508,0.15512385625616,6–23,6,29,45.5,54.4,39.2,38.7,17.3,19.1,28.4,34.9,72.1,45.5,54.9,30.2,35.5,8.8,9.7,45,54.7,29.3,31.7,72.2,,,,2024,,,,-17.9144467956,70.8,72.5
"Idaho St.",102.40879328691,109.63138530895,0.31351485947381,12–20,12,32,51.1,54.5,33.5,32.6,16.7,18.2,30.3,26.8,64.6,52.6,54.7,32.2,36,9.1,6.4,45.8,47.1,35,30,64.8,,,,2024,,,,-15.342663928287,68.7,74.7
Columbia,106.53683582868,110.05455526651,0.40767574948495,10–14,10,24,52.5,52.8,29.3,28.5,17.8,17,27.9,28.6,69.4,50.2,54.1,37.4,33.9,6.9,11.7,61.8,56.9,38.5,42.2,69.5,,,,2024,,,,-9.855904055503,73.2,73.3
"Western Carolina",107.93108950386,101.93877355405,0.65856070036237,19–10,19,29,51.7,47.2,27.7,32.4,14.7,13.3,29.1,24.2,67.9,49.8,45.5,36.8,33.9,7.1,7.5,40.1,36.6,35.5,31.8,67.8,,,,2024,,,,-5.3244500781975,71.2,70.7
"Eastern Kentucky",106.24043881388,109.46641412038,0.41483837469516,14–14,14,28,50.6,49.8,32,29.5,16.1,13.9,33.1,31,70.2,48.8,45.6,36.1,38.7,14.2,6.2,47.1,48.3,33.6,33.4,69.4,,,,2024,,,,-9.4076257701218,68.4,75.8
Penn,108.55355298091,110.8504207851,0.44009211862574,9–18,9,27,51.9,54,27,26.7,16.7,14,29.1,26.6,66.1,51.2,53.9,35.3,36.1,6.4,9.2,52.9,56.4,43.1,43.7,66.5,,,,2024,,,,-11.203594000534,68.5,71.6
"South Carolina St.",98.301176924386,109.66494001646,0.2213135905298,12–18,12,30,45.7,52.2,36.5,49.2,21.3,21.8,37.7,31,70.1,44.5,53.3,32.3,33.6,9.6,9.7,53.6,57.9,31.9,38.3,69.7,,,,2024,,,,-12.907445532359,69.6,74
Idaho,99.047421497702,110.84846641091,0.21509183490266,9–21,9,30,50.2,53.5,26.7,37.2,17.5,16.6,22.7,28.6,65.6,50.2,53.4,33.5,35.8,9.1,10.9,48.9,53.2,41,38.5,65.8,,,,2024,,,,-16.651143261034,74.1,73.1
"Stony Brook",106.02291091662,106.33752502754,0.49148213537856,19–15,19,34,50.3,50,29.2,27.4,15.1,15.2,26.6,29.3,67.4,48.6,48.4,35.5,34.8,9,6.5,45.8,57.5,36.8,42.3,68.3,,,,2024,,,,-7.8542432590019,74.4,69.2
Evansville,101.46258582867,105.37838476513,0.39281963696615,15–17,15,32,50,52.8,29,27.9,16.4,16.9,21.6,25.5,69.3,49.8,52,33.7,35.9,9.2,8.2,50.4,54.8,34.8,43.5,69.6,,,,2024,,,,-9.002623537585,72.7,74
"Saint Peter's",97.258186189834,100.55034502968,0.40544499762163,18–13,18,31,45,46.6,38.1,42.3,19.6,20.3,35.1,29.4,65.4,42.4,46.4,33.9,31.5,12.8,10.6,49,49.7,31.1,34.5,65,,,,2024,,,,-8.7721881680998,71.9,70.5
Virginia,104.74446480253,91.987943171834,0.81659722553008,23–10,23,33,49.3,46.2,25.1,25.7,13.2,19.3,26,28.1,61.3,46.8,46.6,36.3,30.4,15.9,8.7,63.4,52.1,32.7,39.9,61,,,,2024,,,,1.2393351914124,63.7,75
UCF,106.02323016929,93.985799407501,0.79993961571353,17–15,17,32,47.7,47.5,37.2,39,18,20.3,32.9,27.3,69.2,47.4,45.9,32.1,33.3,15.4,9.2,46.8,58.2,35.8,39.3,69.4,,,,2024,,,,-2.4247382323998,70.7,72.6
Drexel,106.85301447008,102.83475971668,0.60845055149171,19–12,19,31,50.6,47.8,30,26.7,16.5,13.1,33.6,24.5,65.3,50.3,48.2,34.1,31.4,10.2,8,46.1,43.8,33.2,35.4,65.5,,,,2024,,,,-6.5565397098453,72.4,70.6
"Charleston Southern",94.94044801355,108.03970211827,0.18446827788577,7–20,7,27,45.2,50.9,31.2,33.5,18.1,13.4,27,29,67.6,44.1,52.3,31.4,31.9,7.4,8.2,40.7,44.5,35.9,31.5,67.7,,,,2024,,,,-14.076446595541,73.2,70.8
"Northern Iowa",109.17608683754,102.529214099,0.67312742373525,18–14,18,32,51.6,52.2,37.4,30.5,15.2,16.5,23.9,22.5,67.6,51.9,52,34.1,35,7.4,8.5,48.4,45.4,36.8,41.1,67.5,,,,2024,,,,-5.0343735816541,71.4,77
"South Carolina",114.20468088628,99.234143718077,0.83422429425459,26–7,26,33,50.8,48,31.8,30.8,15.5,14.9,33.1,28,64.7,51.1,46.8,33.5,33.6,8.2,13.4,60.2,47.3,41,31.2,64,,,,2024,,,,4.7460564982811,71.4,73
Lamar,102.62322812617,108.87512590352,0.33624370902487,17–14,17,31,50.9,49.2,33.2,39.2,18,19.3,33.1,31.9,69.9,50.2,48.8,34.8,33.3,10.4,7.5,59.4,58,35.3,39.6,69.3,,,,2024,,,,-9.8012590436892,73.2,70.6
Kentucky,122.63846650848,102.16800454805,0.89091823732091,23–9,23,32,57.4,49.5,30.4,33.4,14.2,16,28.9,30.2,74.1,54.7,49.8,41.2,32.6,16.1,8.9,54.6,51.9,37.3,39.9,73.5,,,,2024,,,,2.8580050852372,77.3,72
Lafayette,92.848922442322,105.76434549754,0.18276022540223,10–21,10,31,46.9,48.5,23.9,31.5,17.5,17.4,24.2,29.1,65.3,47,46.6,31.2,34.3,12.5,9.1,56.6,51.9,40,38.5,66.2,,,,2024,,,,-16.919960335946,68.2,73.7
"North Carolina Central",103.21230932759,111.42873235839,0.29299823778553,14–13,14,27,49.8,49,40.4,37.1,17.8,18.1,31.3,33.7,67.2,49.8,51.5,33.2,29.7,6.7,10,45.4,52.7,37.9,36.7,67.4,,,,2024,,,,-9.5466792247502,69.7,72.4
Wisconsin,120.01127038372,98.835361667302,0.90313006419112,22–13,22,35,52.4,52.2,33.5,33.2,14.6,16.9,30.5,24.5,65.8,52.6,50.4,34.8,37.1,4.5,10.7,47.7,47.2,35.4,34.4,66,,,,2024,,,,3.3237831806584,75.9,72.5
Alabama,125.66569738058,101.46033853262,0.92132649212847,21–11,21,32,56.3,49.9,35.2,39.6,16,15.6,34.9,29.9,74.2,57.6,51.1,36.5,31.9,10.2,12.5,51.5,45.1,46.8,36.7,73.5,,,,2024,,,,3.4368665026413,78.4,74.3
"Tennessee Tech",94.731171587934,113.19107650815,0.11431600891644,7–21,7,28,49,52.5,31,24.6,17.8,15.4,18.9,28.1,66.9,49.2,52.7,32.3,34.8,7.1,9.5,46.8,54.7,34.1,37.7,66.6,,,,2024,,,,-17.245300847509,71.4,78.2
NJIT,97.745914376993,113.39013515297,0.15351107062297,6–21,6,27,44.6,52.4,31.2,39.7,16.4,16.6,28.3,32.9,68.3,44.7,52.3,29.6,35,8.8,9.9,43,53.8,39.2,35.8,67.4,,,,2024,,,,-16.715166550469,70.7,69.6
IUPUI,92.475669266183,116.94896188396,0.062966955398459,3–26,3,29,46.5,58.2,33.2,33.4,21.3,18.5,30,35.5,68.6,49.5,59,24.7,38,6,7.7,42.4,55.3,24.3,37.5,68.3,,,,2024,,,,-21.58127236914,72.3,73.5
"Alabama A&M",92.65561858764,109.75307251134,0.124831707682,11–22,11,33,45.5,49.2,47.9,46.3,22.5,19.8,31.7,32.7,71.8,46.6,46.7,28.5,35.7,10.8,8.5,45.7,54.2,27,36.8,71.3,,,,2024,,,,-17.571222700258,71.9,74.9
"Cal Baptist",101.56175506581,105.94675320479,0.38081263794872,14–17,14,31,47,49.2,36.8,30.3,17.6,15.3,32.7,24.9,65.3,45.7,48.4,32.9,34.3,6.4,9.9,48.2,45.6,36,26.8,64.5,,,,2024,,,,-12.056018329209,68.7,72
Dartmouth,92.657199464497,108.56716281761,0.13915609726199,4–21,4,25,47.6,54.2,27.8,24.4,19.4,13.4,20.7,24.5,65.9,48.2,53.2,31.2,37,10.3,9.7,55.5,52.4,42.7,42.4,66,,,,2024,,,,-15.816462189524,67.5,70.2
"La Salle",105.72464766862,107.39574885981,0.45503448658012,15–17,15,32,49.2,50.7,24.8,33.3,14.2,15.4,27,30.8,67.2,47.6,49.3,34.5,35.8,8.1,9.8,53.8,51.4,39.8,32.8,67.6,,,,2024,,,,-9.615918497131,72.3,71.7
Tulsa,101.43271103878,104.07461938782,0.42661050993284,15–15,15,30,50.3,49.7,40.6,35.1,18.2,18.1,24.4,30.4,71.3,51.7,50,32.1,32.7,8.4,7.3,49.9,53.1,41.2,38.7,71.4,,,,2024,,,,-9.2338584598847,73.8,69.4
Kansas,114.11687578886,93.089932124962,0.91230078388218,21–10,21,31,53.4,47.6,32.8,28.5,16.4,16.8,25.3,26.4,69.6,54.8,45.3,33.3,33.8,11.1,7,66.5,51.1,29.7,41.1,69.9,,,,2024,,,,4.2967143605409,72.9,69.9
"St. Thomas",107.06729128983,104.5888065217,0.56693121916182,17–13,17,30,54.4,52,29.4,29,14.8,18.5,24,25.5,63.4,55,52.8,35.7,33.8,6.3,8.2,50.9,48,46,39.6,63.9,,,,2024,,,,-9.1133559800272,72.4,73.9
"Grand Canyon",111.31976895192,100.1817886802,0.77071184755345,28–4,28,32,52,45.9,45.3,34.8,17.8,19.9,34.6,29.6,69.3,52.3,44.4,34.4,32.6,13.5,7.1,45.2,48,36.1,33.6,69,,,,2024,,,,1.3137707902038,75.3,70.8
"Michigan St.",113.64344865128,93.300149821574,0.90621810454031,19–14,19,33,51.5,48,29.9,32.6,14.7,18.7,29.9,28.7,66.4,50.5,47.1,35.9,32.8,12,7.7,60,54.9,30.2,41.3,66.3,,,,2024,,,,0.20255534588699,70.6,71.4
"Cal St. Fullerton",99.179384422058,103.95709450545,0.36794266201351,12–18,12,30,48,49.9,38.6,35.6,18.1,17.9,24.3,29.6,67.3,47.7,51.3,32.2,31.8,9,8.2,36.8,51.2,36.2,38.6,67.3,,,,2024,,,,-11.644202177421,71.7,71.8
"Southeastern Louisiana",98.099425876588,109.6733652281,0.21711854132587,12–17,12,29,48.4,51.3,35,30.2,20.9,17.3,30.7,30.3,66.4,46.6,52.2,34.1,33.4,7.5,9.2,60.3,61.1,38.6,44.8,65.7,,,,2024,,,,-11.692428223609,74,73.1
"UC Riverside",102.91416700652,108.30391701848,0.35731680114156,14–18,14,32,46.3,52.3,28.6,34.8,14.3,15.8,29.8,25.3,67.4,44.6,52,32.3,35.3,3.4,10.2,52.4,52.2,42.2,33.3,67.8,,,,2024,,,,-11.730337770842,71.4,71.3
Clemson,117.17002529792,99.483012201742,0.86782355489165,21–11,21,32,53.9,48.7,30.6,31.2,14.9,13.6,27.7,25.2,67.6,54.4,47.1,35.4,34,11.2,6.8,53.4,44.1,40.2,40.6,67.2,,,,2024,,,,0.94044493512487,79,74.4
"Central Connecticut",99.891139672887,108.56037401766,0.27746061873697,18–11,18,29,50.2,49.6,33,26.7,16.7,17.5,27.6,26.8,67.4,50.8,48.2,32.8,34.8,12.2,8.7,54.2,56,35.4,35.2,67.6,,,,2024,,,,-8.08718933074,70.7,68
"Coastal Carolina",99.121562318462,111.61511955626,0.20340302816118,7–22,7,29,49.4,50.1,32.5,29.5,19.1,12.7,29.3,30.5,71.1,50,50.6,32.1,33,8.5,9,45.9,56.5,32.9,46.6,70.3,,,,2024,,,,-17.635963242464,67.4,69.4
"North Carolina A&T",96.144128749035,114.72106024882,0.11593151118982,7–25,7,32,43.9,54.5,34,29.5,13.8,15.9,24.3,34,68,44.4,55.5,28.7,35.2,8.6,9.4,44.9,52.7,35.7,37.2,68.9,,,,2024,,,,-19.001363616517,71.3,68.2
Washington,114.36492588269,101.28714189793,0.80162824247619,17–15,17,32,53.5,50.1,32.1,33.1,15.9,15.8,27.1,28.9,72.1,53.8,49.9,35.4,33.7,9,8.9,51.8,51.2,36.8,34.8,72.1,,,,2024,,,,-3.5981388361272,72.2,69.5
"Colorado St.",114.64313377526,98.531739920546,0.85089297049548,22–10,22,32,54.6,49.3,32.6,31.8,14.8,16.9,24.3,27.5,66.5,57.6,48.5,33.2,34,8.1,8.6,65.7,48.7,38.3,34,66.8,,,,2024,,,,1.4482132460256,75.4,74.2
"Indiana St.",117.95302011993,101.38904584638,0.85071190552866,27–6,27,33,59.9,49,32.5,25.5,16.5,15.5,23.4,23.1,71.4,62,48.7,38.4,33,4.4,11.8,59.4,38.8,49.3,33.9,71.5,,,,2024,,,,1.9367525629736,80.3,75
UMBC,103.98429203496,113.09053075185,0.27579607910355,10–21,10,31,52.7,50.3,24.1,28.3,17.5,14.9,25.5,31,74.7,52.6,52.2,35.3,31.3,9.1,7.3,43.5,45.5,35.1,36.4,74.2,,,,2024,,,,-16.792011275695,70.9,72.7
"Louisiana Monroe",99.657459061998,110.06269592716,0.24193874777979,9–19,9,28,44.8,52.6,38.4,37.6,18.2,17.2,34.1,29,68.3,45.6,51.7,28.5,35.8,6.4,9.1,48.8,58,28.7,44.9,68,,,,2024,,,,-13.324297242481,66.3,72.9
"The Citadel",101.16350574658,109.60324267031,0.28465598946151,8–21,8,29,50.6,53.5,33.7,22.5,18,16.1,27.3,26.8,66.4,51.3,54.1,32.8,35.2,7.5,11.3,43.9,55,33.3,39.9,66.3,,,,2024,,,,-15.734017161502,70.7,73
Hofstra,108.07179436004,102.30822626036,0.65254963599476,19–13,19,32,55.4,49,22.3,29,15.7,17.7,22.9,29.7,66.4,55.5,46.9,36.8,34.6,10.4,8.3,55.5,53.8,46.1,42.4,66.6,,,,2024,,,,-6.4155559097059,75.6,76.2
"UMass Lowell",105.01758268524,104.97883326969,0.50106101242963,19–10,19,29,50.4,47.3,40.1,26.9,18.2,15.5,32.1,26.9,71.8,51.3,49.1,32.3,29.2,11,9.7,43.5,42.1,29.2,33.7,70.7,,,,2024,,,,-5.9830734439029,74,69
"South Alabama",103.18621125573,107.96425211267,0.37272437710776,14–15,14,29,50.9,50.7,31.6,33.9,16.3,16.7,22.8,31.8,69.7,50,52.3,35.1,31.9,6.8,11.4,40.3,45.6,36.1,36.1,69,,,,2024,,,,-10.05019045649,74.8,69.1
Butler,113.13605782772,99.021616991472,0.82235852263161,17–14,17,31,51.8,49.9,27,22.5,15.2,16.1,26.2,29,69.3,51.5,50.7,34.8,32.5,8.2,10.6,53,46.9,38.2,37.6,69.4,,,,2024,,,,-0.86533756178796,78.9,74
"SIU Edwardsville",100.40533563855,109.87104751403,0.26191124765419,14–16,14,30,47.2,51.1,31.9,37.2,15.6,17.4,30.1,28.2,67.4,46.2,49.2,32.5,36.2,11.3,10.1,42.5,53,36.8,37.5,67.8,,,,2024,,,,-11.972359774479,72.7,71.8
"Northern Colorado",107.98425026831,111.77436887124,0.40210203548115,17–13,17,30,55.7,53.1,28.1,29.4,15.7,15.5,24,25.4,70.1,56.7,52.7,36,35.8,6.7,7.8,49.9,46.8,35.8,40,70.9,,,,2024,,,,-8.9601178003152,72.6,76.1
Iowa,118.76640698307,103.76957590849,0.82525092239519,18–14,18,32,52.7,52.1,33,33.1,13.1,16.6,27.6,30.5,72.4,53,51,34.7,36.1,9.8,8.4,59.2,53.3,29.6,35.3,72.6,,,,2024,,,,-0.36282453182941,77.8,70.7
"Florida A&M",92.733026602916,110.92140446765,0.11308415816169,5–22,5,27,47.5,51.8,28,39.2,21.4,16.3,26.3,31.7,69.6,46,51.1,34.1,35.3,7.6,9.6,56.2,48.8,29.9,36.6,69.1,,,,2024,,,,-15.789177916179,69.3,67.3
TCU,114.66573869681,97.606228708948,0.86441094230221,21–12,21,33,51.9,50.3,35.1,35.7,17.9,20.8,35.5,28.6,70.6,51.2,50.9,35.6,32.8,10.2,8.7,59.5,56.4,30.2,35.2,70.9,,,,2024,,,,1.3308583422517,73,69.9
"Middle Tennessee",97.514145794141,104.94687770503,0.3005345466238,12–19,12,31,46,49.5,34.9,29.6,20.6,15.8,28.2,30.4,66.5,45.6,49,31.1,33.8,10,10.9,43.8,42.6,42.1,29.7,66.3,,,,2024,,,,-13.166822521976,70.2,73.4
Oregon,113.50933308707,99.957260941185,0.81185932601184,23–11,23,34,51.8,51.5,32.3,32.8,14.8,17.9,28.7,27.1,68.6,52.7,51.6,33.6,34.3,9.8,9.3,50.7,50.1,36.7,36.2,68.1,,,,2024,,,,1.4243485928104,71.5,72.2
Harvard,102.0144823225,105.16328646041,0.41348091654428,13–13,13,26,50.2,50.1,35.7,25.8,17.8,16,26.5,31.3,67.7,49.9,49.5,33.8,33.9,11.5,11.4,51.6,53.3,39.4,40.8,68.5,,,,2024,,,,-7.5208956439127,70.5,69.2
Florida,119.45714857241,99.488009262254,0.89125130765459,24–11,24,35,51.5,48.8,38.6,34.2,15.8,14.5,37.5,28.9,73,51.7,49,34.2,32.2,12.1,9.6,50.2,41,34.5,32.7,72.6,,,,2024,,,,2.9584840387117,71.2,70.6
"Saint Joseph's",110.72239978233,101.65394859543,0.72764273270622,21–13,21,34,53,49,29.5,29,16.4,17.6,29.3,29.1,68.6,52.7,48.5,35.6,33.1,11,12.7,55.1,55.1,47.5,42.4,69.3,,,,2024,,,,-4.4479462480012,72.6,71.7
"Saint Mary's",114.87049766432,93.511249204956,0.9141836488836,25–7,25,32,53.1,45.1,28.3,32.2,16,16.7,39,22.4,63.3,53,43.6,35.5,32.4,10.1,7.4,58.3,47.7,36.7,29,63.1,,,,2024,,,,1.417735197965,67.4,71.1
"Texas A&M Corpus Chris",99.743564099399,101.65858536159,0.44554168261111,17–11,17,28,46.8,47.6,35.9,47.9,17.8,19.8,33.6,25.1,70.1,47.4,48.2,30.4,31,8.2,10.6,52.4,49.8,29.4,36,69.7,,,,2024,,,,-6.3781959515839,71.8,71.4
"Ohio St.",115.98078757237,98.700068839456,0.86475958141674,20–13,20,33,51.2,48.2,33.9,31.1,15.6,15.9,31.4,29.2,66.7,51,46.4,34.3,34.7,11.2,7.4,50,45.9,35.1,33.1,66.4,,,,2024,,,,-0.23421970902676,76.6,70.9
"Florida St.",109.65287303683,100.12758930782,0.73982433240451,17–16,17,33,50.3,52.2,36.8,41,16.4,20.7,28.5,32.8,72.2,51.5,51.6,31.7,35.4,12,7,45,48.3,31.6,38.2,71.9,,,,2024,,,,-3.5150338546086,70.7,70.2
"Seton Hall",111.92981231239,98.540479039127,0.81231949850795,20–12,20,32,49.8,49.5,32.5,27.4,18.8,17.8,35.9,29.3,67.1,50.1,48.5,32.7,33.8,13.6,11.2,48,56.5,30.4,42.1,67,,,,2024,,,,0.94841557717938,77.3,76.3
"North Carolina",117.08291928474,93.421554603523,0.93061942258105,27–7,27,34,51.3,46.4,36.8,28.3,14.4,14.9,32.8,23.5,71.4,50.3,46,35.4,31.4,10.2,9.6,51.5,40.6,35.9,36.1,71.4,,,,2024,,,,6.5532766912186,75.4,74.4
"Houston Christian",96.015399491858,117.95719484958,0.085735577598115,4–23,4,27,46.9,54,36.8,28.6,21,13.6,29.7,33.7,72.8,47.9,55.5,29.5,34,6.2,11.5,41.4,52.2,28,34.1,72.5,,,,2024,,,,-17.069478662152,64,71.6
Lehigh,98.656054022586,106.87587092098,0.28489117179786,12–18,12,30,49.5,51.7,33,29.6,16.9,17.9,22,23.5,69.6,50.2,50.7,32.2,35.6,6.4,10,50.5,47.1,37.6,37.2,71,,,,2024,,,,-13.420129209519,74,69.9
Navy,95.629076986726,110.57788427774,0.15838464025894,12–18,12,30,44,50.3,34.8,35.7,15.6,20.5,31.8,30.8,65.4,43.8,50.9,29.6,32.9,6.5,12.6,51.5,55.6,33.1,40.7,66.4,,,,2024,,,,-15.310521866648,71.4,72.1
"Santa Clara",108.43071181691,103.51585859866,0.63028630434267,19–13,19,32,52.3,48.4,31.6,33.3,18.2,14.4,34.1,26.1,69.7,52.6,48.9,34.5,31.7,7,6.9,54.2,48.6,38.5,37,70,,,,2024,,,,-3.8317868270434,71.4,70.4
"Loyola Marymount",107.61297160102,108.63912611917,0.47274207801572,11–19,11,30,51.6,50.4,28.8,28.3,16.3,12.4,29.4,27.1,65.9,49.2,49.8,36.8,34.3,6.5,10.4,46.6,52.1,39.9,31.7,65.8,,,,2024,,,,-11.824250614975,73.5,73.6
Delaware,105.10138463094,103.74314657026,0.53732656402976,18–14,18,32,51.9,48.7,30.9,27.1,16,15.1,27.5,27.9,67.4,53.2,49.7,33,31.3,7.7,10.4,51.1,46.5,35.7,36.4,68.3,,,,2024,,,,-9.0594476949991,70.7,70.7
"Miami OH",99.784834035936,106.22786051028,0.32749046017932,13–17,13,30,51,49.3,30.4,31.9,17.2,18,22,30.7,67.8,48.7,50.5,36.2,31.5,7.8,9.9,57.2,47.3,40.3,36.8,68.3,,,,2024,,,,-12.367347356401,71.9,72.5
"New Mexico",114.52597428939,95.4279499005,0.89070343489321,25–9,25,34,51,48,33.1,33.5,13.9,19.5,33.4,27,72.4,51.4,49.2,33.4,30.6,13.5,9.6,49.3,54.2,29.8,36.6,73.8,,,,2024,,,,1.7056109959076,71.8,74
"Coppin St.",84.746517013822,110.15483986363,0.046727979839492,2–27,2,29,42.1,51.3,31.1,38.3,22.9,21.8,27,38.6,67.3,41.9,51,28.3,34.5,8,9.5,40.7,58.6,34.4,37.6,67.3,,,,2024,,,,-22.952618904998,72.6,73.9
Temple,101.9626651491,104.27270914477,0.43594542445441,15–20,15,35,46,50.4,32.1,36,14.1,17,28.2,29.7,67.7,44.9,51.3,31.7,32.6,8,10.5,45.6,54.4,42.1,38.6,67.7,,,,2024,,,,-11.667155911866,70.9,72.3
Monmouth,104.72497150133,107.27815163932,0.43118812634313,18–15,18,33,49.4,50,29.2,33.3,15.3,17.8,30.5,32.2,68.1,47.8,49.3,34.8,34,10.5,9.9,50.2,56.2,36.3,43.2,68.7,,,,2024,,,,-8.4581460668782,71.6,74.5
Southern,97.401784561781,103.14044793045,0.34111223757973,15–14,15,29,49.4,50.4,35.6,46.2,20.1,22.1,26.5,30.8,69.5,49.9,51.5,32.5,32.2,10.2,9.4,54.8,55.9,38,35.6,68.6,,,,2024,,,,-8.1607559172544,66.7,72.2
"Southern Miss",100.17030634505,106.96065451497,0.31989021208224,14–16,14,30,48.4,50.5,37.9,33,18.5,17.2,28.9,30.5,69.2,47.2,48.9,33.8,35.7,12.7,7.5,48.5,46.8,33.6,34.5,68.7,,,,2024,,,,-10.939242055095,70.8,67.7
California,108.46401954528,103.41204315594,0.63379130483564,13–19,13,32,49.2,51.3,29.2,33.1,16.2,14.7,28.6,26.7,69.8,48,50,33.8,35.7,6.7,9.9,46.5,47,42,36.2,69.3,,,,2024,,,,-7.5093609170073,72.7,72.3
"Georgia St.",104.42689694044,109.39623548917,0.36943863312309,12–17,12,29,48.5,49.3,28.6,35.9,13.8,14.2,27.2,30.5,70.1,48.6,51.2,32.2,30.8,6.9,10.1,41.1,49.5,35.3,38.5,68.9,,,,2024,,,,-11.633381105355,75.6,71
"Miami FL",111.26727643627,100.76382270146,0.75773321963918,15–17,15,32,52.7,51,24.6,22.3,17.2,16.6,28.7,28.5,70,51.6,52,36.1,33.3,9.3,9.4,51.1,57.2,40.4,46.1,69.7,,,,2024,,,,-5.2913315777879,74.5,71.1
Georgia,109.40447271834,99.096566010481,0.75731322495305,17–16,17,33,49.8,49.8,38.4,30.2,16.1,16.3,27.5,30.8,70.3,49.3,49.7,33.6,33.2,8.1,12.1,46.5,54.3,40.7,37.9,69.4,,,,2024,,,,-3.7266804577765,72.2,71.9
"North Dakota",104.26216166922,109.98103995664,0.35112587805669,15–14,15,29,50.2,52.4,32.2,29.6,15,15.3,30.7,26.1,67.8,51.5,52.2,32.3,35.2,7.5,5.8,43.5,40.1,41.8,33.9,67.6,,,,2024,,,,-9.9918210768322,70.4,74.2
"Louisiana Lafayette",105.52941455348,103.16497007959,0.56478235811813,17–14,17,31,50.7,49.9,28.6,40.1,16.8,20.6,30.8,32.9,70.4,51.7,53.7,32.6,27.9,9.1,10.1,43.4,43.9,36.2,32.1,69.5,,,,2024,,,,-8.4924114253973,73.8,71.7
"Saint Louis",110.79461159266,112.11633421416,0.46595843788067,12–20,12,32,51.5,54.3,36.3,35.3,16.8,14.2,26.1,28.5,69.4,49.6,53.9,36.4,36.6,8.8,11.3,50.9,50.4,37.8,42.4,70.3,,,,2024,,,,-10.857585643737,75.6,73
"Arizona St.",102.86963374202,98.637437493092,0.61848754766516,14–18,14,32,47.3,51.7,33.1,31.2,14.8,19.4,21.8,29.7,70.6,48.6,52.2,30.1,34,10.2,7.2,48.7,57.5,37.7,39.2,70,,,,2024,,,,-5.6498181153965,65.5,70.8
Iona,102.71162207563,107.39373171864,0.37457714382184,16–17,16,33,50,52.8,28.5,37.5,14.9,22.2,28.3,30.8,68,48.2,54.1,35.3,34,9.2,10.4,55.1,56.5,38.7,40,67.9,,,,2024,,,,-12.553134210829,65.2,73.9
Stetson,108.65779307588,114.14318568282,0.36207304534233,19–12,19,31,53.4,52,31.7,25.9,15.8,13.5,27.5,31.2,66.7,52.5,52.2,36.5,34.5,7.8,8.1,48.7,49.5,41.8,37.4,66.9,,,,2024,,,,-6.8055598053037,76.3,73.3
Marshall,100.26152556643,105.62434631462,0.35452010745342,12–20,12,32,46.8,51.4,28.8,29.9,16.5,16.2,29.8,27.9,72.3,47.1,49.8,31,36.2,10.6,7.1,57,48.8,41.3,35.3,71.5,,,,2024,,,,-13.907396323437,70.6,70.4
"Eastern Michigan",96.990007344073,110.96214485491,0.17542113490708,11–18,11,29,47.9,52,25,31.5,17,15.7,27.6,31.2,66.3,48.7,54.7,30.8,31.9,6.5,8,40.9,50.4,32.3,39.5,66.3,,,,2024,,,,-14.002679512031,67.2,68.8
Niagara,102.23210529774,111.72285352346,0.26484854784633,15–16,15,31,52,52.2,36,30.7,17.4,16.5,23.4,26.8,67.7,51.2,52.1,35.9,35,5.2,8.9,48.6,41.3,31.8,27.6,68.2,,,,2024,,,,-12.355536877878,74.8,71
Campbell,99.538816170908,111.35092031345,0.21592081874886,11–18,11,29,52,52.2,33.7,23.6,18.1,16.4,23.8,31.2,66.5,52,52.9,34.6,34.1,6.7,9.9,51.9,51.1,38.6,43.3,67.3,,,,2024,,,,-13.749550640562,71.9,72.2
Mercer,103.13104771651,107.45501626773,0.38406587727591,14–16,14,30,50.1,51.2,27.6,38.9,16.6,17.9,30.6,31.1,67.5,48.8,51.2,35.4,34.2,9.3,7.6,49.6,45.7,30.1,36.9,66.9,,,,2024,,,,-10.522261280308,66.3,72.5
Lindenwood,91.749379929983,113.14478689427,0.082376493992732,6–22,6,28,43.3,53.9,38.3,40.2,17.9,17.7,23.6,28.7,68.3,43.2,52.5,29,37.6,7.2,10.1,35.2,50.3,30.7,37.4,68.4,,,,2024,,,,-18.066994968731,72.8,72.8
"St. Bonaventure",111.32805519705,103.39260012525,0.70065122503344,20–13,20,33,52.3,51.1,32.2,33.9,16.2,19.2,29.7,28.5,66,50.8,51.8,36.5,33.5,12,8.2,48.3,58,36.7,40.7,66.4,,,,2024,,,,-4.7830452453841,77.4,69.5
"Oregon St.",105.93635658322,104.36197255006,0.54294173657266,12–19,12,31,49.8,51.3,35.6,35.9,18.3,16.8,26.2,31.1,66.1,49.9,52.3,33.1,33.2,10.7,8.4,45.9,55.2,34,37.9,66,,,,2024,,,,-7.6939940840902,73.7,71.2
Lipscomb,109.04272518579,112.8717342512,0.40205943302671,18–12,18,30,56.2,53.5,27.5,22.8,14.2,16.1,23.2,29.3,70.5,55.7,52.8,38.1,36.5,8.1,10.1,48.6,42,39.8,36.6,70.2,,,,2024,,,,-7.2481850352378,77.8,71.8
"Kennesaw St.",104.08686338821,112.26029574166,0.29539240461016,12–16,12,28,51.5,53.1,35.4,43.2,16,17.6,30,30.5,74.9,53,51.3,32.9,37.2,10.9,12.1,48.1,48.2,42.5,39.5,75,,,,2024,,,,-12.470723510421,67.7,73.1
"James Madison",112.02559417643,100.68277333266,0.77340796156593,30–3,30,33,54.4,46.7,34.2,35.1,14.7,19.8,32,27.6,71.1,54.2,48.8,36.5,28.6,7.6,8.9,54.3,42,38.1,35.1,70.8,,,,2024,,,,1.489816180223,70.5,73.1
Georgetown,109.27503517361,110.36319652351,0.47154312686663,9–23,9,32,48.6,55.7,33.9,33.6,17.9,16.4,33.4,30.7,67.5,46.3,57.4,34.6,35.3,8.6,11.4,50.5,55.5,41,38.2,67.6,,,,2024,,,,-10.416880760459,71.4,71.5
"USC Upstate",99.638803103874,109.04814321188,0.26158734940836,7–20,7,27,49.6,52,29.5,45,16.4,18.6,23.9,34.3,67.4,50.2,53,32.5,33.5,9.2,9.3,47,45.5,39.9,35.7,68,,,,2024,,,,-15.172958104466,64.2,71.5
"Morgan St.",96.579255401515,114.02107467351,0.12906825350038,8–20,8,28,47.4,52,31.3,41.4,20.2,18.2,29.5,37.2,71.1,49.3,51.6,28.2,35.3,8.2,8.7,44.4,48.5,26.9,32.4,71.6,,,,2024,,,,-15.40599949417,75.8,69.2
"New Hampshire",98.501986801539,106.1924646124,0.29639398122053,15–15,15,30,47.9,50.5,29.8,27.5,16.6,16.4,23.5,25.5,72.9,48.1,53.5,31.8,30.5,5.4,13.2,44.7,50.5,43.7,38.4,72.3,,,,2024,,,,-9.3383143279647,74.3,73
"Iowa St.",113.87183750014,87.293920764725,0.95506733161859,27–7,27,34,51.9,47.1,36.1,35.2,15.7,25.7,31.6,29.4,68.2,51.7,46.9,34.9,31.5,10.8,8.7,58,58.9,32,45,68.6,,,,2024,,,,6.8825891329867,69.7,71.2
Vermont,105.45441775515,99.853043078265,0.65195903488682,26–6,26,32,51.8,46.7,29.7,25.9,13.8,15.1,22.4,23.3,65.6,53.1,46.4,33.5,31.5,10.9,10.6,52.1,43.2,44.1,36.5,64.3,,,,2024,,,,-1.2459440954914,72.3,72.5
Purdue,126.18296049177,94.031658620484,0.96714250958116,29–4,29,33,56,47.7,42.8,23,16.5,14,37.4,24.7,69,53.2,48.1,40.8,31.4,9.6,6,64.5,55.1,35,37.2,68.6,,,,2024,,,,11.01683310061,72.1,72.4
Drake,114.50180806552,100.39012889626,0.81943990203939,27–6,27,33,54.9,51,32.6,31,13.9,17.4,24.2,22.1,68.7,55.1,51.9,36.5,33,4.5,7.2,55.9,41.6,39.6,39.3,68.8,,,,2024,,,,1.6566299624307,76.3,70.2
"Mississippi St.",112.49631953087,94.804971860404,0.87735680812659,21–13,21,34,51.7,47.7,37.9,32.4,18.7,18.2,35.4,27.6,68.9,53.4,50.2,32.5,29.4,9.1,10.6,52.8,48.3,38.2,41.1,68.2,,,,2024,,,,0.82628893325932,67.2,75.1
"Holy Cross",99.180507722829,120.89840037272,0.093037049758585,9–23,9,32,50.1,53.6,25.9,30.6,16.5,12.8,23.2,28.1,65.4,48.7,50.7,35,38.7,9.2,9,43.8,52.9,37.7,39.7,66.7,,,,2024,,,,-19.265578753186,66.7,72.2
Houston,118.95243284312,84.943879354018,0.97961635739817,30–4,30,34,49.7,44,29.9,39,13.7,24.7,36.9,30.2,64.2,48.4,43.4,34.7,30,16.1,7.4,49.1,60.2,36.6,40.9,64.3,,,,2024,,,,10.620264571159,69.4,67
Hampton,95.948778715824,112.08674727868,0.14334585723142,6–24,6,30,46.7,51.6,29.4,29.9,17.9,15,27.9,31.9,70,46.9,52.1,30.9,33.9,9.5,8,48.3,49.5,38.6,39,70.7,,,,2024,,,,-20.037384451931,71.4,75.8
"Western Michigan",98.471570274695,111.38393495442,0.19513622928401,11–20,11,31,48.7,50.9,31.5,31.5,19.7,15.5,33.7,29.6,68.5,48.4,50.8,32.8,34.1,7.6,6.3,49.3,51,38.9,38.5,69.4,,,,2024,,,,-15.119880853586,62.3,72.1
"New Mexico St.",99.195935006187,107.50301991111,0.2839703201332,9–19,9,28,46.9,50.9,32.7,44.8,17.7,15.8,25.4,29.6,68.1,47,50,31.2,34.7,8.9,7.2,45.1,56.3,34.6,42.4,67.1,,,,2024,,,,-12.482707373503,68.4,70.6
"Ball St.",102.64613328075,110.20821874504,0.30630182134748,13–16,13,29,50.8,51.3,38.2,27.6,18.2,16.2,27.3,27.9,67.5,48.7,50.6,36.1,35.1,7.9,9.1,51.5,47,37.9,35.2,67.6,,,,2024,,,,-12.47388122807,77.5,71.4
Milwaukee,106.12269168476,113.16263046486,0.32330026888838,18–15,18,33,51,50.6,34,32.8,17.9,15.5,36,32.6,70.5,52.7,50.2,32.2,34.2,11.3,11.5,50.2,55.5,38.8,38.4,70.8,,,,2024,,,,-9.9129917312852,73.7,75.6
Portland,103.30825297571,112.21465448472,0.27868219437467,10–21,10,31,50.5,55.3,31.7,22.6,17.1,13.2,23.6,28.8,68.3,49.9,53.9,34.1,38,5.7,8.8,53.1,58,44.5,45.1,68.6,,,,2024,,,,-13.262818892571,71.4,70.9
Albany,103.53845555425,110.26000769398,0.32666030047662,12–19,12,31,50.4,51.4,29.2,38.9,17.7,17,30.6,29.4,74.4,51,54.6,32.9,29.3,7.4,11.5,44.5,46.6,36.9,29.6,74,,,,2024,,,,-13.883062576598,72.5,72.4
"Washington St.",112.62929141526,97.000097405775,0.84786886638441,24–9,24,33,52.1,47.3,31.7,32.7,16.1,15.9,32.9,24.9,66.7,52.6,46.9,34,32,12.2,6.6,45.7,44.3,32,31.5,65.9,,,,2024,,,,1.9361345282495,70.1,73.5
"Tarleton St.",106.74317499812,105.71458286498,0.52780951497174,20–9,20,29,49.7,50.5,30.6,35.8,16.9,20.1,30.4,33.7,67.6,49.5,50.5,33.4,33.6,10.3,8.7,49.9,48.3,29.7,36.4,67.3,,,,2024,,,,-3.0240912973879,76.5,70.3
"San Francisco",109.09728354958,98.091773813861,0.77256814921588,22–10,22,32,55.2,49.5,23.7,38.5,16.8,19.8,29.3,24.2,68.1,57.1,48.5,34.9,34.2,10.4,5.6,54.4,48.8,40.3,37.5,68,,,,2024,,,,-2.3932112177666,76.1,69.5
Bucknell,98.990910423424,107.86438678332,0.27145809327698,14–19,14,33,50.4,49.5,29,31.5,18.9,16.4,25.9,28.6,64.1,50.2,50.1,33.8,32.4,10.7,10.7,52.6,60.2,44.9,42.2,65.8,,,,2024,,,,-14.501645868909,71.6,70.2
Connecticut,126.70650604929,94.267064751161,0.96773664830023,31–3,31,34,57.1,45.1,33.3,32.5,14.9,16.2,36.5,26.8,66.2,58.5,43.7,36.7,31.9,14.2,8.3,63.7,46,40.9,33.2,65.6,,,,2024,,,,11.260616313365,74.2,72.2
"Southern Indiana",95.532258514672,110.8710215793,0.15285382420025,5–24,5,29,45.6,49.5,37.6,48.6,19.4,16.6,27,28.5,69.7,44.5,49.3,31.6,33.3,7.9,9.6,48.5,51.5,36.3,37.5,70,,,,2024,,,,-19.166333726876,74.4,73.9
"Florida Gulf Coast",102.08602435054,108.82455489024,0.32407801696111,11–18,11,29,52.1,52.8,27.2,29.3,17.6,15.8,29.6,28.3,65.5,50.8,52,36.2,35.9,9.6,7.6,44.2,51.8,37.3,42.8,64.8,,,,2024,,,,-13.16974644262,70,69.8
"San Jose St.",105.39742038538,108.97429790074,0.40521076380252,8–23,8,31,51.4,54.4,22.4,35.9,15.6,15.9,22.4,30.2,65.9,51.5,52.3,34.2,38.9,8.8,8.8,51.4,55.5,42,35.1,66.7,,,,2024,,,,-13.767161503177,69.9,69.5
"Utah Valley",98.063577499925,100.1472797211,0.43984339931403,14–16,14,30,47.1,48,35.4,36,18.1,18.1,28.5,27.2,68.9,48.9,47.6,28.5,32.6,12.2,9.3,58.4,58.6,28.9,34.6,68.6,,,,2024,,,,-9.7623312432274,67.2,69.3
Missouri,108.31230594025,104.59621077568,0.59904359824264,8–24,8,32,50.2,51.4,31.7,42.5,16.8,18.7,26.8,35.8,68.5,51.8,51.2,31.9,34.4,14,9.7,48.1,52.7,39.7,39.8,67.6,,,,2024,,,,-11.341123548468,79.2,74.1
Cincinnati,111.26091112387,95.725690315268,0.84934842509417,20–14,20,34,50,47.6,27.9,29.6,17.4,17.6,37.2,25.6,68.4,50.8,46.4,32.4,33.3,11.5,9.3,53,52.5,36.1,34.2,68.3,,,,2024,,,,-0.71148408348375,69.3,75.4
"South Dakota St.",107.90568625337,105.10881152212,0.57493300970765,19–12,19,31,55.3,50.8,30.4,27.4,16.4,16.5,24.4,25.3,68.2,55.9,49,36.2,35.2,9.7,8.7,46.4,47.5,40.2,47.1,68.9,,,,2024,,,,-7.429766437285,71.6,74.3
"Boston University",97.25317978376,107.60373289255,0.23810752211167,15–17,15,32,47.8,50,30.2,36.2,17.7,16.9,26.6,23,65.7,46.8,48.7,32.8,34.6,9.8,9,54.8,50.3,40.8,41,66.8,,,,2024,,,,-14.102595102405,72.3,69
"Air Force",105.58059907213,110.66062069228,0.36808889661325,9–22,9,31,53.8,54.2,29.6,39.1,18.8,17.6,23.8,31.5,63.4,53.6,53.7,36.1,36.6,11.8,11.3,62,49.9,47.2,36.7,62.9,,,,2024,,,,-13.530672659649,68.2,74.7
"Texas Tech",117.57422619126,98.748205087948,0.88149990374548,23–10,23,33,52.8,49.1,34.6,26.6,16.5,17,30.2,30.3,67.2,51.5,49.6,36.5,32.1,7,10.1,55.9,46.8,41.1,39,67.4,,,,2024,,,,3.407821672762,77.8,71
Bradley,111.83119520436,99.148293508786,0.79968069659105,21–11,21,32,55.7,47.6,27.5,35.7,18.1,18.5,28.5,27.9,67,55,46.2,37.7,33.2,11.6,5.8,48.8,50.2,42.1,38,67.2,,,,2024,,,,-3.402871427774,73,73
Troy,106.43156988516,102.27677083249,0.61252208349803,17–12,17,29,50.1,49.8,41.3,39.8,19.6,20.8,34.8,30.7,70.5,48.2,47.7,35.3,35.9,8.5,11.9,49.9,44.7,40,33.7,70.6,,,,2024,,,,-7.3193480681249,73.1,70.7
Gonzaga,120.35223119801,98.208004008875,0.91200394377267,24–7,24,31,56.7,47.3,31.5,25.8,14,16.5,33.3,27.2,69.8,58.3,45.1,35.5,34,10.1,6.4,52.1,48.2,31.4,36.9,70.1,,,,2024,,,,2.4596204011796,72.6,72.7
"South Florida",108.8543973157,101.1792947833,0.69864336928933,24–7,24,31,51.8,47.6,37.7,34.8,15.4,18.6,28.2,30.5,69,49.5,48.2,36.6,31.1,9.8,8.9,59.3,51.6,42.4,37.6,68.9,,,,2024,,,,-0.74281668552267,73.5,67.2
Stonehill,90.391426767838,113.85194085489,0.065766350127133,3–27,3,30,46.7,52.7,22.6,29.4,19.5,16.6,22.5,31,69.4,47.9,51.7,30.1,35.9,7.2,13.9,51.7,60.8,47,46.2,69.1,,,,2024,,,,-21.960271788203,69.7,73.9
"Loyola MD",93.741472930761,111.99236099903,0.11448409431358,6–25,6,31,47.2,53.3,30,32.6,20.4,15.6,29.2,26.4,65.8,46.1,53.3,32.7,35.6,6.1,10.8,55.7,51.5,38.7,36.6,66.7,,,,2024,,,,-20.84408474876,64.2,69.7
Belmont,108.82546029008,103.07148726291,0.65128876956029,19–13,19,32,55,51.1,30.3,27,16.7,16.4,21,27.5,71.9,54.5,52.2,37.2,33,7.9,8.6,55.3,54.3,41.9,39.8,72.1,,,,2024,,,,-5.20373497111,73.2,72
Siena,90.3372542069,112.10661512622,0.077068908294554,4–28,4,32,44.7,51.8,30.8,28,23.4,14.8,33.2,31.2,67.1,46.1,51.3,28,35.2,10.3,9.3,48.7,50.1,34.3,34.1,66.9,,,,2024,,,,-23.6179600618,66.6,72.7
"Southern Utah",104.57889888945,111.7072161813,0.31901452656793,8–21,8,29,48.4,52.6,36.2,32.2,16.9,17,27.9,33,70.8,50.8,53,29.4,34.3,6.9,8.9,46,46.3,35,27.2,70.5,,,,2024,,,,-15.288009314123,72.8,71.4
Pittsburgh,114.84268437163,98.831386888486,0.84899007549782,22–11,22,33,51.6,49,30.5,30.5,13.4,16.6,31,23.8,67,50,50.8,35.7,30.8,13,10.3,51.8,51.5,44.4,38.6,66.8,,,,2024,,,,0.30160440714145,70.8,76
Montana,110.7171414438,109.43137488002,0.5335325639769,20–11,20,31,54.6,51.1,29.5,35,14.6,14.2,25.2,25.8,66.5,55.1,50.3,35.8,35.2,7.3,8.8,51.7,43.1,37.7,31,67.1,,,,2024,,,,-5.8415917091334,80,72.1
"LIU Brooklyn",92.651469900195,111.36860761487,0.10755066362949,7–22,7,29,46.4,50.8,31.5,41.1,20.1,15.8,25.5,28.5,71.3,46.3,53,31,31.1,7.8,10.2,51.4,54.8,29.9,34.3,71.3,,,,2024,,,,-18.289288580606,67.7,69.1
Massachusetts,111.30286792614,102.43012239952,0.72219047619523,20–11,20,31,50.6,48.5,35.8,38.6,16,18.9,36.5,30.1,69.2,52.6,47.5,31.3,33.5,8.6,8,56.3,55.1,35.1,38.4,69.3,,,,2024,,,,-4.6073931089697,69.9,72.1
"Mount St. Mary's",101.93211718937,106.80566202098,0.36886374277863,13–19,13,32,53.2,49.3,26.7,30.3,20.7,18,30.2,27.9,69.4,53.3,48,35.2,34.6,10.1,7.4,48.3,49.6,33.3,34.8,69.9,,,,2024,,,,-14.853894785573,72.5,75.7
Bryant,99.879658857621,100.36568404139,0.48604749196826,18–13,18,31,50.7,45.4,29.9,33.8,15.8,16.7,20.4,30.2,75.4,51.7,45,32.7,30.8,14.8,8.5,50.8,46.6,37.7,35.1,75.1,,,,2024,,,,-7.1800736870949,66.5,69.9
Syracuse,110.40232981658,100.06142667546,0.75602158849522,19–12,19,31,51.3,52.8,34.1,26.6,15.9,20.1,24.1,31.8,71.9,51.9,53.2,33.4,34.7,10.4,7.4,49.7,50.3,33.7,37,71.7,,,,2024,,,,-0.26048980414415,72.1,72.6
"Jacksonville St.",100.8597315206,104.13297121984,0.40919702626843,11–18,11,29,48.2,50.5,37.2,34.9,20.3,18.2,33.8,25.3,66.2,48.3,49.4,32.2,34.9,11.2,7.7,42.9,46.7,28.3,36.2,65.6,,,,2024,,,,-12.981888645383,69.1,70.8
"McNeese St.",111.84952289513,101.5932617902,0.75138971945664,26–3,26,29,54.9,47.8,40.6,33.9,14.2,23,32.1,30.4,66.8,52.8,46.3,39.4,33,12.8,9,51.8,57.9,33.6,48.1,66.3,,,,2024,,,,0.71135228879176,69.5,71.4
Quinnipiac,105.07251826521,105.35931423487,0.49216400481133,23–9,23,32,50.6,48.8,30.6,29.5,16.9,17.6,31.5,28.3,71.5,49.8,47.5,34.7,34,9.1,10.1,50.7,51.6,34.1,36.8,72.1,,,,2024,,,,-5.3122182464505,77.7,70.6
"Rhode Island",106.63658787623,109.01296834075,0.4369715724068,11–20,11,31,51.5,52.6,39.4,30,18.5,13.1,29.1,28.2,69,51.1,52,34.9,35.7,8.1,12.1,49.6,53.7,33.4,39.5,69.6,,,,2024,,,,-11.989421658764,64.7,67
"High Point",114.63709609709,109.91828040413,0.61854901765097,23–8,23,31,52.3,50.2,44.4,38.2,16.2,14.1,37.1,25.5,68.9,53.6,49.6,33.7,34.4,8.1,8.2,41.3,44.2,39.9,31.3,69.5,,,,2024,,,,-4.1780853138737,78.3,72.2
Radford,107.26236204282,110.48370742543,0.41573954767358,14–17,14,31,50.8,50.9,28,31.7,16.2,15.8,30.7,34,65.1,49.4,52.4,35.7,32.4,9.8,7.1,41.1,47.1,34.2,39.7,64.5,,,,2024,,,,-11.092555419293,73.3,71
"East Tennessee St.",101.85270481033,104.30002802314,0.43215719900496,17–16,17,33,46.9,50.9,33.9,36.7,18.1,18.8,35.1,29.4,68.2,47.1,51.2,31.2,33.7,13.5,9.4,45.5,47.4,40.9,38.5,67.9,,,,2024,,,,-9.6826558630915,67.2,69.4
Duquesne,106.98903257986,97.027063025499,0.75472408770212,23–11,23,34,50.1,48,33.1,35.3,17.5,19.5,29.9,30,66.8,49.6,48.4,33.9,31.7,12.7,11.4,53.8,52.3,39.7,37.3,67.3,,,,2024,,,,-1.7961819377493,71.4,70.7
"Virginia Tech",115.19320021615,101.21393942007,0.81574838619759,18–14,18,32,54.1,51.5,33.1,30,16.3,17.1,25.2,26.5,67.9,55.1,51.5,35.1,34.4,6.7,9.2,57.7,48.9,42.1,34,68.4,,,,2024,,,,-2.2269424024658,79.1,72.7
VCU,108.23810978989,98.942569544397,0.73742552816233,22–13,22,35,52.2,46.6,35.7,34.8,18.3,16.7,28.3,26.9,66.1,51.2,46.3,35.7,31.4,12.7,7.8,56.8,48,43.8,38.5,66.2,,,,2024,,,,-3.8531213339804,78,73.9
"North Dakota St.",103.85664342397,111.30389722592,0.31079469212197,12–17,12,29,53.3,53.7,30.3,28.5,16.8,13.2,24.3,24.7,66,51.4,52.8,37.7,36.8,3.2,10.6,42.4,42.1,35.9,34.7,66.6,,,,2024,,,,-11.883054702399,72.5,74
"Northwestern St.",97.278720848633,111.58281581279,0.17112883018078,7–23,7,30,47.7,51.9,36.7,41.4,19.3,18.5,29.8,34.1,68.8,48,53.8,31.3,32.6,8.5,11.7,45.5,50.6,34.4,37.2,68.5,,,,2024,,,,-18.31363625695,66.2,70.2
Fairfield,106.81138581232,109.3182207586,0.43369693740284,21–12,21,33,51.8,52.3,28.6,26.2,15.5,20.4,28.6,30.7,69,49.9,53,36.4,34,5.7,8.7,49.1,51.1,41.4,37.1,69.3,,,,2024,,,,-7.9720533902788,75.8,69.9
Arkansas,109.29725608483,102.54859059043,0.67545170833526,16–17,16,33,50.5,50.4,45.3,39,16.3,15.1,25.2,29.8,72.2,51.8,50.1,31.8,33.9,14.9,7.5,45.1,47,32.9,34.1,71.6,,,,2024,,,,-4.7986446397685,75.6,72.7
"Cal St. Bakersfield",99.724460970203,106.81406007688,0.3122108418777,11–19,11,30,47,50,32,46.7,18.3,18.6,32.9,31.2,65.7,46.6,49.1,32.1,34.3,10.4,7.4,41.5,51.5,25.7,36.7,65.7,,,,2024,,,,-13.707097270198,72.4,72.8
"George Washington",106.05865679587,108.59695824768,0.43241921970021,14–17,14,31,51.5,49.8,34.2,22.8,17.1,13.9,25.9,29.2,70.2,49.9,48.3,35.8,34.7,11.8,10.4,46.4,48.6,41.6,38.5,71,,,,2024,,,,-10.008409146101,74.5,75.7
"UNC Asheville",106.36868814976,106.92265379545,0.48507036093583,19–12,19,31,52.1,50.1,40.8,34.3,17.1,16.9,27.3,31.4,69.5,50.5,50.6,36.4,32.9,10.6,9.1,56.9,47.5,37.3,35.8,69.1,,,,2024,,,,-6.6706554368858,75.1,71.5
Dayton,117.98436966792,100.70638601945,0.86067933994966,24–7,24,31,56.6,47.9,37.2,21.8,15.8,15.7,26.9,29,64.6,53.7,48.2,40.2,31.7,11.3,10,58.3,50.7,44.5,40.4,65,,,,2024,,,,2.564336757597,73.4,73.3
"Stephen F. Austin",100.27175310854,101.7065442218,0.4592437253421,16–15,16,31,49.4,49.6,42.2,47.4,21.9,22.9,33.3,30.4,70.8,49.2,46,33.2,37.1,8.3,9.8,48.4,54.9,32.1,36.6,70.3,,,,2024,,,,-9.5705751549843,70.5,72.2
"Arkansas St.",112.25751897299,109.61834993581,0.56797484098969,18–16,18,34,51.7,50.4,32.7,35.7,16.2,14.1,33.9,28.7,70,51.3,49.4,34.9,35.4,10.1,12,52.7,40.5,43.5,27.1,69,,,,2024,,,,-8.8185863073974,70.4,76.2
Army,90.849603156804,108.6134444265,0.11367075199655,8–22,8,30,47.1,50.3,25.4,31.6,18.9,16.6,27,25.5,63.2,46.5,50.6,31.8,33.2,11.4,10.2,56.3,55.9,45.1,39.5,64,,,,2024,,,,-19.457141587053,59.8,70.6
"Southeast Missouri St.",90.280133870118,112.12085250301,0.076449944606179,5–22,5,27,45.1,52,27,44.2,17.3,17.2,24,29.5,70.3,45.1,54,30,31.5,6.6,9.2,47.8,48.1,33.5,30.5,70.2,,,,2024,,,,-18.278475365704,68.4,71
Binghamton,101.48554179092,110.35484058729,0.27617328084729,13–15,13,28,49.4,50,34.3,34.8,18,13.3,29.1,25,68.2,51.4,48.4,29.9,35,10,11.7,54.7,43.8,30.7,38,67.5,,,,2024,,,,-10.592048461544,67.4,73.3
"George Mason",108.87521370849,100.49780121416,0.71519801853548,19–12,19,31,52,48,36.7,31.8,18.1,16.4,31.7,27.4,64.8,52.3,45,34.3,34.8,10.2,10.7,46.7,50.7,37.5,41.6,64.8,,,,2024,,,,-4.5602319044338,74.2,72.4
"Old Dominion",98.333460368451,108.2595132071,0.24863246191959,6–25,6,31,47.6,51.3,27.1,39.7,15,18,25.2,31.2,71.2,47.5,50,31.8,35.5,11.1,10,38.8,57,35.1,42,70.8,,,,2024,,,,-19.276385466268,66.2,72.3
"Green Bay",101.97539327355,108.73586797528,0.32340073367126,16–14,16,30,52.4,49.4,29.4,34.2,18.6,14,27.3,28.4,64.9,53.7,51.6,34,30.2,5.9,14.8,52.1,50.8,48.2,35.3,64.5,,,,2024,,,,-9.1271934104089,72.7,72.7
"UNC Greensboro",108.63965965229,106.06249011934,0.56858809538901,19–11,19,30,53.2,49.5,27.3,35.8,16.3,17.7,29.3,30.5,66.3,49.2,48,38.9,34.3,8,8.5,54.2,48,44,44.2,65.7,,,,2024,,,,-5.5729888119363,73.1,74.2
"Little Rock",105.80207750746,108.54372719395,0.42697498393013,21–12,21,33,52.5,48,33.5,35.2,17.3,17.9,32.1,30.3,69.8,53.1,48,34.1,32,12.8,7.2,52.3,47.3,30.9,37.8,69.8,,,,2024,,,,-9.590277294466,74.9,73.9
Detroit,95.42614387085,116.05400782195,0.095298978000282,1–31,1,32,47.3,55.9,30.3,31.9,19.4,17.3,25.9,35.2,68.1,50.4,56.1,28.1,37.1,6.6,8.5,45.2,52.3,36.9,37.2,68,,,,2024,,,,-24.783242887141,73.5,78
"Austin Peay",106.18696040165,112.92258048976,0.33020388063282,16–15,16,31,50.7,53.1,31.8,37.8,13.3,16.3,30.2,31.4,65.2,48.9,54.1,36.2,34.3,7.4,9,39.8,46.3,34.8,36.4,65.2,,,,2024,,,,-10.421075668664,71.1,70.8
Rutgers,98.325813391257,91.558532222189,0.69424556446253,15–17,15,32,43.5,47.2,32.9,34.3,16.6,21.7,30.2,31.3,68.6,43.7,46,28.7,32.7,15.3,10.1,50.1,54.7,31.7,39.4,68.8,,,,2024,,,,-3.4567712890663,65.8,70
"Nicholls St.",103.39128141203,109.46353481612,0.34156796006853,17–14,17,31,51.5,49.8,37.6,39.4,19,16.4,27.6,32.2,67.5,48.9,50.7,36.8,32.1,10.7,11.5,46,50.7,40.3,36.3,67.2,,,,2024,,,,-7.944660983702,72.7,68.5
"Sacramento St.",97.663971715189,109.84210251024,0.20564509092602,8–24,8,32,48.7,54.1,32.9,32.7,22.8,15.6,34.1,25.8,64.8,48.7,55.1,32.4,35,8,9.9,53.9,52.9,41.2,38.6,64.9,,,,2024,,,,-18.954540326044,71.9,72.6
"William & Mary",100.19311221643,113.36847580289,0.19454324616503,8–23,8,31,48.3,52.2,31.9,34.9,16.3,14.4,27.4,29.1,66.4,48.6,52.5,32.1,34.5,4.8,13.6,50.4,46.2,47.7,36.5,66.8,,,,2024,,,,-18.621853225688,69.8,74.5
Colgate,102.26056023302,102.4160446085,0.49563207241773,24–9,24,33,53.4,47.2,27.6,24.5,16.3,16.1,25,24.5,66.1,53.3,48.7,35.7,29.9,9.8,7.3,56.6,52.9,38.3,39.6,67.2,,,,2024,,,,-4.1231883474628,68,67
USC,110.44745880246,99.442871072506,0.76976786829528,15–18,15,33,51.7,50.2,33.6,31.6,17.9,18.8,29,32.2,69.7,50.7,47.4,35.5,36.5,14.2,9.4,59.1,59.5,36.7,38.8,69.1,,,,2024,,,,-5.0450331904548,69.3,73.8
Merrimack,95.930614466064,99.993143322026,0.38296569503034,19–12,19,31,49.8,46.2,34.3,32.5,19,23.2,22.3,34.6,68.1,52.2,46.1,31.1,30.9,9.5,10.4,50.6,55.6,43.1,31.2,68.2,,,,2024,,,,-7.6708616823286,73.2,70.1
UNLV,111.74500745485,100.81094755924,0.76569942543657,17–12,17,29,51.1,49.1,34,31.7,16.4,18.2,30.1,32.2,64.9,51.8,50.1,33.2,31.7,12.2,9.4,48.1,59.9,35,38.4,65.9,,,,2024,,,,-2.580327656656,73.4,75.6
"Illinois St.",101.1487551584,104.45952736283,0.40844785504323,14–17,14,31,47.7,50.9,36.1,27.2,17.1,16.4,28.9,26,65.1,50.4,52.3,28.8,32.5,6.4,9.5,52.9,51.2,37.5,39.6,64.7,,,,2024,,,,-10.034737867096,71.7,73.5
Manhattan,94.776054696721,111.38284000711,0.13508236328655,6–23,6,29,47.2,53.1,22.1,27.3,19.2,16.9,24.8,30.1,69.2,47.4,52.2,31.3,36.7,7.3,11,57.7,60.2,38.7,33.8,69.3,,,,2024,,,,-18.292345905047,72.2,73.6
Princeton,115.59877756579,105.16225149741,0.7480315309692,22–4,22,26,54.6,51.4,29.2,24.7,12,16.7,24.2,24.8,65.4,56.3,52.9,35.3,32.7,4.4,9.8,52.7,49.8,50.3,39.3,65.8,,,,2024,,,,1.1531104535747,80.5,72.4
Utah,113.67162501709,97.42271884304,0.85494514033708,19–14,19,33,53.7,48.6,27.4,26.2,16.3,14.5,28.3,26.2,70.7,53.8,47.2,35.7,34,10.3,8.2,58.5,51.6,40,36.3,70.7,,,,2024,,,,-1.0540800359795,64.9,68.5
"Louisiana Tech",107.71981966698,98.821742338296,0.72938082505241,19–10,19,29,50.6,45.6,42,32,18.8,17.6,33.8,28,66.8,49,43,35.7,33.5,13.7,8.7,48.1,47,34.6,36.4,66.6,,,,2024,,,,-4.3461489396545,70.1,71.9
"Youngstown St.",106.8618387008,104.22767651925,0.57126870079885,18–10,18,28,50.4,49,29.3,30.7,15.5,16.5,33.9,28.7,70,52.2,47.9,31.9,34,11.9,8.1,51,53.8,42.2,35.7,69.8,,,,2024,,,,-5.9884338799482,77,69.5
Jacksonville,98.879843989849,109.77156498012,0.23117200119175,13–17,13,30,48.7,52.3,36.3,40.4,19.2,17.4,34.6,30.7,67.6,47.7,51.5,33.8,35.7,8,9.3,41.3,52.2,33.1,40.9,66.7,,,,2024,,,,-11.916881548041,70.6,71.1
"Tennessee St.",98.240702720356,108.00311602863,0.25171172655528,14–15,14,29,48.8,48.8,38.1,44.3,19.7,18.6,28.4,32,69.1,49.8,48.6,31.3,32.7,8.6,10.9,47.7,50.1,35.9,34.3,69.3,,,,2024,,,,-11.396568961479,76.5,72.7
Stanford,110.09757147422,102.67613285188,0.6905205130494,14–18,14,32,54.3,51.9,28.6,25.3,17.8,15.5,23.2,27.3,70.9,53.6,50.9,36.9,35.7,7.9,7.9,57.9,45.7,41.1,37.6,70.5,,,,2024,,,,-7.0319937312735,72.8,68.5
Longwood,103.63035478802,104.13560399849,0.4860206572705,18–13,18,31,49.4,51.3,39.5,36.1,18,19.6,36.7,25.5,68,48.6,50.9,34.2,34.6,7.2,7.2,48,49.3,28.3,39.5,67.8,,,,2024,,,,-8.6310376558959,68.8,70.1
"Sacred Heart",100.62440863847,111.17998538446,0.24100299490095,14–16,14,30,51.5,51.6,31.7,31.9,17.1,20.1,25.9,32.6,70.2,50.2,50.6,35.9,35.3,14.2,8.9,50.4,58.8,34.1,41.6,70.2,,,,2024,,,,-12.721451150012,69.9,67.5
"Western Kentucky",104.49956867478,101.41190350582,0.58538354636893,19–11,19,30,51.9,48.3,32.9,33.4,18.3,18.6,28.5,26.7,75.4,52.1,48.3,34.4,32.2,8.5,9.7,44.5,48.1,31,40.1,76.1,,,,2024,,,,-6.5737015679172,71.9,68.5
"UT Arlington",107.52456961492,103.74385450661,0.60148014436346,18–14,18,32,52.1,49,39,42,21.5,18.6,32.8,29.4,72,51.3,47.4,35.4,34.6,10.6,11.1,59.7,54.4,42.8,35.5,71.8,,,,2024,,,,-6.4019375149783,73.8,74.5
Fordham,100.46318262629,102.40471240856,0.44518958212147,13–20,13,33,46.7,50.4,35.1,45.2,18.2,19.7,32.5,27.4,69.3,46.2,48.9,31.5,35.9,12.4,11,52.3,50.1,42.1,31,69.7,,,,2024,,,,-12.37784369727,66.3,71.6
"Alabama St.",92.433180312365,104.70900962332,0.19246993744055,10–19,10,29,41,49.1,28.5,43.4,16.3,20,31.7,29.1,69.1,40.4,47.6,28,34.1,11.1,12.5,44.4,53.3,38.4,41,68.1,,,,2024,,,,-13.804720553259,71.9,73.4
"Wichita St.",104.77005681524,101.70702619378,0.58448774208486,14–19,14,33,49.8,48.5,26.4,28.3,17.8,14.8,31.8,28.7,69.4,49.9,48.1,33,32.7,10.8,9.1,44.2,52.5,31.5,37.8,69.1,,,,2024,,,,-11.143237096376,69.3,72.9
Oakland,108.04979861453,105.01253553986,0.5812467777258,23–11,23,34,52.1,50.6,30.9,26.8,16.2,16.3,30.6,28.6,68.2,51.8,50.5,35.1,33.9,7.9,8,53.3,62.4,40.8,40.7,67.8,,,,2024,,,,-4.191336449557,75.8,73.5
"Boise St.",113.43620175705,97.455770656478,0.85147063100988,20–10,20,30,51.6,49.8,36.1,33.1,16.5,16.8,32.5,23.1,66.6,51.2,52.1,34.8,30.6,6.9,11.3,46.9,47.5,39.8,36.9,67.6,,,,2024,,,,0.87663010404292,74,72.2
