Abilene Christian,100.7678528,104.6335359,0.3934306248,14–17,14,31,46.8,52.1,38.7,40.4,17.5,20.7,26.1,30,70.6,45.3,53,34.2,33.3,5.5,8,48.4,46.5,25.5,31.3,69.5,,,,2024,,,,-11.26844168,73.6,69.3
Air Force,105.5805991,110.6606207,0.3680888966,9–22,9,31,53.8,54.2,29.6,39.1,18.8,17.6,23.8,31.5,63.4,53.6,53.7,36.1,36.6,11.8,11.3,62,49.9,47.2,36.7,62.9,,,,2024,,,,-13.53067266,68.2,74.7
Akron,105.7242226,101.8791211,0.6049278014,22–10,22,32,52,48.6,33.6,29,17.2,16.6,29.5,25.6,66.7,54.8,50.7,32,30,8,7.8,48.2,45.4,41.5,36.8,66.7,,,,2024,,,14,-4.516090419,72.4,69.4
Alabama,125.6656974,101.4603385,0.9213264921,21–11,21,32,56.3,49.9,35.2,39.6,16,15.6,34.9,29.9,74.2,57.6,51.1,36.5,31.9,10.2,12.5,51.5,45.1,46.8,36.7,73.5,,,,2024,,,4,3.436866503,78.4,74.3
Alabama A&M,92.65561859,109.7530725,0.1248317077,11–22,11,33,45.5,49.2,47.9,46.3,22.5,19.8,31.7,32.7,71.8,46.6,46.7,28.5,35.7,10.8,8.5,45.7,54.2,27,36.8,71.3,,,,2024,,,,-17.5712227,71.9,74.9
Alabama St.,92.43318031,104.7090096,0.1924699374,10–19,10,29,41,49.1,28.5,43.4,16.3,20,31.7,29.1,69.1,40.4,47.6,28,34.1,11.1,12.5,44.4,53.3,38.4,41,68.1,,,,2024,,,,-13.80472055,71.9,73.4
Albany,103.5384556,110.2600077,0.3266603005,12–19,12,31,50.4,51.4,29.2,38.9,17.7,17,30.6,29.4,74.4,51,54.6,32.9,29.3,7.4,11.5,44.5,46.6,36.9,29.6,74,,,,2024,,,,-13.88306258,72.5,72.4
Alcorn St.,105.0841302,116.9085796,0.2268373187,13–18,13,31,48.9,55,37.4,36.6,17,17.2,33.4,30.6,68.3,48,54,34.2,37.5,5.9,9.6,45.5,60,26.6,45.8,67.6,,,,2024,,,,-11.38823774,71.6,73.1
American,103.1454675,113.5485598,0.2487970591,15–16,15,31,52.5,53.4,28.4,29.8,17.3,17,27.9,25.6,62.9,52.8,51.9,34.7,36.9,5.5,8.5,56.4,51.9,44.9,42.3,63.8,,,,2024,,,,-12.39168765,72.4,69.9
Appalachian St.,106.0785807,98.34476397,0.7048621428,25–6,25,31,52.7,45.1,32.3,19.8,15.3,14.6,29.7,27.8,68.6,53.8,43.7,33.6,32.1,14.8,5.7,48.8,41,31.1,32.7,67.7,,,,2024,,,,-1.043454483,68.5,69.4
Arizona,121.5443341,93.41359945,0.953791648,25–8,25,33,55,48.7,36.7,25.7,16.1,18.1,36.3,23.1,73.4,54.6,47.8,37.1,33.4,9,8.6,59.1,52.6,32.6,38.2,73,,,,2024,,,2,4.887104612,71.9,71.1
Arizona St.,102.8696337,98.63743749,0.6184875477,14–18,14,32,47.3,51.7,33.1,31.2,14.8,19.4,21.8,29.7,70.6,48.6,52.2,30.1,34,10.2,7.2,48.7,57.5,37.7,39.2,70,,,,2024,,,,-5.649818115,65.5,70.8
Arkansas,109.2972561,102.5485906,0.6754517083,16–17,16,33,50.5,50.4,45.3,39,16.3,15.1,25.2,29.8,72.2,51.8,50.1,31.8,33.9,14.9,7.5,45.1,47,32.9,34.1,71.6,,,,2024,,,,-4.79864464,75.6,72.7
Arkansas Pine Bluff,101.5945555,119.3815617,0.1352459207,9–18,9,27,51.5,52.6,40.2,32.5,18,15.4,22.9,34,73.1,48.4,56,36.5,31.4,4.5,12.3,55.1,55.4,49.4,38.3,72.8,,,,2024,,,,-13.29031129,75.8,73.3
Arkansas St.,112.257519,109.6183499,0.567974841,18–16,18,34,51.7,50.4,32.7,35.7,16.2,14.1,33.9,28.7,70,51.3,49.4,34.9,35.4,10.1,12,52.7,40.5,43.5,27.1,69,,,,2024,,,,-8.818586307,70.4,76.2
Army,90.84960316,108.6134444,0.113670752,8–22,8,30,47.1,50.3,25.4,31.6,18.9,16.6,27,25.5,63.2,46.5,50.6,31.8,33.2,11.4,10.2,56.3,55.9,45.1,39.5,64,,,,2024,,,,-19.45714159,59.8,70.6
Auburn,120.6703841,92.18961784,0.9567264089,27–7,27,34,54.1,43.4,38.2,41,14.9,18.2,32.9,30.3,71,54.9,42.8,35.2,29.8,16,8.6,62,42.8,37.5,33.3,70.8,,,,2024,,,4,5.472952467,75.2,73.6
Austin Peay,106.1869604,112.9225805,0.3302038806,16–15,16,31,50.7,53.1,31.8,37.8,13.3,16.3,30.2,31.4,65.2,48.9,54.1,36.2,34.3,7.4,9,39.8,46.3,34.8,36.4,65.2,,,,2024,,,,-10.42107567,71.1,70.8
Ball St.,102.6461333,110.2082187,0.3063018213,13–16,13,29,50.8,51.3,38.2,27.6,18.2,16.2,27.3,27.9,67.5,48.7,50.6,36.1,35.1,7.9,9.1,51.5,47,37.9,35.2,67.6,,,,2024,,,,-12.47388123,77.5,71.4
Baylor,122.4910312,100.1324248,0.9103371846,22–10,22,32,55.6,51.3,40.5,30.9,17.7,17.1,35.1,27.1,66.8,53.4,51.9,39.4,33.5,8.5,9.8,53.9,52.9,38.3,35.5,66.7,,,,2024,,,3,5.08132324,74,73
Bellarmine,99.93939164,110.9094166,0.2318804131,5–23,5,28,49,53.9,21.4,31.9,14.5,14.6,21.8,29.4,66.5,48.3,55.1,33.6,35,4.6,8.2,50.1,51.3,37.3,44.4,66,,,,2024,,,,-17.39448677,77.6,74.7
Belmont,108.8254603,103.0714873,0.6512887696,19–13,19,32,55,51.1,30.3,27,16.7,16.4,21,27.5,71.9,54.5,52.2,37.2,33,7.9,8.6,55.3,54.3,41.9,39.8,72.1,,,,2024,,,,-5.203734971,73.2,72
Bethune Cookman,96.73739934,109.2757534,0.1975692843,15–16,15,31,47.1,49.9,39,48.7,19.9,21.9,29.4,32.9,70.7,46.9,49,31.8,34.3,9.4,7.6,48.1,59.8,30.3,35.7,70.4,,,,2024,,,,-12.36812683,75.9,71.4
Binghamton,101.4855418,110.3548406,0.2761732808,13–15,13,28,49.4,50,34.3,34.8,18,13.3,29.1,25,68.2,51.4,48.4,29.9,35,10,11.7,54.7,43.8,30.7,38,67.5,,,,2024,,,,-10.59204846,67.4,73.3
Boise St.,113.4362018,97.45577066,0.851470631,20–10,20,30,51.6,49.8,36.1,33.1,16.5,16.8,32.5,23.1,66.6,51.2,52.1,34.8,30.6,6.9,11.3,46.9,47.5,39.8,36.9,67.6,,,,2024,,,10,0.876630104,74,72.2
Boston College,112.2324755,102.2997711,0.7437682209,19–15,19,34,52.7,50.4,25.5,28.4,15.5,16,27.3,26.7,68,51.8,49.5,36.1,34.6,9.6,8.7,51.6,51.2,38.5,37.8,68.1,,,,2024,,,,-3.644274043,75,74.7
Boston University,97.25317978,107.6037329,0.2381075221,15–17,15,32,47.8,50,30.2,36.2,17.7,16.9,26.6,23,65.7,46.8,48.7,32.8,34.6,9.8,9,54.8,50.3,40.8,41,66.8,,,,2024,,,,-14.1025951,72.3,69
Bowling Green,101.9025919,106.8975649,0.3657908372,18–13,18,31,48,51.1,35.2,27.4,16.2,16.1,30.7,25.5,68.4,50,49,29.5,36.8,6.6,9.8,42,47,34.8,34.5,68.5,,,,2024,,,,-9.442293001,70.8,67.4
Bradley,111.8311952,99.14829351,0.7996806966,21–11,21,32,55.7,47.6,27.5,35.7,18.1,18.5,28.5,27.9,67,55,46.2,37.7,33.2,11.6,5.8,48.8,50.2,42.1,38,67.2,,,,2024,,,,-3.402871428,73,73
Brown,103.3219612,106.2301101,0.4208675881,12–18,12,30,49.7,51.2,33,32.1,18.3,16.8,31.9,27.3,67.6,49.2,52.2,33.7,33.1,11.6,9.4,53,51.3,40.7,38.2,68.2,,,,2024,,,,-11.72517859,65.5,69.6
Bryant,99.87965886,100.365684,0.486047492,18–13,18,31,50.7,45.4,29.9,33.8,15.8,16.7,20.4,30.2,75.4,51.7,45,32.7,30.8,14.8,8.5,50.8,46.6,37.7,35.1,75.1,,,,2024,,,,-7.180073687,66.5,69.9
Bucknell,98.99091042,107.8643868,0.2714580933,14–19,14,33,50.4,49.5,29,31.5,18.9,16.4,25.9,28.6,64.1,50.2,50.1,33.8,32.4,10.7,10.7,52.6,60.2,44.9,42.2,65.8,,,,2024,,,,-14.50164587,71.6,70.2
Buffalo,95.02020232,114.4790773,0.1050360953,3–27,3,30,47.3,53.9,26,28.7,20,15.1,28.3,30.6,70.1,51.6,53.5,27.5,36.5,11,8.1,52.4,53.6,41.4,35.1,69.9,,,,2024,,,,-22.04780535,71.1,72.4
Butler,113.1360578,99.02161699,0.8223585226,17–14,17,31,51.8,49.9,27,22.5,15.2,16.1,26.2,29,69.3,51.5,50.7,34.8,32.5,8.2,10.6,53,46.9,38.2,37.6,69.4,,,,2024,,,,-0.8653375618,78.9,74
BYU,120.6304713,98.22041952,0.9139977404,23–10,23,33,55.1,48,25.3,32.1,15.2,16,32.8,24.7,70,58,48.2,34.8,31.8,7.7,7.1,63.2,47.2,50.7,34.1,70,,,,2024,,,6,2.87018548,73.8,69.8
Cal Baptist,101.5617551,105.9467532,0.3808126379,14–17,14,31,47,49.2,36.8,30.3,17.6,15.3,32.7,24.9,65.3,45.7,48.4,32.9,34.3,6.4,9.9,48.2,45.6,36,26.8,64.5,,,,2024,,,,-12.05601833,68.7,72
Cal Poly,93.40559705,111.389569,0.1166083453,3–28,3,31,46,51.5,31.3,41.9,18.6,17.3,24.3,33.6,66.4,44.1,50.8,33,35.6,9.3,8.9,43.7,46.9,34,30.3,66.7,,,,2024,,,,-23.25446468,70.4,74.7
Cal St. Bakersfield,99.72446097,106.8140601,0.3122108419,11–19,11,30,47,50,32,46.7,18.3,18.6,32.9,31.2,65.7,46.6,49.1,32.1,34.3,10.4,7.4,41.5,51.5,25.7,36.7,65.7,,,,2024,,,,-13.70709727,72.4,72.8
Cal St. Fullerton,99.17938442,103.9570945,0.367942662,12–18,12,30,48,49.9,38.6,35.6,18.1,17.9,24.3,29.6,67.3,47.7,51.3,32.2,31.8,9,8.2,36.8,51.2,36.2,38.6,67.3,,,,2024,,,,-11.64420218,71.7,71.8
Cal St. Northridge,99.18473778,104.7166715,0.3488374736,17–15,17,32,48.9,48.3,37.6,39.5,19,18,31.1,26.9,73,50.3,47.2,30,33.1,10.1,7.8,50.1,59.2,26.4,44.5,73.6,,,,2024,,,,-10.36826701,67.5,73.1
California,108.4640195,103.4120432,0.6337913048,13–19,13,32,49.2,51.3,29.2,33.1,16.2,14.7,28.6,26.7,69.8,48,50,33.8,35.7,6.7,9.9,46.5,47,42,36.2,69.3,,,,2024,,,,-7.509360917,72.7,72.3
Campbell,99.53881617,111.3509203,0.2159208187,11–18,11,29,52,52.2,33.7,23.6,18.1,16.4,23.8,31.2,66.5,52,52.9,34.6,34.1,6.7,9.9,51.9,51.1,38.6,43.3,67.3,,,,2024,,,,-13.74955064,71.9,72.2
Canisius,100.5732382,106.7251779,0.3356443852,13–18,13,31,49.6,51.2,27.5,28,19.1,16.3,32.8,28.1,68.2,49.7,51,32.9,34.4,8.2,7.5,47.8,51.1,36.1,31.8,68,,,,2024,,,,-13.1753213,61.9,70.6
Central Arkansas,96.94265536,114.3016373,0.130755572,7–23,7,30,47.5,54,29.3,33.7,18.1,15.4,28.3,31.4,70.1,45.2,51.9,34.2,37.9,9.2,7.9,53.7,47.8,37.8,42.1,70.1,,,,2024,,,,-18.87793065,75.1,72.7
Central Connecticut,99.89113967,108.560374,0.2774606187,18–11,18,29,50.2,49.6,33,26.7,16.7,17.5,27.6,26.8,67.4,50.8,48.2,32.8,34.8,12.2,8.7,54.2,56,35.4,35.2,67.6,,,,2024,,,,-8.087189331,70.7,68
Central Michigan,96.08391611,104.0000703,0.2869075888,17–14,17,31,46.8,47.3,27.4,30.6,17.5,16.2,28.6,30.7,66.2,47.7,47.7,30.1,31.2,10.4,8.8,46,52.2,35.2,40.8,66.3,,,,2024,,,,-8.145565072,66.1,74.4
Charleston Southern,94.94044801,108.0397021,0.1844682779,7–20,7,27,45.2,50.9,31.2,33.5,18.1,13.4,27,29,67.6,44.1,52.3,31.4,31.9,7.4,8.2,40.7,44.5,35.9,31.5,67.7,,,,2024,,,,-14.0764466,73.2,70.8
Charlotte,108.4940376,101.6214617,0.6797374269,18–12,18,30,50.8,48.5,35.2,31.5,15.5,15.2,26.1,29,63.2,53.2,49.5,31.3,31.1,9.5,8,53.6,45,38.2,36.6,63.4,,,,2024,,,,-4.97363214,75.2,70.9
Chattanooga,109.0249349,108.4087054,0.5162903732,19–12,19,31,54.8,49.9,30.9,27.3,17.1,14.5,27.2,28.8,68.2,56.1,47.9,35.7,35.1,9.6,9.9,49.6,48,50.5,42,67.7,,,,2024,,,,-6.881333904,74.9,67.9
Chicago St.,96.86639458,107.3110673,0.2354857898,9–18,9,27,45.7,53,38.9,36.4,20.5,21.5,32.2,35.7,66.6,46.1,55.3,29.9,32.5,8.1,8.5,44.1,50.2,34.2,35.3,66.2,,,,2024,,,,-12.35495261,69.9,69.1
Cincinnati,111.2609111,95.72569032,0.8493484251,20–14,20,34,50,47.6,27.9,29.6,17.4,17.6,37.2,25.6,68.4,50.8,46.4,32.4,33.3,11.5,9.3,53,52.5,36.1,34.2,68.3,,,,2024,,,,-0.7114840835,69.3,75.4
Clemson,117.1700253,99.4830122,0.8678235549,21–11,21,32,53.9,48.7,30.6,31.2,14.9,13.6,27.7,25.2,67.6,54.4,47.1,35.4,34,11.2,6.8,53.4,44.1,40.2,40.6,67.2,,,,2024,,,6,0.9404449351,79,74.4
Cleveland St.,106.64026,109.9319815,0.4134774405,19–14,19,33,49.9,51.5,31.4,38.4,15,19.5,34.2,35.2,68.4,49.7,55.1,33.5,30.5,11.1,7.3,47.2,50.8,31.3,37.9,68.3,,,,2024,,,,-8.680035072,67.4,69.9
Coastal Carolina,99.12156232,111.6151196,0.2034030282,7–22,7,29,49.4,50.1,32.5,29.5,19.1,12.7,29.3,30.5,71.1,50,50.6,32.1,33,8.5,9,45.9,56.5,32.9,46.6,70.3,,,,2024,,,,-17.63596324,67.4,69.4
Colgate,102.2605602,102.4160446,0.4956320724,24–9,24,33,53.4,47.2,27.6,24.5,16.3,16.1,25,24.5,66.1,53.3,48.7,35.7,29.9,9.8,7.3,56.6,52.9,38.3,39.6,67.2,,,,2024,,,14,-4.123188347,68,67
College of Charleston,112.9018635,105.4772193,0.6861703822,26–7,26,33,52.4,50.6,26.9,28.3,14.3,16.4,33.5,26.6,69.7,52.6,50.5,34.8,33.8,8.2,10,53.6,42.8,47.1,36.9,70.9,,,,2024,,,13,-1.615942777,72.2,70.6
Colorado,117.1474675,98.14331217,0.8844798574,24–10,24,34,55.3,49.3,35.3,28.1,18.1,15.2,32.4,24,69.1,53.6,50.1,39.4,31.9,5.5,9.3,56.1,43.3,30.4,35.3,68.7,,,,2024,,,10,1.708531388,77.8,70.7
Colorado St.,114.6431338,98.53173992,0.8508929705,22–10,22,32,54.6,49.3,32.6,31.8,14.8,16.9,24.3,27.5,66.5,57.6,48.5,33.2,34,8.1,8.6,65.7,48.7,38.3,34,66.8,,,,2024,,,10,1.448213246,75.4,74.2
Columbia,106.5368358,110.0545553,0.4076757495,10–14,10,24,52.5,52.8,29.3,28.5,17.8,17,27.9,28.6,69.4,50.2,54.1,37.4,33.9,6.9,11.7,61.8,56.9,38.5,42.2,69.5,,,,2024,,,,-9.855904056,73.2,73.3
Connecticut,126.706506,94.26706475,0.9677366483,31–3,31,34,57.1,45.1,33.3,32.5,14.9,16.2,36.5,26.8,66.2,58.5,43.7,36.7,31.9,14.2,8.3,63.7,46,40.9,33.2,65.6,,,,2024,,,1,11.26061631,74.2,72.2
Coppin St.,84.74651701,110.1548399,0.04672797984,2–27,2,29,42.1,51.3,31.1,38.3,22.9,21.8,27,38.6,67.3,41.9,51,28.3,34.5,8,9.5,40.7,58.6,34.4,37.6,67.3,,,,2024,,,,-22.9526189,72.6,73.9
Cornell,111.9950567,105.7171408,0.6600256289,20–7,20,27,56.5,51.3,28.8,32.6,17.2,18.5,27.2,31,71.4,61.7,52.4,33.9,33.2,7.1,9.5,58.8,52.4,48.6,42.1,72.5,,,,2024,,,,-1.49151721,73.2,64.7
Creighton,120.0900447,96.3372114,0.9265220549,23–9,23,32,57.5,46.4,24.5,16.2,15.3,11.2,25.9,24.6,68,60.6,45.7,36.1,32.2,8.6,9.1,58.6,40.9,48.9,27.2,67.9,,,,2024,,,3,4.419490166,78.1,78.7
Dartmouth,92.65719946,108.5671628,0.1391560973,4–21,4,25,47.6,54.2,27.8,24.4,19.4,13.4,20.7,24.5,65.9,48.2,53.2,31.2,37,10.3,9.7,55.5,52.4,42.7,42.4,66,,,,2024,,,,-15.81646219,67.5,70.2
Davidson,105.1379354,100.2760164,0.6328553637,13–17,13,30,48.9,49.4,33.5,32.8,16.3,17.2,26.1,27.8,65.8,50.8,49.5,30.7,32.8,10,10.1,50.6,53.2,40,42,66.4,,,,2024,,,,-8.682880189,72.9,68.4
Dayton,117.9843697,100.706386,0.8606793399,24–7,24,31,56.6,47.9,37.2,21.8,15.8,15.7,26.9,29,64.6,53.7,48.2,40.2,31.7,11.3,10,58.3,50.7,44.5,40.4,65,,,,2024,,,7,2.564336758,73.4,73.3
Delaware,105.1013846,103.7431466,0.537326564,18–14,18,32,51.9,48.7,30.9,27.1,16,15.1,27.5,27.9,67.4,53.2,49.7,33,31.3,7.7,10.4,51.1,46.5,35.7,36.4,68.3,,,,2024,,,,-9.059447695,70.7,70.7
Delaware St.,94.35427482,105.01877,0.225927926,13–18,13,31,46,50.9,39.8,36.2,21,21.8,33.6,31.4,69.6,45.8,49,31.2,35.8,5.7,6.8,47.6,53.2,25.4,39.9,69.7,,,,2024,,,,-13.9997392,70.7,71.8
Denver,107.1358543,115.6761541,0.2927607302,13–17,13,30,51.8,54.7,35,32,14,14.2,27.3,27.6,70.5,51.2,54.4,35.1,36.8,9.4,11.2,45.9,44.7,41,35.5,71.4,,,,2024,,,,-12.24783711,71.8,73.8
DePaul,100.5533689,110.5139787,0.2523318653,3–29,3,32,48.1,56.5,33.5,28.4,19.9,14.5,22,32.3,68.4,47,56.1,33.5,38.1,8.6,10.2,54.1,58.2,34.8,41.1,68.7,,,,2024,,,,-14.81368692,73.3,74.5
Detroit,95.42614387,116.0540078,0.095298978,1–31,1,32,47.3,55.9,30.3,31.9,19.4,17.3,25.9,35.2,68.1,50.4,56.1,28.1,37.1,6.6,8.5,45.2,52.3,36.9,37.2,68,,,,2024,,,,-24.78324289,73.5,78
Drake,114.5018081,100.3901289,0.819439902,27–6,27,33,54.9,51,32.6,31,13.9,17.4,24.2,22.1,68.7,55.1,51.9,36.5,33,4.5,7.2,55.9,41.6,39.6,39.3,68.8,,,,2024,,,10,1.656629962,76.3,70.2
Drexel,106.8530145,102.8347597,0.6084505515,19–12,19,31,50.6,47.8,30,26.7,16.5,13.1,33.6,24.5,65.3,50.3,48.2,34.1,31.4,10.2,8,46.1,43.8,33.2,35.4,65.5,,,,2024,,,,-6.55653971,72.4,70.6
Duke,120.4792043,97.12477127,0.9225870832,24–8,24,32,55.2,49,33.8,27.6,14.3,16.9,31.8,25.9,67.8,54.4,49.1,37.7,32.6,9.8,11.8,53.8,50.7,37.4,35.5,67.9,,,,2024,,,4,3.312005539,72.2,69
Duquesne,106.9890326,97.02706303,0.7547240877,23–11,23,34,50.1,48,33.1,35.3,17.5,19.5,29.9,30,66.8,49.6,48.4,33.9,31.7,12.7,11.4,53.8,52.3,39.7,37.3,67.3,,,,2024,,,11,-1.796181938,71.4,70.7
East Carolina,104.9543871,105.3217084,0.4899569382,14–18,14,32,47.6,51.3,34,32.7,16.3,18.7,32.7,31,65.6,48.1,52.5,31.2,33.1,9,9.5,50.3,53.6,36.5,43.3,65.8,,,,2024,,,,-10.81493887,68.7,75.4
East Tennessee St.,101.8527048,104.300028,0.432157199,17–16,17,33,46.9,50.9,33.9,36.7,18.1,18.8,35.1,29.4,68.2,47.1,51.2,31.2,33.7,13.5,9.4,45.5,47.4,40.9,38.5,67.9,,,,2024,,,,-9.682655863,67.2,69.4
Eastern Illinois,95.61432404,108.9082635,0.1828573168,10–18,10,28,44.8,52,27.2,37.5,15.7,19.7,27.5,28,67.5,43.6,51.1,31.8,35.8,8.7,11,47.8,56.1,29.6,37.1,67.5,,,,2024,,,,-13.09748449,73.6,72
Eastern Kentucky,106.2404388,109.4664141,0.4148383747,14–14,14,28,50.6,49.8,32,29.5,16.1,13.9,33.1,31,70.2,48.8,45.6,36.1,38.7,14.2,6.2,47.1,48.3,33.6,33.4,69.4,,,,2024,,,,-9.40762577,68.4,75.8
Eastern Michigan,96.99000734,110.9621449,0.1754211349,11–18,11,29,47.9,52,25,31.5,17,15.7,27.6,31.2,66.3,48.7,54.7,30.8,31.9,6.5,8,40.9,50.4,32.3,39.5,66.3,,,,2024,,,,-14.00267951,67.2,68.8
Eastern Washington,110.3589859,109.7224946,0.5166233277,19–11,19,30,57.2,52.8,39.6,33.5,19,16.3,26.4,27.1,70.7,58.7,51,36.8,36.9,9.8,7.9,62.3,51.7,42,41.8,71.4,,,,2024,,,,-4.717343037,76.9,74.2
Elon,102.2525903,114.0776439,0.2212353998,11–19,11,30,50.6,53.2,32.8,29.1,17.8,15.7,28.7,32.8,67.5,48.8,54.5,35.2,34.2,6.9,10.2,52.1,54.9,43.7,40,68.6,,,,2024,,,,-14.01015236,70.7,71.8
Evansville,101.4625858,105.3783848,0.392819637,15–17,15,32,50,52.8,29,27.9,16.4,16.9,21.6,25.5,69.3,49.8,52,33.7,35.9,9.2,8.2,50.4,54.8,34.8,43.5,69.6,,,,2024,,,,-9.002623538,72.7,74
Fairfield,106.8113858,109.3182208,0.4336969374,21–12,21,33,51.8,52.3,28.6,26.2,15.5,20.4,28.6,30.7,69,49.9,53,36.4,34,5.7,8.7,49.1,51.1,41.4,37.1,69.3,,,,2024,,,,-7.97205339,75.8,69.9
Fairleigh Dickinson,96.39522189,113.5371036,0.1321317822,13–17,13,30,47.1,52.9,34.9,32,17.2,19,27.8,31.2,72.9,46.7,52.4,31.8,35.7,6.8,9.2,56.9,53.8,39.3,40.5,73.2,,,,2024,,,,-13.82855145,69.6,69
FIU,99.91998661,109.9553926,0.2496260199,10–22,10,32,49.7,55.6,28.4,35.9,18.9,24.1,27,37.3,71.4,49.9,52.9,32.9,40.3,11,10.4,51.5,55.1,41.7,36,71.2,,,,2024,,,,-16.27465419,66.4,70
Florida,119.4571486,99.48800926,0.8912513077,24–11,24,35,51.5,48.8,38.6,34.2,15.8,14.5,37.5,28.9,73,51.7,49,34.2,32.2,12.1,9.6,50.2,41,34.5,32.7,72.6,,,,2024,,,7,2.958484039,71.2,70.6
Florida A&M,92.7330266,110.9214045,0.1130841582,5–22,5,27,47.5,51.8,28,39.2,21.4,16.3,26.3,31.7,69.6,46,51.1,34.1,35.3,7.6,9.6,56.2,48.8,29.9,36.6,69.1,,,,2024,,,,-15.78917792,69.3,67.3
Florida Atlantic,117.6455352,102.622585,0.8279415756,25–8,25,33,55,49.7,34.8,27.5,15.8,16.5,33.8,29.2,69,56,49.3,35.6,33.6,7.8,6.7,51,37.9,38.8,36.3,68.9,,,,2024,,,8,1.236704676,72,72.7
Florida Gulf Coast,102.0860244,108.8245549,0.324078017,11–18,11,29,52.1,52.8,27.2,29.3,17.6,15.8,29.6,28.3,65.5,50.8,52,36.2,35.9,9.6,7.6,44.2,51.8,37.3,42.8,64.8,,,,2024,,,,-13.16974644,70,69.8
Florida St.,109.652873,100.1275893,0.7398243324,17–16,17,33,50.3,52.2,36.8,41,16.4,20.7,28.5,32.8,72.2,51.5,51.6,31.7,35.4,12,7,45,48.3,31.6,38.2,71.9,,,,2024,,,,-3.515033855,70.7,70.2
Fordham,100.4631826,102.4047124,0.4451895821,13–20,13,33,46.7,50.4,35.1,45.2,18.2,19.7,32.5,27.4,69.3,46.2,48.9,31.5,35.9,12.4,11,52.3,50.1,42.1,31,69.7,,,,2024,,,,-12.3778437,66.3,71.6
Fort Wayne,103.1717665,104.4173227,0.4655536375,19–12,19,31,53.8,51.5,31,32.6,14.5,22,22.8,30,71.8,53.4,52.8,36.3,32.8,8.4,8.9,47,51.4,42.8,36.5,71.6,,,,2024,,,,-7.869554832,70.1,71.5
Fresno St.,102.4261804,107.819497,0.3566036956,11–21,11,32,51.5,53.1,30.4,28,18.8,15.4,24.4,30.4,65.9,52.6,51.8,33.2,36.9,6.4,11.7,50.4,50.2,38.5,37.3,66.5,,,,2024,,,,-11.32341637,68.1,68.6
Furman,108.5923198,107.4508661,0.5303427976,15–15,15,30,52.1,52.9,31,28.5,15.9,16.2,29.4,26.6,70.4,54.3,53.9,33.2,34.1,6.7,11.5,58.3,49.9,48.2,35,69.8,,,,2024,,,,-9.223237056,73.5,68.8
Gardner Webb,101.9943793,104.6331957,0.4270869702,14–16,14,30,49.1,50.3,35.9,39.4,16.1,16,27.9,26.7,69.8,47.4,50,34.8,34,6.1,9.6,48.6,47,35.3,33.9,70.4,,,,2024,,,,-10.10825382,63,71.7
George Mason,108.8752137,100.4978012,0.7151980185,19–12,19,31,52,48,36.7,31.8,18.1,16.4,31.7,27.4,64.8,52.3,45,34.3,34.8,10.2,10.7,46.7,50.7,37.5,41.6,64.8,,,,2024,,,,-4.560231904,74.2,72.4
George Washington,106.0586568,108.5969582,0.4324192197,14–17,14,31,51.5,49.8,34.2,22.8,17.1,13.9,25.9,29.2,70.2,49.9,48.3,35.8,34.7,11.8,10.4,46.4,48.6,41.6,38.5,71,,,,2024,,,,-10.00840915,74.5,75.7
Georgetown,109.2750352,110.3631965,0.4715431269,9–23,9,32,48.6,55.7,33.9,33.6,17.9,16.4,33.4,30.7,67.5,46.3,57.4,34.6,35.3,8.6,11.4,50.5,55.5,41,38.2,67.6,,,,2024,,,,-10.41688076,71.4,71.5
Georgia,109.4044727,99.09656601,0.757313225,17–16,17,33,49.8,49.8,38.4,30.2,16.1,16.3,27.5,30.8,70.3,49.3,49.7,33.6,33.2,8.1,12.1,46.5,54.3,40.7,37.9,69.4,,,,2024,,,,-3.726680458,72.2,71.9
Georgia Southern,103.6386571,113.2469092,0.2651071059,9–24,9,33,50.8,52,28.9,43.1,18.8,17.3,28.8,33.9,70.2,49.3,51.4,35.2,35.5,10.7,12.4,41.8,49.4,44.6,36.4,69.8,,,,2024,,,,-17.79279325,73.2,70.4
Georgia St.,104.4268969,109.3962355,0.3694386331,12–17,12,29,48.5,49.3,28.6,35.9,13.8,14.2,27.2,30.5,70.1,48.6,51.2,32.2,30.8,6.9,10.1,41.1,49.5,35.3,38.5,68.9,,,,2024,,,,-11.63338111,75.6,71
Georgia Tech,108.176315,103.6847172,0.6195617966,14–18,14,32,48.7,49.2,29.2,31.6,17.7,12.8,31.6,28.5,68.3,48.6,49.5,32.6,32.6,10.7,8.9,52.5,50.8,40.5,39.4,68.4,,,,2024,,,,-5.710982028,70.9,73.9
Gonzaga,120.3522312,98.20800401,0.9120039438,24–7,24,31,56.7,47.3,31.5,25.8,14,16.5,33.3,27.2,69.8,58.3,45.1,35.5,34,10.1,6.4,52.1,48.2,31.4,36.9,70.1,,,,2024,,,5,2.459620401,72.6,72.7
Grambling St.,97.21572159,106.5631082,0.2581211875,17–14,17,31,48.2,49.1,39.6,33.9,20.5,19,28.1,32.7,66.5,47,48.4,34.1,33.7,8.3,7.9,40.6,55.1,29.8,33.4,65.9,,,,2024,,,16,-8.029743951,70.6,73.8
Grand Canyon,111.319769,100.1817887,0.7707118476,28–4,28,32,52,45.9,45.3,34.8,17.8,19.9,34.6,29.6,69.3,52.3,44.4,34.4,32.6,13.5,7.1,45.2,48,36.1,33.6,69,,,,2024,,,12,1.31377079,75.3,70.8
Green Bay,101.9753933,108.735868,0.3234007337,16–14,16,30,52.4,49.4,29.4,34.2,18.6,14,27.3,28.4,64.9,53.7,51.6,34,30.2,5.9,14.8,52.1,50.8,48.2,35.3,64.5,,,,2024,,,,-9.12719341,72.7,72.7
Hampton,95.94877872,112.0867473,0.1433458572,6–24,6,30,46.7,51.6,29.4,29.9,17.9,15,27.9,31.9,70,46.9,52.1,30.9,33.9,9.5,8,48.3,49.5,38.6,39,70.7,,,,2024,,,,-20.03738445,71.4,75.8
Harvard,102.0144823,105.1632865,0.4134809165,13–13,13,26,50.2,50.1,35.7,25.8,17.8,16,26.5,31.3,67.7,49.9,49.5,33.8,33.9,11.5,11.4,51.6,53.3,39.4,40.8,68.5,,,,2024,,,,-7.520895644,70.5,69.2
Hawaii,103.8165919,104.7008574,0.4756349876,18–14,18,32,52.6,48.5,39,33.6,18.6,15.7,25.8,25.3,67.5,53.8,49.3,34,30.8,6,8,48.7,37.3,42.4,25.4,66.9,,,,2024,,,,-9.249745299,72.8,72.9
High Point,114.6370961,109.9182804,0.6185490177,23–8,23,31,52.3,50.2,44.4,38.2,16.2,14.1,37.1,25.5,68.9,53.6,49.6,33.7,34.4,8.1,8.2,41.3,44.2,39.9,31.3,69.5,,,,2024,,,,-4.178085314,78.3,72.2
Hofstra,108.0717944,102.3082263,0.652549636,19–13,19,32,55.4,49,22.3,29,15.7,17.7,22.9,29.7,66.4,55.5,46.9,36.8,34.6,10.4,8.3,55.5,53.8,46.1,42.4,66.6,,,,2024,,,,-6.41555591,75.6,76.2
Holy Cross,99.18050772,120.8984004,0.09303704976,9–23,9,32,50.1,53.6,25.9,30.6,16.5,12.8,23.2,28.1,65.4,48.7,50.7,35,38.7,9.2,9,43.8,52.9,37.7,39.7,66.7,,,,2024,,,,-19.26557875,66.7,72.2
Houston,118.9524328,84.94387935,0.9796163574,30–4,30,34,49.7,44,29.9,39,13.7,24.7,36.9,30.2,64.2,48.4,43.4,34.7,30,16.1,7.4,49.1,60.2,36.6,40.9,64.3,,,,2024,,,1,10.62026457,69.4,67
Houston Christian,96.01539949,117.9571948,0.0857355776,4–23,4,27,46.9,54,36.8,28.6,21,13.6,29.7,33.7,72.8,47.9,55.5,29.5,34,6.2,11.5,41.4,52.2,28,34.1,72.5,,,,2024,,,,-17.06947866,64,71.6
Howard,104.8624985,113.0870784,0.295599,16–16,16,32,52,50.9,42.2,39.1,21.4,16.7,33.4,30.7,69.2,49.2,50.8,37.5,34,7.5,10.9,55.3,46.9,38.9,33.2,68.7,,,,2024,,,16,-12.07363453,75,70.1
Idaho,99.0474215,110.8484664,0.2150918349,9–21,9,30,50.2,53.5,26.7,37.2,17.5,16.6,22.7,28.6,65.6,50.2,53.4,33.5,35.8,9.1,10.9,48.9,53.2,41,38.5,65.8,,,,2024,,,,-16.65114326,74.1,73.1
Idaho St.,102.4087933,109.6313853,0.3135148595,12–20,12,32,51.1,54.5,33.5,32.6,16.7,18.2,30.3,26.8,64.6,52.6,54.7,32.2,36,9.1,6.4,45.8,47.1,35,30,64.8,,,,2024,,,,-15.34266393,68.7,74.7
Illinois,124.4006672,100.4081827,0.9215817023,26–8,26,34,53.8,48,37.8,27.1,15.1,12.3,36.2,26.1,70.5,54.7,46.6,34.9,34.3,8.2,8.3,44.4,42.6,38.3,27.9,70.8,,,,2024,,,3,6.004305469,74.5,71.7
Illinois Chicago,100.6290232,101.5255041,0.4745227828,11–21,11,32,50.6,48.9,26,35.9,17.7,17.4,22.9,28.4,68.6,48.4,49.2,36,32.2,13.7,10.5,53.5,52.4,40.8,35,69.1,,,,2024,,,,-13.27836894,69.2,75.1
Illinois St.,101.1487552,104.4595274,0.408447855,14–17,14,31,47.7,50.9,36.1,27.2,17.1,16.4,28.9,26,65.1,50.4,52.3,28.8,32.5,6.4,9.5,52.9,51.2,37.5,39.6,64.7,,,,2024,,,,-10.03473787,71.7,73.5
Incarnate Word,96.17450817,114.3993523,0.1196648838,6–23,6,29,48.2,51.8,37.1,40.7,21.7,15.1,30,30,71.4,48.3,50.2,32,36.7,10.1,11.3,48.8,53,39.7,34.4,70.8,,,,2024,,,,-19.29825957,72.3,71.2
Indiana,109.8480038,100.008578,0.7463386111,19–14,19,33,52.1,49,37.7,31.6,17.5,14.9,26.9,29.7,69.4,53.4,47.4,32.4,34.3,11.2,7.5,57.3,52.8,27.8,41.2,69.4,,,,2024,,,,0.05353771561,66.4,75
Indiana St.,117.9530201,101.3890458,0.8507119055,27–6,27,33,59.9,49,32.5,25.5,16.5,15.5,23.4,23.1,71.4,62,48.7,38.4,33,4.4,11.8,59.4,38.8,49.3,33.9,71.5,,,,2024,,,,1.936752563,80.3,75
Iona,102.7116221,107.3937317,0.3745771438,16–17,16,33,50,52.8,28.5,37.5,14.9,22.2,28.3,30.8,68,48.2,54.1,35.3,34,9.2,10.4,55.1,56.5,38.7,40,67.9,,,,2024,,,,-12.55313421,65.2,73.9
Iowa,118.766407,103.7695759,0.8252509224,18–14,18,32,52.7,52.1,33,33.1,13.1,16.6,27.6,30.5,72.4,53,51,34.7,36.1,9.8,8.4,59.2,53.3,29.6,35.3,72.6,,,,2024,,,,-0.3628245318,77.8,70.7
Iowa St.,113.8718375,87.29392076,0.9550673316,27–7,27,34,51.9,47.1,36.1,35.2,15.7,25.7,31.6,29.4,68.2,51.7,46.9,34.9,31.5,10.8,8.7,58,58.9,32,45,68.6,,,,2024,,,2,6.882589133,69.7,71.2
IUPUI,92.47566927,116.9489619,0.0629669554,3–26,3,29,46.5,58.2,33.2,33.4,21.3,18.5,30,35.5,68.6,49.5,59,24.7,38,6,7.7,42.4,55.3,24.3,37.5,68.3,,,,2024,,,,-21.58127237,72.3,73.5
Jackson St.,99.83421189,111.0774185,0.226664914,15–17,15,32,47,52.6,34.7,34.5,19,19,34.9,32,70,46.2,52.4,32.5,35.2,9.9,9.6,48.1,54.9,33.8,39.6,69.7,,,,2024,,,,-11.62829695,70.4,71.7
Jacksonville,98.87984399,109.771565,0.2311720012,13–17,13,30,48.7,52.3,36.3,40.4,19.2,17.4,34.6,30.7,67.6,47.7,51.5,33.8,35.7,8,9.3,41.3,52.2,33.1,40.9,66.7,,,,2024,,,,-11.91688155,70.6,71.1
Jacksonville St.,100.8597315,104.1329712,0.4091970263,11–18,11,29,48.2,50.5,37.2,34.9,20.3,18.2,33.8,25.3,66.2,48.3,49.4,32.2,34.9,11.2,7.7,42.9,46.7,28.3,36.2,65.6,,,,2024,,,,-12.98188865,69.1,70.8
James Madison,112.0255942,100.6827733,0.7734079616,30–3,30,33,54.4,46.7,34.2,35.1,14.7,19.8,32,27.6,71.1,54.2,48.8,36.5,28.6,7.6,8.9,54.3,42,38.1,35.1,70.8,,,,2024,,,12,1.48981618,70.5,73.1
Kansas,114.1168758,93.08993212,0.9123007839,21–10,21,31,53.4,47.6,32.8,28.5,16.4,16.8,25.3,26.4,69.6,54.8,45.3,33.3,33.8,11.1,7,66.5,51.1,29.7,41.1,69.9,,,,2024,,,4,4.296714361,72.9,69.9
Kansas St.,107.9030607,96.03441979,0.7924990795,19–14,19,33,50,46.5,38.9,32.6,21.3,15.9,32.5,30.5,68.3,51.5,46.7,32,30.7,10.8,10.8,56.8,52.3,41.1,36.7,68.2,,,,2024,,,,0.3645691669,72.5,70.3
Kennesaw St.,104.0868634,112.2602957,0.2953924046,12–16,12,28,51.5,53.1,35.4,43.2,16,17.6,30,30.5,74.9,53,51.3,32.9,37.2,10.9,12.1,48.1,48.2,42.5,39.5,75,,,,2024,,,,-12.47072351,67.7,73.1
Kent St.,105.5615178,106.0466494,0.4868206171,15–17,15,32,50.7,51.3,31.9,34.9,17.2,18.5,31,28.7,67.6,48.5,52.6,36,33,7.7,8.7,49.2,50.2,39.2,39.7,67.6,,,,2024,,,,-11.49166113,73.8,73.4
Kentucky,122.6384665,102.1680045,0.8909182373,23–9,23,32,57.4,49.5,30.4,33.4,14.2,16,28.9,30.2,74.1,54.7,49.8,41.2,32.6,16.1,8.9,54.6,51.9,37.3,39.9,73.5,,,,2024,,,3,2.858005085,77.3,72
La Salle,105.7246477,107.3957489,0.4550344866,15–17,15,32,49.2,50.7,24.8,33.3,14.2,15.4,27,30.8,67.2,47.6,49.3,34.5,35.8,8.1,9.8,53.8,51.4,39.8,32.8,67.6,,,,2024,,,,-9.615918497,72.3,71.7
Lafayette,92.84892244,105.7643455,0.1827602254,10–21,10,31,46.9,48.5,23.9,31.5,17.5,17.4,24.2,29.1,65.3,47,46.6,31.2,34.3,12.5,9.1,56.6,51.9,40,38.5,66.2,,,,2024,,,,-16.91996034,68.2,73.7
Lamar,102.6232281,108.8751259,0.336243709,17–14,17,31,50.9,49.2,33.2,39.2,18,19.3,33.1,31.9,69.9,50.2,48.8,34.8,33.3,10.4,7.5,59.4,58,35.3,39.6,69.3,,,,2024,,,,-9.801259044,73.2,70.6
Le Moyne,98.77751258,111.3599973,0.2011970869,12–17,12,29,50.1,50.6,25.3,27.8,16.6,17.8,23.1,29.9,68.5,49.2,51,34.1,33.4,8.7,8.1,60.7,56.3,47.5,43,68.3,,,,2024,,,,-13.75488896,76.5,70.6
Lehigh,98.65605402,106.8758709,0.2848911718,12–18,12,30,49.5,51.7,33,29.6,16.9,17.9,22,23.5,69.6,50.2,50.7,32.2,35.6,6.4,10,50.5,47.1,37.6,37.2,71,,,,2024,,,,-13.42012921,74,69.9
Liberty,108.8645975,105.880413,0.5792360254,15–14,15,29,54.3,50.8,26.7,30.3,16.2,17,24.5,25.5,65.7,55,51.9,35.7,32.3,6,11.9,56.9,41.2,46.8,32.6,65.4,,,,2024,,,,-8.235716389,66.2,72.4
Lindenwood,91.74937993,113.1447869,0.08237649399,6–22,6,28,43.3,53.9,38.3,40.2,17.9,17.7,23.6,28.7,68.3,43.2,52.5,29,37.6,7.2,10.1,35.2,50.3,30.7,37.4,68.4,,,,2024,,,,-18.06699497,72.8,72.8
Lipscomb,109.0427252,112.8717343,0.402059433,18–12,18,30,56.2,53.5,27.5,22.8,14.2,16.1,23.2,29.3,70.5,55.7,52.8,38.1,36.5,8.1,10.1,48.6,42,39.8,36.6,70.2,,,,2024,,,,-7.248185035,77.8,71.8
Little Rock,105.8020775,108.5437272,0.4269749839,21–12,21,33,52.5,48,33.5,35.2,17.3,17.9,32.1,30.3,69.8,53.1,48,34.1,32,12.8,7.2,52.3,47.3,30.9,37.8,69.8,,,,2024,,,,-9.590277294,74.9,73.9
LIU Brooklyn,92.6514699,111.3686076,0.1075506636,7–22,7,29,46.4,50.8,31.5,41.1,20.1,15.8,25.5,28.5,71.3,46.3,53,31,31.1,7.8,10.2,51.4,54.8,29.9,34.3,71.3,,,,2024,,,,-18.28928858,67.7,69.1
Long Beach St.,105.4114255,107.9764685,0.4313154144,19–14,19,33,48.9,51.2,38.1,32.6,17.1,18.5,33.3,29.6,71.9,49.7,50,31.3,35.1,12.6,5.9,55.1,59,28.3,43.6,72.4,,,,2024,,,15,-8.053943191,71,72.4
Longwood,103.6303548,104.135604,0.4860206573,18–13,18,31,49.4,51.3,39.5,36.1,18,19.6,36.7,25.5,68,48.6,50.9,34.2,34.6,7.2,7.2,48,49.3,28.3,39.5,67.8,,,,2024,,,16,-8.631037656,68.8,70.1
Louisiana Lafayette,105.5294146,103.1649701,0.5647823581,17–14,17,31,50.7,49.9,28.6,40.1,16.8,20.6,30.8,32.9,70.4,51.7,53.7,32.6,27.9,9.1,10.1,43.4,43.9,36.2,32.1,69.5,,,,2024,,,,-8.492411425,73.8,71.7
Louisiana Monroe,99.65745906,110.0626959,0.2419387478,9–19,9,28,44.8,52.6,38.4,37.6,18.2,17.2,34.1,29,68.3,45.6,51.7,28.5,35.8,6.4,9.1,48.8,58,28.7,44.9,68,,,,2024,,,,-13.32429724,66.3,72.9
Louisiana Tech,107.7198197,98.82174234,0.7293808251,19–10,19,29,50.6,45.6,42,32,18.8,17.6,33.8,28,66.8,49,43,35.7,33.5,13.7,8.7,48.1,47,34.6,36.4,66.6,,,,2024,,,,-4.34614894,70.1,71.9
Louisville,104.2355108,106.9431931,0.4268006314,8–24,8,32,48.4,54.6,38.8,33.8,18.1,16.2,28.1,27.5,70.4,49.4,53.8,30.6,37.2,7.2,9.7,44.6,55.3,31.2,39.1,70.5,,,,2024,,,,-12.51974503,74.6,73.2
Loyola Chicago,104.5458554,96.17701623,0.7230230397,22–9,22,31,51.8,46.2,33.6,36.2,18.6,17.8,27.1,25.1,69.2,51.1,43.4,35.2,34.2,14.1,12.3,64.1,49.1,40.5,36.1,69.6,,,,2024,,,,-1.488920955,68.3,73.5
Loyola Marymount,107.6129716,108.6391261,0.472742078,11–19,11,30,51.6,50.4,28.8,28.3,16.3,12.4,29.4,27.1,65.9,49.2,49.8,36.8,34.3,6.5,10.4,46.6,52.1,39.9,31.7,65.8,,,,2024,,,,-11.82425061,73.5,73.6
Loyola MD,93.74147293,111.992361,0.1144840943,6–25,6,31,47.2,53.3,30,32.6,20.4,15.6,29.2,26.4,65.8,46.1,53.3,32.7,35.6,6.1,10.8,55.7,51.5,38.7,36.6,66.7,,,,2024,,,,-20.84408475,64.2,69.7
LSU,109.8783178,100.1137329,0.7446476601,17–15,17,32,52.2,49.5,38.9,33.5,18.6,18.3,30.7,31.2,70.8,51.7,49.2,35.3,33.2,10.7,11.1,44.4,48.8,37.6,41.4,70.7,,,,2024,,,,-3.074264083,71.9,75.8
Maine,96.20278208,102.0996039,0.3353375806,14–17,14,31,47.8,49.9,30,32.1,16.7,19.2,23,27.8,67.5,49.3,50.6,29.7,32.3,8.5,9.4,49.7,52,32.2,33.2,66.5,,,,2024,,,,-12.00453247,72.2,68.4
Manhattan,94.7760547,111.38284,0.1350823633,6–23,6,29,47.2,53.1,22.1,27.3,19.2,16.9,24.8,30.1,69.2,47.4,52.2,31.3,36.7,7.3,11,57.7,60.2,38.7,33.8,69.3,,,,2024,,,,-18.29234591,72.2,73.6
Marist,96.55413458,100.2846155,0.3927070524,18–13,18,31,50.8,47.1,29.8,35,18.4,20.4,23.1,26.8,65.5,49.3,46.8,35.6,31.8,8.6,7.6,52.5,43.9,36.4,38.3,65.5,,,,2024,,,,-9.984963287,69.7,68
Marquette,118.2734807,94.33932706,0.9308722918,25–9,25,34,55.1,49.7,25.6,28.2,14.3,21.1,26,30.8,69.3,56,49.2,35.8,33.6,9.8,8.4,54.3,59.2,40.5,43.1,70.1,,,,2024,,,2,6.507663724,71.5,75.3
Marshall,100.2615256,105.6243463,0.3545201075,12–20,12,32,46.8,51.4,28.8,29.9,16.5,16.2,29.8,27.9,72.3,47.1,49.8,31,36.2,10.6,7.1,57,48.8,41.3,35.3,71.5,,,,2024,,,,-13.90739632,70.6,70.4
Maryland,105.4328394,94.4102801,0.7807218945,16–17,16,33,46.7,46.7,40.8,33.5,17.5,18.8,31.7,29.1,66.3,48.8,45.7,28.9,32.8,11.7,10.3,47,47.8,37.5,30.1,66.4,,,,2024,,,,-4.066735115,72,76.6
Maryland Eastern Shore,89.0797045,109.5437549,0.08485690096,5–20,5,25,43,50.9,32.7,37.8,20,18.9,28.8,33.7,67.6,43.3,51.7,28.3,33,7.4,8.7,47,48.6,34.8,36.2,68.1,,,,2024,,,,-16.44243238,71.3,69.1
Massachusetts,111.3028679,102.4301224,0.7221904762,20–11,20,31,50.6,48.5,35.8,38.6,16,18.9,36.5,30.1,69.2,52.6,47.5,31.3,33.5,8.6,8,56.3,55.1,35.1,38.4,69.3,,,,2024,,,,-4.607393109,69.9,72.1
McNeese St.,111.8495229,101.5932618,0.7513897195,26–3,26,29,54.9,47.8,40.6,33.9,14.2,23,32.1,30.4,66.8,52.8,46.3,39.4,33,12.8,9,51.8,57.9,33.6,48.1,66.3,,,,2024,,,12,0.7113522888,69.5,71.4
Memphis,111.578331,102.3674712,0.7292489605,22–10,22,32,52.8,50,36.3,29.6,18,19.1,33.4,33.6,72,52.9,49.3,35,34,12.6,11.6,48.8,53.3,38.9,42.7,72.6,,,,2024,,,,-1.059903354,72.5,71.5
Mercer,103.1310477,107.4550163,0.3840658773,14–16,14,30,50.1,51.2,27.6,38.9,16.6,17.9,30.6,31.1,67.5,48.8,51.2,35.4,34.2,9.3,7.6,49.6,45.7,30.1,36.9,66.9,,,,2024,,,,-10.52226128,66.3,72.5
Merrimack,95.93061447,99.99314332,0.382965695,19–12,19,31,49.8,46.2,34.3,32.5,19,23.2,22.3,34.6,68.1,52.2,46.1,31.1,30.9,9.5,10.4,50.6,55.6,43.1,31.2,68.2,,,,2024,,,,-7.670861682,73.2,70.1
Miami FL,111.2672764,100.7638227,0.7577332196,15–17,15,32,52.7,51,24.6,22.3,17.2,16.6,28.7,28.5,70,51.6,52,36.1,33.3,9.3,9.4,51.1,57.2,40.4,46.1,69.7,,,,2024,,,,-5.291331578,74.5,71.1
Miami OH,99.78483404,106.2278605,0.3274904602,13–17,13,30,51,49.3,30.4,31.9,17.2,18,22,30.7,67.8,48.7,50.5,36.2,31.5,7.8,9.9,57.2,47.3,40.3,36.8,68.3,,,,2024,,,,-12.36734736,71.9,72.5
Michigan,111.3937699,104.3520151,0.6793893117,8–24,8,32,51.1,52.5,32,30.5,18.6,13.7,30.7,30.4,68.9,49.5,51.7,35.9,36.1,8.5,10.6,48.3,46.2,38,32.6,68.4,,,,2024,,,,-9.177104899,70.3,72.9
Michigan St.,113.6434487,93.30014982,0.9062181045,19–14,19,33,51.5,48,29.9,32.6,14.7,18.7,29.9,28.7,66.4,50.5,47.1,35.9,32.8,12,7.7,60,54.9,30.2,41.3,66.3,,,,2024,,,9,0.2025553459,70.6,71.4
Middle Tennessee,97.51414579,104.9468777,0.3005345466,12–19,12,31,46,49.5,34.9,29.6,20.6,15.8,28.2,30.4,66.5,45.6,49,31.1,33.8,10,10.9,43.8,42.6,42.1,29.7,66.3,,,,2024,,,,-13.16682252,70.2,73.4
Milwaukee,106.1226917,113.1626305,0.3233002689,18–15,18,33,51,50.6,34,32.8,17.9,15.5,36,32.6,70.5,52.7,50.2,32.2,34.2,11.3,11.5,50.2,55.5,38.8,38.4,70.8,,,,2024,,,,-9.912991731,73.7,75.6
Minnesota,113.3283266,102.6360052,0.757616116,18–14,18,32,54.3,50.1,35.6,29.9,17.6,15.9,30.8,29.1,67.7,54.7,48.3,35.8,36.3,11,9,64.9,56.5,39.5,29.7,67.6,,,,2024,,,,-2.510763828,69.3,72.3
Mississippi,113.9967034,102.5994282,0.7705425832,20–12,20,32,51.2,50.2,35.1,32.3,15.7,18.1,30.1,36.2,68.6,49.2,50,36.6,33.8,15.1,8,57.6,55.4,35.1,37,67.7,,,,2024,,,,-0.3926218891,72.8,71.1
Mississippi St.,112.4963195,94.80497186,0.8773568081,21–13,21,34,51.7,47.7,37.9,32.4,18.7,18.2,35.4,27.6,68.9,53.4,50.2,32.5,29.4,9.1,10.6,52.8,48.3,38.2,41.1,68.2,,,,2024,,,8,0.8262889333,67.2,75.1
Mississippi Valley St.,85.22516183,116.8640188,0.02581326338,1–30,1,31,42.5,55.6,33,41.6,24,17.2,27.9,35.7,66.2,41.9,55.6,29.2,37,6.5,8.7,44.2,54.1,30.4,36.5,65.5,,,,2024,,,,-22.68723041,65.8,71.4
Missouri,108.3123059,104.5962108,0.5990435982,8–24,8,32,50.2,51.4,31.7,42.5,16.8,18.7,26.8,35.8,68.5,51.8,51.2,31.9,34.4,14,9.7,48.1,52.7,39.7,39.8,67.6,,,,2024,,,,-11.34112355,79.2,74.1
Missouri St.,103.8635012,101.6774695,0.5608532887,17–16,17,33,49.7,48,31.5,24.9,17.3,13.1,29.1,24.7,68.5,51.2,47,31.4,33,11.8,8.8,47.1,49.8,36.8,38.8,68.8,,,,2024,,,,-7.902315124,71.1,71.7
Monmouth,104.7249715,107.2781516,0.4311881263,18–15,18,33,49.4,50,29.2,33.3,15.3,17.8,30.5,32.2,68.1,47.8,49.3,34.8,34,10.5,9.9,50.2,56.2,36.3,43.2,68.7,,,,2024,,,,-8.458146067,71.6,74.5
Montana,110.7171414,109.4313749,0.533532564,20–11,20,31,54.6,51.1,29.5,35,14.6,14.2,25.2,25.8,66.5,55.1,50.3,35.8,35.2,7.3,8.8,51.7,43.1,37.7,31,67.1,,,,2024,,,,-5.841591709,80,72.1
Montana St.,102.6824104,106.1509744,0.4056331179,15–16,15,31,53.9,52.3,30.7,37,16.8,18.6,20.7,28.6,69.2,53.4,54.1,36.4,32.6,6.3,7.8,47.8,46.9,41.4,35.4,69.5,,,,2024,,,16,-11.62929939,73.4,71.5
Morehead St.,106.6641613,103.5214764,0.5851425325,22–8,22,30,54.4,45.7,31.3,32.7,18.5,15.5,32,26.4,65.7,55.6,45.4,35.3,31.1,11.2,7.9,52.4,41.1,45.1,31.2,65.3,,,,2024,,,14,-3.375129195,71.5,75.8
Morgan St.,96.5792554,114.0210747,0.1290682535,8–20,8,28,47.4,52,31.3,41.4,20.2,18.2,29.5,37.2,71.1,49.3,51.6,28.2,35.3,8.2,8.7,44.4,48.5,26.9,32.4,71.6,,,,2024,,,,-15.40599949,75.8,69.2
Mount St. Mary's,101.9321172,106.805662,0.3688637428,13–19,13,32,53.2,49.3,26.7,30.3,20.7,18,30.2,27.9,69.4,53.3,48,35.2,34.6,10.1,7.4,48.3,49.6,33.3,34.8,69.9,,,,2024,,,,-14.85389479,72.5,75.7
Murray St.,107.426183,105.8416612,0.5426180528,11–20,11,31,50,54.5,29.6,27.7,14.4,17.9,26.5,25.5,65.2,51.3,53.8,31.6,37,8.8,8.9,44.2,53.1,35.3,42.8,65.4,,,,2024,,,,-12.3447375,69.8,72.4
Navy,95.62907699,110.5778843,0.1583846403,12–18,12,30,44,50.3,34.8,35.7,15.6,20.5,31.8,30.8,65.4,43.8,50.9,29.6,32.9,6.5,12.6,51.5,55.6,33.1,40.7,66.4,,,,2024,,,,-15.31052187,71.4,72.1
Nebraska,116.0507625,96.69266191,0.890770648,23–10,23,33,53.2,46.3,32.4,27.7,15.9,16.4,27.8,30,69.3,52.8,45.2,35.8,31.9,7.2,10.8,57.1,52.5,44.5,41.7,69.6,,,,2024,,,8,2.386642624,75.4,69.9
Nebraska Omaha,102.7370848,110.7143778,0.2973442648,11–18,11,29,49.5,53.4,39.7,32.2,14.5,15.9,24.7,26.4,67.5,50.5,53.3,31.6,35.7,7.2,6.5,39.8,48.8,33,42.5,68.3,,,,2024,,,,-13.27593836,74.8,74.5
Nevada,114.2879268,97.79910978,0.8571432685,25–7,25,32,53.3,48.2,46.2,34.3,15,17.3,27.5,27.2,67,52.6,49.1,36.5,31.3,11.2,6.7,58.1,54.9,33.6,41,67.8,,,,2024,,,10,2.740336889,72.3,69.7
New Hampshire,98.5019868,106.1924646,0.2963939812,15–15,15,30,47.9,50.5,29.8,27.5,16.6,16.4,23.5,25.5,72.9,48.1,53.5,31.8,30.5,5.4,13.2,44.7,50.5,43.7,38.4,72.3,,,,2024,,,,-9.338314328,74.3,73
New Mexico,114.5259743,95.4279499,0.8907034349,25–9,25,34,51,48,33.1,33.5,13.9,19.5,33.4,27,72.4,51.4,49.2,33.4,30.6,13.5,9.6,49.3,54.2,29.8,36.6,73.8,,,,2024,,,,1.705610996,71.8,74
New Mexico St.,99.19593501,107.5030199,0.2839703201,9–19,9,28,46.9,50.9,32.7,44.8,17.7,15.8,25.4,29.6,68.1,47,50,31.2,34.7,8.9,7.2,45.1,56.3,34.6,42.4,67.1,,,,2024,,,11,-12.48270737,68.4,70.6
New Orleans,98.46172096,114.0978274,0.1551238563,6–23,6,29,45.5,54.4,39.2,38.7,17.3,19.1,28.4,34.9,72.1,45.5,54.9,30.2,35.5,8.8,9.7,45,54.7,29.3,31.7,72.2,,,,2024,,,,-17.9144468,70.8,72.5
Niagara,102.2321053,111.7228535,0.2648485478,15–16,15,31,52,52.2,36,30.7,17.4,16.5,23.4,26.8,67.7,51.2,52.1,35.9,35,5.2,8.9,48.6,41.3,31.8,27.6,68.2,,,,2024,,,,-12.35553688,74.8,71
Nicholls St.,103.3912814,109.4635348,0.3415679601,17–14,17,31,51.5,49.8,37.6,39.4,19,16.4,27.6,32.2,67.5,48.9,50.7,36.8,32.1,10.7,11.5,46,50.7,40.3,36.3,67.2,,,,2024,,,,-7.944660984,72.7,68.5
NJIT,97.74591438,113.3901352,0.1535110706,6–21,6,27,44.6,52.4,31.2,39.7,16.4,16.6,28.3,32.9,68.3,44.7,52.3,29.6,35,8.8,9.9,43,53.8,39.2,35.8,67.4,,,,2024,,,,-16.71516655,70.7,69.6
Norfolk St.,101.968902,107.7696685,0.3460887923,18–11,18,29,49.1,49.8,42.8,44.5,18.6,22.3,31.2,31.6,67.4,49.1,48.4,32.7,34.3,10.7,8.7,46.7,61.9,32.5,45.3,67.4,,,,2024,,,,-6.917683541,73,73.9
North Alabama,103.9557757,112.0481961,0.2969048418,13–17,13,30,49.8,51.5,32.9,40.9,14.6,14.2,27,27.8,68.6,47.9,50.6,35.6,35.4,8.1,9.4,40.6,47,34.6,34.8,68.7,,,,2024,,,,-11.97183787,77.2,71.8
North Carolina,117.0829193,93.4215546,0.9306194226,27–7,27,34,51.3,46.4,36.8,28.3,14.4,14.9,32.8,23.5,71.4,50.3,46,35.4,31.4,10.2,9.6,51.5,40.6,35.9,36.1,71.4,,,,2024,,,1,6.553276691,75.4,74.4
North Carolina A&T,96.14412875,114.7210602,0.1159315112,7–25,7,32,43.9,54.5,34,29.5,13.8,15.9,24.3,34,68,44.4,55.5,28.7,35.2,8.6,9.4,44.9,52.7,35.7,37.2,68.9,,,,2024,,,,-19.00136362,71.3,68.2
North Carolina Central,103.2123093,111.4287324,0.2929982378,14–13,14,27,49.8,49,40.4,37.1,17.8,18.1,31.3,33.7,67.2,49.8,51.5,33.2,29.7,6.7,10,45.4,52.7,37.9,36.7,67.4,,,,2024,,,,-9.546679225,69.7,72.4
North Carolina St.,113.4282415,100.9663598,0.792227465,22–14,22,36,50.7,50.5,32.5,31.9,13.7,17.9,28.6,29.3,68.9,50.1,49.5,34.6,34.9,9.3,7.7,46.1,48.4,33.5,35.3,68.9,,,,2024,,,11,-0.5813072001,73.4,73.2
North Dakota,104.2621617,109.98104,0.3511258781,15–14,15,29,50.2,52.4,32.2,29.6,15,15.3,30.7,26.1,67.8,51.5,52.2,32.3,35.2,7.5,5.8,43.5,40.1,41.8,33.9,67.6,,,,2024,,,,-9.991821077,70.4,74.2
North Dakota St.,103.8566434,111.3038972,0.3107946921,12–17,12,29,53.3,53.7,30.3,28.5,16.8,13.2,24.3,24.7,66,51.4,52.8,37.7,36.8,3.2,10.6,42.4,42.1,35.9,34.7,66.6,,,,2024,,,,-11.8830547,72.5,74
North Florida,105.6345513,111.7368098,0.3439258171,13–16,13,29,53.6,52.6,28.3,33.7,16.3,14.4,23.5,29.9,68.7,53.3,52.3,35.9,35.5,8.5,10.6,44.9,43.5,54.7,29.9,68.1,,,,2024,,,,-11.45031061,78.1,73
North Texas,109.534754,97.37865472,0.7945871454,16–14,16,30,50.8,47.5,29.1,40.3,17.8,19.6,33.9,31.9,62.7,47.2,46.8,37.7,32.5,9.2,11.2,43.8,46.3,38.9,36.1,62.3,,,,2024,,,,-5.814855105,74.2,70.1
Northeastern,105.8970284,109.7685077,0.3982110813,12–20,12,32,51.2,53.8,29.8,28.3,18.9,17,31.8,27.7,65.8,53.3,52.3,31.8,37.5,9.8,8.4,53.7,51,36.1,38.8,66.7,,,,2024,,,,-14.08421271,74.8,76.1
Northern Arizona,97.66973951,110.5722101,0.1935844049,14–19,14,33,49.3,52.9,31.1,37.4,18.1,16.7,24.1,31.1,69.1,50.7,55.4,31.2,32,8.1,7.8,53.8,47,35.2,34,69.2,,,,2024,,,,-13.46486924,69.6,71.6
Northern Colorado,107.9842503,111.7743689,0.4021020355,17–13,17,30,55.7,53.1,28.1,29.4,15.7,15.5,24,25.4,70.1,56.7,52.7,36,35.8,6.7,7.8,49.9,46.8,35.8,40,70.9,,,,2024,,,,-8.9601178,72.6,76.1
Northern Illinois,102.2425582,112.5015658,0.2498111054,9–20,9,29,49.8,52.9,36.2,34.7,18.1,14.3,28,31.2,69.2,50.2,51.8,32.7,36.7,12.2,7.1,39.7,53.3,39.1,35.8,69.2,,,,2024,,,,-14.15480788,68.2,68.1
Northern Iowa,109.1760868,102.5292141,0.6731274237,18–14,18,32,51.6,52.2,37.4,30.5,15.2,16.5,23.9,22.5,67.6,51.9,52,34.1,35,7.4,8.5,48.4,45.4,36.8,41.1,67.5,,,,2024,,,,-5.034373582,71.4,77
Northern Kentucky,102.0755318,105.0643255,0.4177815575,16–15,16,31,50.6,51.3,35.1,28.8,17.3,20.1,29.4,32.6,69.3,52.2,54.5,31.6,31.2,7,9.5,50.8,55.2,33.5,41.6,68.9,,,,2024,,,,-9.520553596,71.7,73.2
Northwestern,116.4855333,99.57337637,0.858638923,21–11,21,32,53.2,51.6,29.9,39.4,13.3,18.8,25.7,28.2,64.6,49.7,50.3,39.4,35.9,9.9,10.3,59.6,58.7,36.8,36.9,64.7,,,,2024,,,9,1.495512746,74.8,72
Northwestern St.,97.27872085,111.5828158,0.1711288302,7–23,7,30,47.7,51.9,36.7,41.4,19.3,18.5,29.8,34.1,68.8,48,53.8,31.3,32.6,8.5,11.7,45.5,50.6,34.4,37.2,68.5,,,,2024,,,,-18.31363626,66.2,70.2
Notre Dame,101.2146135,98.04451901,0.5904793226,13–20,13,33,47.6,48.2,27.9,27.4,19.1,15.2,28.4,26.7,64.8,47.5,47.8,31.8,32.5,6.6,11.6,45.1,50.2,43.3,36.8,65.2,,,,2024,,,,-7.759910158,74.4,71.8
Oakland,108.0497986,105.0125355,0.5812467777,23–11,23,34,52.1,50.6,30.9,26.8,16.2,16.3,30.6,28.6,68.2,51.8,50.5,35.1,33.9,7.9,8,53.3,62.4,40.8,40.7,67.8,,,,2024,,,14,-4.19133645,75.8,73.5
Ohio,107.8880308,106.4835102,0.5376022878,19–13,19,32,52.2,49.2,32.1,34.7,14.1,19.2,28,31.9,68.2,51.9,48.4,35.1,33.8,9.8,10.4,50.4,44.9,41.4,37.1,68.3,,,,2024,,,,-9.126416539,72.9,70.1
Ohio St.,115.9807876,98.70006884,0.8647595814,20–13,20,33,51.2,48.2,33.9,31.1,15.6,15.9,31.4,29.2,66.7,51,46.4,34.3,34.7,11.2,7.4,50,45.9,35.1,33.1,66.4,,,,2024,,,,-0.234219709,76.6,70.9
Oklahoma,113.4057493,97.19466913,0.8549477792,20–12,20,32,53.1,47.4,37.7,31.1,18.1,16.5,30.1,26.2,68.5,53.9,48.9,34.5,29.9,8.7,10.3,50.9,48,38.5,35.7,68.1,,,,2024,,,,1.164485062,74.3,76
Oklahoma St.,108.2200235,101.5163491,0.675985927,12–20,12,32,51.3,51.3,34,27.6,18.8,16.8,27.5,28.5,68.1,52.2,51.5,33.4,34,7.3,9.6,54,45.7,43.2,32.9,68.1,,,,2024,,,,-7.533288977,69.7,73.8
Old Dominion,98.33346037,108.2595132,0.2486324619,6–25,6,31,47.6,51.3,27.1,39.7,15,18,25.2,31.2,71.2,47.5,50,31.8,35.5,11.1,10,38.8,57,35.1,42,70.8,,,,2024,,,,-19.27638547,66.2,72.3
Oral Roberts,103.2007273,111.4652841,0.2919506904,9–19,9,28,51.1,51.4,26,32.3,14.2,14.5,20.9,30.6,68.4,49.1,50,36,35.8,9.3,7.6,40.6,49.6,42.1,38.5,68.6,,,,2024,,,,-13.43798846,75.4,73.5
Oregon,113.5093331,99.95726094,0.811859326,23–11,23,34,51.8,51.5,32.3,32.8,14.8,17.9,28.7,27.1,68.6,52.7,51.6,33.6,34.3,9.8,9.3,50.7,50.1,36.7,36.2,68.1,,,,2024,,,11,1.424348593,71.5,72.2
Oregon St.,105.9363566,104.3619726,0.5429417366,12–19,12,31,49.8,51.3,35.6,35.9,18.3,16.8,26.2,31.1,66.1,49.9,52.3,33.1,33.2,10.7,8.4,45.9,55.2,34,37.9,66,,,,2024,,,,-7.693994084,73.7,71.2
Pacific,94.8427358,115.8472194,0.09107331233,4–26,4,30,46.5,56.3,37.1,36.4,16.9,16.1,18.8,33.2,69.1,46,58.2,31.5,35.7,5.5,9.7,58.6,51.3,36.3,39.7,69.3,,,,2024,,,,-19.11592518,64.6,73.2
Penn,108.553553,110.8504208,0.4400921186,9–18,9,27,51.9,54,27,26.7,16.7,14,29.1,26.6,66.1,51.2,53.9,35.3,36.1,6.4,9.2,52.9,56.4,43.1,43.7,66.5,,,,2024,,,,-11.203594,68.5,71.6
Penn St.,110.2093156,99.89240859,0.7558959083,16–17,16,33,50.3,50.2,35.3,36.3,15.7,20.7,26.8,32.2,70.3,50.5,52.5,33.4,30.3,8.8,8.7,48.7,56.7,39.2,32.8,70.8,,,,2024,,,,-4.621214074,74.7,76.7
Pepperdine,105.6468388,108.2944929,0.4293132731,11–20,11,31,50.8,54.7,32.6,33.9,16.4,16.9,28.5,25.9,68.5,49.5,53.4,35.6,38.4,7,6.2,49.9,50.4,32.4,31.6,68.5,,,,2024,,,,-12.12153105,69.9,72.4
Pittsburgh,114.8426844,98.83138689,0.8489900755,22–11,22,33,51.6,49,30.5,30.5,13.4,16.6,31,23.8,67,50,50.8,35.7,30.8,13,10.3,51.8,51.5,44.4,38.6,66.8,,,,2024,,,,0.3016044071,70.8,76
Portland,103.308253,112.2146545,0.2786821944,10–21,10,31,50.5,55.3,31.7,22.6,17.1,13.2,23.6,28.8,68.3,49.9,53.9,34.1,38,5.7,8.8,53.1,58,44.5,45.1,68.6,,,,2024,,,,-13.26281889,71.4,70.9
Portland St.,98.74059005,104.9138331,0.3323894711,14–15,14,29,46.8,52,34.3,34.7,16.4,18.6,29.8,28.3,69.1,45.6,51.1,32.4,35.6,8.6,9.8,43.2,54.2,37.6,38.2,70.2,,,,2024,,,,-10.8858415,68.8,69.5
Prairie View A&M,93.48196912,111.6955494,0.1143462141,8–21,8,29,45.6,53.7,36.9,46.6,17.7,22.6,26.5,35.2,72.2,45.6,54.1,30.4,35.2,7.7,9.9,48.5,50,26.4,32.9,71.8,,,,2024,,,,-16.02934249,71.6,70.3
Presbyterian,101.1952124,111.7108255,0.2428872293,11–18,11,29,51.3,52.6,37.3,43.1,17.1,17.6,26.3,27.8,68.6,52.1,52.7,33.1,34.9,8.9,9.9,47.5,45.5,32.9,35.7,68.4,,,,2024,,,,-14.02698223,66.6,72.5
Princeton,115.5987776,105.1622515,0.748031531,22–4,22,26,54.6,51.4,29.2,24.7,12,16.7,24.2,24.8,65.4,56.3,52.9,35.3,32.7,4.4,9.8,52.7,49.8,50.3,39.3,65.8,,,,2024,,,,1.153110454,80.5,72.4
Providence,108.1467927,94.61399627,0.8230816242,21–13,21,34,51.7,47.5,32.2,27.9,17.5,17.1,27.1,27.7,68.6,53.7,45.6,32.8,34.2,11.7,9.2,53.8,43.8,44.3,34.5,68.8,,,,2024,,,,0.7588015233,71.9,72
Purdue,126.1829605,94.03165862,0.9671425096,29–4,29,33,56,47.7,42.8,23,16.5,14,37.4,24.7,69,53.2,48.1,40.8,31.4,9.6,6,64.5,55.1,35,37.2,68.6,,,,2024,,,1,11.0168331,72.1,72.4
Queens,103.0961764,111.0707925,0.2980056662,12–19,12,31,49.9,54.1,33.7,29.4,15.7,15.4,27.6,29.5,73.4,50.1,55.8,33,34.2,6.7,12.9,45.5,41.4,40.8,36.7,73.7,,,,2024,,,,-13.46582448,71.1,72.3
Quinnipiac,105.0725183,105.3593142,0.4921640048,23–9,23,32,50.6,48.8,30.6,29.5,16.9,17.6,31.5,28.3,71.5,49.8,47.5,34.7,34,9.1,10.1,50.7,51.6,34.1,36.8,72.1,,,,2024,,,,-5.312218246,77.7,70.6
Radford,107.262362,110.4837074,0.4157395477,14–17,14,31,50.8,50.9,28,31.7,16.2,15.8,30.7,34,65.1,49.4,52.4,35.7,32.4,9.8,7.1,41.1,47.1,34.2,39.7,64.5,,,,2024,,,,-11.09255542,73.3,71
Rhode Island,106.6365879,109.0129683,0.4369715724,11–20,11,31,51.5,52.6,39.4,30,18.5,13.1,29.1,28.2,69,51.1,52,34.9,35.7,8.1,12.1,49.6,53.7,33.4,39.5,69.6,,,,2024,,,,-11.98942166,64.7,67
Rice,106.2808525,108.908081,0.4302528654,10–21,10,31,50.5,52.6,29.9,27.4,17.3,14.8,28.5,29.5,67.6,50.9,50,33.2,37.9,10,9.9,54.6,54.3,39.4,38.3,66.8,,,,2024,,,,-12.9388036,69.5,74.2
Richmond,107.2213359,96.86886789,0.7627247432,23–9,23,32,53,46.7,28.1,26.5,12.8,17.2,17,26.6,67.6,52,46.6,36.5,31.3,8.5,7.8,49.5,47.6,35.3,40.9,67.8,,,,2024,,,,-0.7510485466,73.3,72.4
Rider,101.8262718,107.3263678,0.353207125,14–17,14,31,47.7,49.2,31.9,36.5,17.9,16,31.4,29,68.5,46.6,47.7,33.7,34.4,10.3,8.1,51.1,51.9,28.1,38.2,68.8,,,,2024,,,,-10.98217969,75.3,69.5
Robert Morris,100.4213355,112.9554741,0.2054425785,8–22,8,30,50.3,53.3,28,36.8,20,15.8,33.2,29.5,68.5,50,54.3,33.8,34.3,7.4,7.7,52.1,50.8,42.6,34.8,68,,,,2024,,,,-17.18625913,71.9,73
Rutgers,98.32581339,91.55853222,0.6942455645,15–17,15,32,43.5,47.2,32.9,34.3,16.6,21.7,30.2,31.3,68.6,43.7,46,28.7,32.7,15.3,10.1,50.1,54.7,31.7,39.4,68.8,,,,2024,,,,-3.456771289,65.8,70
Sacramento St.,97.66397172,109.8421025,0.2056450909,8–24,8,32,48.7,54.1,32.9,32.7,22.8,15.6,34.1,25.8,64.8,48.7,55.1,32.4,35,8,9.9,53.9,52.9,41.2,38.6,64.9,,,,2024,,,,-18.95454033,71.9,72.6
Sacred Heart,100.6244086,111.1799854,0.2410029949,14–16,14,30,51.5,51.6,31.7,31.9,17.1,20.1,25.9,32.6,70.2,50.2,50.6,35.9,35.3,14.2,8.9,50.4,58.8,34.1,41.6,70.2,,,,2024,,,,-12.72145115,69.9,67.5
Saint Joseph's,110.7223998,101.6539486,0.7276427327,21–13,21,34,53,49,29.5,29,16.4,17.6,29.3,29.1,68.6,52.7,48.5,35.6,33.1,11,12.7,55.1,55.1,47.5,42.4,69.3,,,,2024,,,,-4.447946248,72.6,71.7
Saint Louis,110.7946116,112.1163342,0.4659584379,12–20,12,32,51.5,54.3,36.3,35.3,16.8,14.2,26.1,28.5,69.4,49.6,53.9,36.4,36.6,8.8,11.3,50.9,50.4,37.8,42.4,70.3,,,,2024,,,,-10.85758564,75.6,73
Saint Mary's,114.8704977,93.5112492,0.9141836489,25–7,25,32,53.1,45.1,28.3,32.2,16,16.7,39,22.4,63.3,53,43.6,35.5,32.4,10.1,7.4,58.3,47.7,36.7,29,63.1,,,,2024,,,5,1.417735198,67.4,71.1
Saint Peter's,97.25818619,100.550345,0.4054449976,18–13,18,31,45,46.6,38.1,42.3,19.6,20.3,35.1,29.4,65.4,42.4,46.4,33.9,31.5,12.8,10.6,49,49.7,31.1,34.5,65,,,,2024,,,15,-8.772188168,71.9,70.5
Sam Houston St.,104.8795969,102.532231,0.5647129092,19–12,19,31,48.6,49.8,34.7,37,18.8,19,32,27,68.8,46.5,50.5,35.1,32.5,6.4,10.8,49.9,51.7,35,39.3,68.7,,,,2024,,,,-5.741323091,72.1,68.7
Samford,112.1239639,102.7310474,0.7322646513,27–5,27,32,56.9,50,36.4,37,18.1,21.7,30.2,32,73.7,55.5,49.5,39.3,33.9,10.7,10.6,57.4,53.5,40.9,40.1,73.6,,,,2024,,,13,0.06298710299,72.6,69.1
San Diego,99.94256833,106.159386,0.3331487608,16–15,16,31,49,52.5,32,38.6,18.3,18.1,27.1,31.8,72,47.4,53.7,34.8,33.9,10.3,8.9,50.8,62.3,34.1,39.8,72.1,,,,2024,,,,-7.845081655,72.1,70.1
San Diego St.,111.8725993,94.163775,0.8788664593,22–10,22,32,49.8,47.2,37.5,33.3,16,18,32.7,28,67,51.6,48.3,31.3,30.5,11.9,8.9,50.8,48.6,37.8,40.5,67.1,,,,2024,,,5,2.572644912,72.9,70.1
San Francisco,109.0972835,98.09177381,0.7725681492,22–10,22,32,55.2,49.5,23.7,38.5,16.8,19.8,29.3,24.2,68.1,57.1,48.5,34.9,34.2,10.4,5.6,54.4,48.8,40.3,37.5,68,,,,2024,,,,-2.393211218,76.1,69.5
San Jose St.,105.3974204,108.9742979,0.4052107638,8–23,8,31,51.4,54.4,22.4,35.9,15.6,15.9,22.4,30.2,65.9,51.5,52.3,34.2,38.9,8.8,8.8,51.4,55.5,42,35.1,66.7,,,,2024,,,,-13.7671615,69.9,69.5
Santa Clara,108.4307118,103.5158586,0.6302863043,19–13,19,32,52.3,48.4,31.6,33.3,18.2,14.4,34.1,26.1,69.7,52.6,48.9,34.5,31.7,7,6.9,54.2,48.6,38.5,37,70,,,,2024,,,,-3.831786827,71.4,70.4
Seattle,103.9647634,99.77061508,0.6162238281,18–14,18,32,50.7,46.4,34.2,37.2,18.5,17.3,29.4,26.1,68.3,50.1,47.4,34.3,29.7,8,9,51,48.2,38.1,33.7,67.7,,,,2024,,,,-8.367881254,73.4,70.3
Seton Hall,111.9298123,98.54047904,0.8123194985,20–12,20,32,49.8,49.5,32.5,27.4,18.8,17.8,35.9,29.3,67.1,50.1,48.5,32.7,33.8,13.6,11.2,48,56.5,30.4,42.1,67,,,,2024,,,,0.9484155772,77.3,76.3
Siena,90.33725421,112.1066151,0.07706890829,4–28,4,32,44.7,51.8,30.8,28,23.4,14.8,33.2,31.2,67.1,46.1,51.3,28,35.2,10.3,9.3,48.7,50.1,34.3,34.1,66.9,,,,2024,,,,-23.61796006,66.6,72.7
SIU Edwardsville,100.4053356,109.8710475,0.2619112477,14–16,14,30,47.2,51.1,31.9,37.2,15.6,17.4,30.1,28.2,67.4,46.2,49.2,32.5,36.2,11.3,10.1,42.5,53,36.8,37.5,67.8,,,,2024,,,,-11.97235977,72.7,71.8
SMU,110.9472261,98.44612596,0.7981496825,19–12,19,31,50.8,46.7,28.3,33.1,16.6,18.9,38.5,31.3,68.3,50.5,46.1,34.3,31.8,13.4,12.9,56.1,55.2,35.7,36.8,68.4,,,,2024,,,,-4.304609125,68,71
South Alabama,103.1862113,107.9642521,0.3727243771,14–15,14,29,50.9,50.7,31.6,33.9,16.3,16.7,22.8,31.8,69.7,50,52.3,35.1,31.9,6.8,11.4,40.3,45.6,36.1,36.1,69,,,,2024,,,,-10.05019046,74.8,69.1
South Carolina,114.2046809,99.23414372,0.8342242943,26–7,26,33,50.8,48,31.8,30.8,15.5,14.9,33.1,28,64.7,51.1,46.8,33.5,33.6,8.2,13.4,60.2,47.3,41,31.2,64,,,,2024,,,6,4.746056498,71.4,73
South Carolina St.,98.30117692,109.66494,0.2213135905,12–18,12,30,45.7,52.2,36.5,49.2,21.3,21.8,37.7,31,70.1,44.5,53.3,32.3,33.6,9.6,9.7,53.6,57.9,31.9,38.3,69.7,,,,2024,,,,-12.90744553,69.6,74
South Dakota,102.6452779,116.0670437,0.1957264004,9–20,9,29,51.9,53.1,30.5,27.3,18.3,11.7,27.5,28.6,69.6,49.6,52.3,37.6,36.2,4.1,9.2,44.5,46.9,34.5,38.3,69.8,,,,2024,,,,-16.35953523,75.1,73
South Dakota St.,107.9056863,105.1088115,0.5749330097,19–12,19,31,55.3,50.8,30.4,27.4,16.4,16.5,24.4,25.3,68.2,55.9,49,36.2,35.2,9.7,8.7,46.4,47.5,40.2,47.1,68.9,,,,2024,,,15,-7.429766437,71.6,74.3
South Florida,108.8543973,101.1792948,0.6986433693,24–7,24,31,51.8,47.6,37.7,34.8,15.4,18.6,28.2,30.5,69,49.5,48.2,36.6,31.1,9.8,8.9,59.3,51.6,42.4,37.6,68.9,,,,2024,,,,-0.7428166855,73.5,67.2
Southeast Missouri St.,90.28013387,112.1208525,0.07644994461,5–22,5,27,45.1,52,27,44.2,17.3,17.2,24,29.5,70.3,45.1,54,30,31.5,6.6,9.2,47.8,48.1,33.5,30.5,70.2,,,,2024,,,,-18.27847537,68.4,71
Southeastern Louisiana,98.09942588,109.6733652,0.2171185413,12–17,12,29,48.4,51.3,35,30.2,20.9,17.3,30.7,30.3,66.4,46.6,52.2,34.1,33.4,7.5,9.2,60.3,61.1,38.6,44.8,65.7,,,,2024,,,,-11.69242822,74,73.1
Southern,97.40178456,103.1404479,0.3411122376,15–14,15,29,49.4,50.4,35.6,46.2,20.1,22.1,26.5,30.8,69.5,49.9,51.5,32.5,32.2,10.2,9.4,54.8,55.9,38,35.6,68.6,,,,2024,,,,-8.160755917,66.7,72.2
Southern Illinois,108.9639223,102.9500163,0.6576619498,18–13,18,31,52.5,50.1,35.9,36.5,16.8,16.2,26.1,25.6,65.3,53.4,52.1,34.3,30.4,8,11.7,58.1,44,43.8,30.5,65.2,,,,2024,,,,-6.306967417,77,71.2
Southern Indiana,95.53225851,110.8710216,0.1528538242,5–24,5,29,45.6,49.5,37.6,48.6,19.4,16.6,27,28.5,69.7,44.5,49.3,31.6,33.3,7.9,9.6,48.5,51.5,36.3,37.5,70,,,,2024,,,,-19.16633373,74.4,73.9
Southern Miss,100.1703063,106.9606545,0.3198902121,14–16,14,30,48.4,50.5,37.9,33,18.5,17.2,28.9,30.5,69.2,47.2,48.9,33.8,35.7,12.7,7.5,48.5,46.8,33.6,34.5,68.7,,,,2024,,,,-10.93924206,70.8,67.7
Southern Utah,104.5788989,111.7072162,0.3190145266,8–21,8,29,48.4,52.6,36.2,32.2,16.9,17,27.9,33,70.8,50.8,53,29.4,34.3,6.9,8.9,46,46.3,35,27.2,70.5,,,,2024,,,,-15.28800931,72.8,71.4
St. Bonaventure,111.3280552,103.3926001,0.700651225,20–13,20,33,52.3,51.1,32.2,33.9,16.2,19.2,29.7,28.5,66,50.8,51.8,36.5,33.5,12,8.2,48.3,58,36.7,40.7,66.4,,,,2024,,,,-4.783045245,77.4,69.5
St. Francis PA,93.16014911,117.4844774,0.06489786842,6–22,6,28,47.2,53,32.6,35.4,21.2,17.1,32.9,31.3,66.4,45.7,52.9,33.2,35.4,10.1,11.8,52.6,52,35.1,37.1,66.4,,,,2024,,,,-18.61274096,60.6,70.3
St. John's,118.6481211,98.24825806,0.8974901447,20–13,20,33,50.9,49.5,27.3,34.4,15.7,18.5,38.6,30.3,69.6,50.8,47.9,34.1,35,14.8,7.6,53.4,53.9,32.5,35.9,70.2,,,,2024,,,,0.3150583955,72.8,74.4
St. Thomas,107.0672913,104.5888065,0.5669312192,17–13,17,30,54.4,52,29.4,29,14.8,18.5,24,25.5,63.4,55,52.8,35.7,33.8,6.3,8.2,50.9,48,46,39.6,63.9,,,,2024,,,,-9.11335598,72.4,73.9
Stanford,110.0975715,102.6761329,0.690520513,14–18,14,32,54.3,51.9,28.6,25.3,17.8,15.5,23.2,27.3,70.9,53.6,50.9,36.9,35.7,7.9,7.9,57.9,45.7,41.1,37.6,70.5,,,,2024,,,,-7.031993731,72.8,68.5
Stephen F. Austin,100.2717531,101.7065442,0.4592437253,16–15,16,31,49.4,49.6,42.2,47.4,21.9,22.9,33.3,30.4,70.8,49.2,46,33.2,37.1,8.3,9.8,48.4,54.9,32.1,36.6,70.3,,,,2024,,,,-9.570575155,70.5,72.2
Stetson,108.6577931,114.1431857,0.3620730453,19–12,19,31,53.4,52,31.7,25.9,15.8,13.5,27.5,31.2,66.7,52.5,52.2,36.5,34.5,7.8,8.1,48.7,49.5,41.8,37.4,66.9,,,,2024,,,16,-6.805559805,76.3,73.3
Stonehill,90.39142677,113.8519409,0.06576635013,3–27,3,30,46.7,52.7,22.6,29.4,19.5,16.6,22.5,31,69.4,47.9,51.7,30.1,35.9,7.2,13.9,51.7,60.8,47,46.2,69.1,,,,2024,,,,-21.96027179,69.7,73.9
Stony Brook,106.0229109,106.337525,0.4914821354,19–15,19,34,50.3,50,29.2,27.4,15.1,15.2,26.6,29.3,67.4,48.6,48.4,35.5,34.8,9,6.5,45.8,57.5,36.8,42.3,68.3,,,,2024,,,,-7.854243259,74.4,69.2
Syracuse,110.4023298,100.0614267,0.7560215885,19–12,19,31,51.3,52.8,34.1,26.6,15.9,20.1,24.1,31.8,71.9,51.9,53.2,33.4,34.7,10.4,7.4,49.7,50.3,33.7,37,71.7,,,,2024,,,,-0.2604898041,72.1,72.6
Tarleton St.,106.743175,105.7145829,0.527809515,20–9,20,29,49.7,50.5,30.6,35.8,16.9,20.1,30.4,33.7,67.6,49.5,50.5,33.4,33.6,10.3,8.7,49.9,48.3,29.7,36.4,67.3,,,,2024,,,,-3.024091297,76.5,70.3
TCU,114.6657387,97.60622871,0.8644109423,21–12,21,33,51.9,50.3,35.1,35.7,17.9,20.8,35.5,28.6,70.6,51.2,50.9,35.6,32.8,10.2,8.7,59.5,56.4,30.2,35.2,70.9,,,,2024,,,9,1.330858342,73,69.9
Temple,101.9626651,104.2727091,0.4359454245,15–20,15,35,46,50.4,32.1,36,14.1,17,28.2,29.7,67.7,44.9,51.3,31.7,32.6,8,10.5,45.6,54.4,42.1,38.6,67.7,,,,2024,,,,-11.66715591,70.9,72.3
Tennessee,115.6001161,91.25044842,0.938201411,24–8,24,32,51.5,45.4,34.3,35.8,14.6,18.9,32.4,28.6,70.6,51.6,44.3,34.2,31.4,13.6,8,61.2,49.5,41.3,41.4,70.2,,,,2024,,,2,5.757215977,74.9,70.7
Tennessee Martin,104.8136736,110.7907721,0.3457482369,17–11,17,28,50.5,49.3,32.8,24.6,15,13.2,27,26.3,73.2,48.2,49.4,36.2,32.8,7.1,10.8,44.7,50.2,38.1,41,73.7,,,,2024,,,,-6.918573469,77,71.6
Tennessee St.,98.24070272,108.003116,0.2517117266,14–15,14,29,48.8,48.8,38.1,44.3,19.7,18.6,28.4,32,69.1,49.8,48.6,31.3,32.7,8.6,10.9,47.7,50.1,35.9,34.3,69.3,,,,2024,,,,-11.39656896,76.5,72.7
Tennessee Tech,94.73117159,113.1910765,0.1143160089,7–21,7,28,49,52.5,31,24.6,17.8,15.4,18.9,28.1,66.9,49.2,52.7,32.3,34.8,7.1,9.5,46.8,54.7,34.1,37.7,66.6,,,,2024,,,,-17.24530085,71.4,78.2
Texas,118.5560423,98.27243855,0.8964033039,20–12,20,32,53.7,49,30.4,35,16.6,18.6,30.5,30,68.2,53.4,47.4,36.1,34.8,11.7,9,56.5,47.1,34.9,32.4,68.2,,,,2024,,,7,1.220824872,75.7,71.9
Texas A&M,115.1894511,99.53263144,0.8429131698,20–14,20,34,45.4,50.1,38.2,31.2,14.2,16.9,41.9,28,67.4,47,49.5,28.4,33.9,8.9,13.6,44.5,59.9,38.1,44.9,66.5,,,,2024,,,9,0.250940842,70.9,70.7
Texas A&M Commerce,94.48050561,111.1519443,0.1336802855,10–20,10,30,46,52.4,30.8,39.2,16.7,18.3,24.3,33.1,67.9,47.6,52.4,29.4,35,11.4,11.3,52.6,51,46,30.4,67.1,,,,2024,,,,-13.94267363,69.2,71.8
Texas A&M Corpus Chris,99.7435641,101.6585854,0.4455416826,17–11,17,28,46.8,47.6,35.9,47.9,17.8,19.8,33.6,25.1,70.1,47.4,48.2,30.4,31,8.2,10.6,52.4,49.8,29.4,36,69.7,,,,2024,,,,-6.378195952,71.8,71.4
Texas Southern,97.19435528,106.4193254,0.2606183084,15–16,15,31,46.9,48.2,31.5,40.4,18.3,18,30.2,30.8,69.1,47.1,47.9,31.1,32.4,10,9.1,46.5,53.2,38.9,36.1,68.5,,,,2024,,,,-10.60832334,72.1,70.9
Texas St.,98.87816482,102.0978365,0.4089045714,15–18,15,33,47.1,49.7,37.8,38.3,19.9,18.6,31.2,29.4,68,47.1,50.6,31.4,32.1,9.1,9.4,44.9,48.2,24.3,35.4,67.3,,,,2024,,,,-10.34367254,69.4,72.5
Texas Tech,117.5742262,98.74820509,0.8814999037,23–10,23,33,52.8,49.1,34.6,26.6,16.5,17,30.2,30.3,67.2,51.5,49.6,36.5,32.1,7,10.1,55.9,46.8,41.1,39,67.4,,,,2024,,,6,3.407821673,77.8,71
The Citadel,101.1635057,109.6032427,0.2846559895,8–21,8,29,50.6,53.5,33.7,22.5,18,16.1,27.3,26.8,66.4,51.3,54.1,32.8,35.2,7.5,11.3,43.9,55,33.3,39.9,66.3,,,,2024,,,,-15.73401716,70.7,73
Toledo,111.6081642,109.6745445,0.5500776553,20–12,20,32,53.3,54.5,35.4,26.3,15.1,18.5,29,28.5,70.2,52,56.4,37.7,34.2,5.3,9.5,45.3,46,28.6,37.2,70.2,,,,2024,,,,-6.35367052,75.4,72.4
Towson,102.5566263,100.7746669,0.5502233298,19–14,19,33,47.3,48.3,34.7,31.7,19.2,16.9,39.8,27.2,62.9,46.4,47.4,32.8,33.3,12.3,9.2,46.2,47.1,34.1,36.9,63.1,,,,2024,,,,-7.263029616,65.9,69.6
Troy,106.4315699,102.2767708,0.6125220835,17–12,17,29,50.1,49.8,41.3,39.8,19.6,20.8,34.8,30.7,70.5,48.2,47.7,35.3,35.9,8.5,11.9,49.9,44.7,40,33.7,70.6,,,,2024,,,,-7.319348068,73.1,70.7
Tulane,109.8828722,107.3602377,0.5663780711,13–17,13,30,54.1,51.1,45.5,32.7,15.1,17.3,20.5,32.7,73.2,54.5,50.2,35.5,34.9,11.4,9.6,50.4,57.2,35.7,42,73.8,,,,2024,,,,-9.434819263,73.1,71.4
Tulsa,101.432711,104.0746194,0.4266105099,15–15,15,30,50.3,49.7,40.6,35.1,18.2,18.1,24.4,30.4,71.3,51.7,50,32.1,32.7,8.4,7.3,49.9,53.1,41.2,38.7,71.4,,,,2024,,,,-9.23385846,73.8,69.4
UAB,112.3568821,106.9890897,0.6371380696,22–11,22,33,50.1,51,40.5,31.4,16.7,16.1,35.3,31,68.7,50.4,50.2,33.1,35,12.3,10,49.6,48.9,31.3,36.7,68.7,,,,2024,,,12,-2.740514487,74.3,72.2
UC Davis,102.0608222,101.5098718,0.515557004,18–13,18,31,50.2,49.1,38.2,38.4,19.3,20.9,28.6,30.6,67.8,50.8,49.1,32.9,32.7,9.6,8.2,51.1,48.6,37.4,33.1,68.1,,,,2024,,,,-8.335483539,75.1,73.8
UC Irvine,107.8580091,98.83441408,0.7319919152,23–9,23,32,52,45.9,34.6,35.5,17,17.5,31.3,27.7,69.5,51.9,44.2,34.9,33.3,8.2,8.5,54.9,48.2,27.8,30.4,69.4,,,,2024,,,,-2.64944442,75.5,71.1
UC Riverside,102.914167,108.303917,0.3573168011,14–18,14,32,46.3,52.3,28.6,34.8,14.3,15.8,29.8,25.3,67.4,44.6,52,32.3,35.3,3.4,10.2,52.4,52.2,42.2,33.3,67.8,,,,2024,,,,-11.73033777,71.4,71.3
UC San Diego,110.4974444,106.3090352,0.6093032264,19–11,19,30,52.1,50.3,32.5,29.4,14.3,17,27.5,27.9,66.4,52.3,50.2,34.5,33.7,7.2,11.2,46.9,49.6,41.9,35.1,66.3,,,,2024,,,,-6.166791262,75.1,71.8
UC Santa Barbara,104.6485583,109.9134375,0.3625108863,14–15,14,29,53.3,50.6,39.7,31,19.1,14.3,25.2,26.6,68.5,53.4,51.8,35.4,32.1,7.9,7.1,50,45.9,30.5,33.7,68.2,,,,2024,,,,-10.52027518,74.4,68.2
UCF,106.0232302,93.98579941,0.7999396157,17–15,17,32,47.7,47.5,37.2,39,18,20.3,32.9,27.3,69.2,47.4,45.9,32.1,33.3,15.4,9.2,46.8,58.2,35.8,39.3,69.4,,,,2024,,,,-2.424738232,70.7,72.6
UCLA,106.6359313,98.53201983,0.712784832,15–17,15,32,46.6,50.1,35.8,35.8,16.5,18.1,29.9,28.3,64.6,45.2,49.7,33.3,33.7,10.5,6.7,47.4,49.3,30.1,42.2,64.1,,,,2024,,,,-5.181278728,73.2,69.5
UMass Lowell,105.0175827,104.9788333,0.5010610124,19–10,19,29,50.4,47.3,40.1,26.9,18.2,15.5,32.1,26.9,71.8,51.3,49.1,32.3,29.2,11,9.7,43.5,42.1,29.2,33.7,70.7,,,,2024,,,,-5.983073444,74,69
UMBC,103.984292,113.0905308,0.2757960791,10–21,10,31,52.7,50.3,24.1,28.3,17.5,14.9,25.5,31,74.7,52.6,52.2,35.3,31.3,9.1,7.3,43.5,45.5,35.1,36.4,74.2,,,,2024,,,,-16.79201128,70.9,72.7
UMKC,100.8882238,104.6096526,0.3973401736,13–16,13,29,49.4,51.1,29.3,45.1,17.9,17.3,31.3,25.3,67.1,48.9,52.7,33.4,32.4,10.8,8.2,50.7,48.6,43.4,37.5,67.4,,,,2024,,,,-11.02425192,72.6,70.9
UNC Asheville,106.3686881,106.9226538,0.4850703609,19–12,19,31,52.1,50.1,40.8,34.3,17.1,16.9,27.3,31.4,69.5,50.5,50.6,36.4,32.9,10.6,9.1,56.9,47.5,37.3,35.8,69.1,,,,2024,,,,-6.670655437,75.1,71.5
UNC Greensboro,108.6396597,106.0624901,0.5685880954,19–11,19,30,53.2,49.5,27.3,35.8,16.3,17.7,29.3,30.5,66.3,49.2,48,38.9,34.3,8,8.5,54.2,48,44,44.2,65.7,,,,2024,,,,-5.572988812,73.1,74.2
UNC Wilmington,112.6940793,107.6930337,0.6276171423,18–10,18,28,51.1,51.7,32.9,33.1,12.8,17.1,29.9,30.6,65.4,52.1,50.8,33,35.5,6.1,8.2,41.9,43.1,39.7,36.7,66.1,,,,2024,,,,-4.668693042,76.5,70.7
UNLV,111.7450075,100.8109476,0.7656994254,17–12,17,29,51.1,49.1,34,31.7,16.4,18.2,30.1,32.2,64.9,51.8,50.1,33.2,31.7,12.2,9.4,48.1,59.9,35,38.4,65.9,,,,2024,,,,-2.580327657,73.4,75.6
USC,110.4474588,99.44287107,0.7697678683,15–18,15,33,51.7,50.2,33.6,31.6,17.9,18.8,29,32.2,69.7,50.7,47.4,35.5,36.5,14.2,9.4,59.1,59.5,36.7,38.8,69.1,,,,2024,,,,-5.04503319,69.3,73.8
USC Upstate,99.6388031,109.0481432,0.2615873494,7–20,7,27,49.6,52,29.5,45,16.4,18.6,23.9,34.3,67.4,50.2,53,32.5,33.5,9.2,9.3,47,45.5,39.9,35.7,68,,,,2024,,,,-15.1729581,64.2,71.5
UT Arlington,107.5245696,103.7438545,0.6014801444,18–14,18,32,52.1,49,39,42,21.5,18.6,32.8,29.4,72,51.3,47.4,35.4,34.6,10.6,11.1,59.7,54.4,42.8,35.5,71.8,,,,2024,,,,-6.401937515,73.8,74.5
UT Rio Grande Valley,95.05978436,110.8320533,0.1461196565,4–25,4,29,45.1,53.1,41.2,34.4,19,18.9,24.3,33.4,72.8,45.8,54.2,29,33.9,7,11.4,50.7,60,29.2,33.4,72.2,,,,2024,,,,-19.32233912,71.1,73.2
Utah,113.671625,97.42271884,0.8549451403,19–14,19,33,53.7,48.6,27.4,26.2,16.3,14.5,28.3,26.2,70.7,53.8,47.2,35.7,34,10.3,8.2,58.5,51.6,40,36.3,70.7,,,,2024,,,,-1.054080036,64.9,68.5
Utah St.,114.0884987,100.0781934,0.8185805925,25–6,25,31,54.1,49.6,40,30.4,15.7,16.4,28.5,25.4,69.1,57.1,53.1,32.1,29,11.1,5.9,56.4,49,33.4,36.7,69.5,,,,2024,,,8,3.330878603,71.2,72
Utah Tech,98.87095072,107.6199352,0.2738671301,10–20,10,30,50.4,50.4,40.3,43.2,21.8,18.3,28.2,31.6,71.7,50.2,50.1,33.7,33.9,11.6,10.2,52.2,52.6,34.7,36.7,71.2,,,,2024,,,,-14.05208873,63.7,72.8
Utah Valley,98.0635775,100.1472797,0.4398433993,14–16,14,30,47.1,48,35.4,36,18.1,18.1,28.5,27.2,68.9,48.9,47.6,28.5,32.6,12.2,9.3,58.4,58.6,28.9,34.6,68.6,,,,2024,,,,-9.762331243,67.2,69.3
UTEP,97.66209576,98.18305916,0.4847092845,15–16,15,31,48.1,51.5,42.8,46.3,21.2,25.9,29,31,70.3,48.8,53.2,31,32.1,7.6,10.1,49,46.8,31.3,33.9,70.5,,,,2024,,,,-10.58094697,68.6,70.7
UTSA,106.3672731,113.0733794,0.3311255133,10–21,10,31,48.3,51.9,35,34.6,15.5,13.1,32,28.9,71.2,46.9,49.8,33.4,37,10.6,13.1,52.9,51.9,44.5,37.5,71.5,,,,2024,,,,-14.6520759,71.5,71.4
Valparaiso,99.19725624,109.4832377,0.2433126946,6–25,6,31,46.2,54.5,23.3,30.7,15.9,17.3,25.7,30.3,68.7,45,55,32.1,35.8,9.1,6.2,48.2,54.6,36.3,35.2,68.8,,,,2024,,,,-17.34919549,72.3,69
Vanderbilt,103.5944403,106.1263473,0.4310209832,9–23,9,32,45.4,53,35.2,29.5,15.3,15.9,28.2,29.3,67.8,47.4,51,28.3,37.4,8,9.8,40.1,55,39.3,39.6,66.6,,,,2024,,,,-10.51522946,70.9,78.2
VCU,108.2381098,98.94256954,0.7374255282,22–13,22,35,52.2,46.6,35.7,34.8,18.3,16.7,28.3,26.9,66.1,51.2,46.3,35.7,31.4,12.7,7.8,56.8,48,43.8,38.5,66.2,,,,2024,,,,-3.853121334,78,73.9
Vermont,105.4544178,99.85304308,0.6519590349,26–6,26,32,51.8,46.7,29.7,25.9,13.8,15.1,22.4,23.3,65.6,53.1,46.4,33.5,31.5,10.9,10.6,52.1,43.2,44.1,36.5,64.3,,,,2024,,,13,-1.245944095,72.3,72.5
Villanova,110.8937503,93.93145419,0.8709161132,18–15,18,33,50.7,48.2,26.5,25.9,14.5,16.1,25.2,24.4,64.2,50.4,47.6,34,32.7,7.9,13.3,52.9,56.9,48,45,64.3,,,,2024,,,,-1.147167506,81.4,73.4
Virginia,104.7444648,91.98794317,0.8165972255,23–10,23,33,49.3,46.2,25.1,25.7,13.2,19.3,26,28.1,61.3,46.8,46.6,36.3,30.4,15.9,8.7,63.4,52.1,32.7,39.9,61,,,,2024,,,10,1.239335191,63.7,75
Virginia Tech,115.1932002,101.2139394,0.8157483862,18–14,18,32,54.1,51.5,33.1,30,16.3,17.1,25.2,26.5,67.9,55.1,51.5,35.1,34.4,6.7,9.2,57.7,48.9,42.1,34,68.4,,,,2024,,,,-2.226942402,79.1,72.7
VMI,88.11676903,110.5525327,0.06859199724,1–28,1,29,46,54.4,27.6,30.9,21.2,15.1,23.8,30.6,74.6,46.7,54.5,29.7,36.2,6.2,8.5,38,51.3,33.3,38.4,75.7,,,,2024,,,,-22.65299592,70.2,64.9
Wagner,95.06906673,105.5455731,0.231083965,14–15,14,29,44.6,48.4,26.8,29.9,15.9,17,29.5,27,62.6,42.8,50.9,31.6,29.9,7.1,9.7,54.9,59.2,38.2,41.2,62.3,,,,2024,,,16,-11.67019678,70.7,67.7
Wake Forest,116.3897231,99.64093345,0.8565306419,20–13,20,33,54.7,48.9,31.5,30.7,15.6,16.2,26.3,26.2,68.7,54,48.8,37.2,32.6,10.8,9.4,44.9,42.2,37.7,34.8,69,,,,2024,,,,-1.339375539,79.5,74.8
Washington,114.3649259,101.2871419,0.8016282425,17–15,17,32,53.5,50.1,32.1,33.1,15.9,15.8,27.1,28.9,72.1,53.8,49.9,35.4,33.7,9,8.9,51.8,51.2,36.8,34.8,72.1,,,,2024,,,,-3.598138836,72.2,69.5
Washington St.,112.6292914,97.00009741,0.8478688664,24–9,24,33,52.1,47.3,31.7,32.7,16.1,15.9,32.9,24.9,66.7,52.6,46.9,34,32,12.2,6.6,45.7,44.3,32,31.5,65.9,,,,2024,,,7,1.936134528,70.1,73.5
Weber St.,107.7646472,106.4959328,0.5339956964,17–12,17,29,53.1,54.4,35.2,29.3,14.8,18.4,23.8,23.7,65.9,53.9,55.2,34.5,35.4,4.4,8.4,44.2,51.1,38.7,36.7,66.3,,,,2024,,,,-7.128055173,73.8,71.6
West Virginia,107.9274413,103.9936691,0.6051535083,9–23,9,32,49.6,52.1,37.1,28.1,18.3,15,26.6,30.4,68.7,47.8,51.9,34.9,34.9,10.2,11.1,54.4,56.4,37.4,43,69.3,,,,2024,,,,-9.462788645,70.5,73.6
Western Carolina,107.9310895,101.9387736,0.6585607004,19–10,19,29,51.7,47.2,27.7,32.4,14.7,13.3,29.1,24.2,67.9,49.8,45.5,36.8,33.9,7.1,7.5,40.1,36.6,35.5,31.8,67.8,,,,2024,,,,-5.324450078,71.2,70.7
Western Illinois,97.34395436,104.810849,0.2994482567,17–12,17,29,46.5,46.5,35.6,25.1,20.1,14.2,37.2,28.9,66,46,46.8,31.7,30.4,12.8,8.4,51.5,41.1,31,30.7,65.5,,,,2024,,,,-7.962177078,62.3,72.4
Western Kentucky,104.4995687,101.4119035,0.5853835464,19–11,19,30,51.9,48.3,32.9,33.4,18.3,18.6,28.5,26.7,75.4,52.1,48.3,34.4,32.2,8.5,9.7,44.5,48.1,31,40.1,76.1,,,,2024,,,15,-6.573701568,71.9,68.5
Western Michigan,98.47157027,111.383935,0.1951362293,11–20,11,31,48.7,50.9,31.5,31.5,19.7,15.5,33.7,29.6,68.5,48.4,50.8,32.8,34.1,7.6,6.3,49.3,51,38.9,38.5,69.4,,,,2024,,,,-15.11988085,62.3,72.1
Wichita St.,104.7700568,101.7070262,0.5844877421,14–19,14,33,49.8,48.5,26.4,28.3,17.8,14.8,31.8,28.7,69.4,49.9,48.1,33,32.7,10.8,9.1,44.2,52.5,31.5,37.8,69.1,,,,2024,,,,-11.1432371,69.3,72.9
William & Mary,100.1931122,113.3684758,0.1945432462,8–23,8,31,48.3,52.2,31.9,34.9,16.3,14.4,27.4,29.1,66.4,48.6,52.5,32.1,34.5,4.8,13.6,50.4,46.2,47.7,36.5,66.8,,,,2024,,,,-18.62185323,69.8,74.5
Winthrop,106.298925,105.8004789,0.5135095738,14–15,14,29,51.9,49.5,50,34.3,18.7,18.2,30.4,32.9,67.9,52.8,50.6,33.7,32,7.8,12.6,44.8,48.4,39.4,41.1,67.9,,,,2024,,,,-9.430213593,69.6,76
Wisconsin,120.0112704,98.83536167,0.9031300642,22–13,22,35,52.4,52.2,33.5,33.2,14.6,16.9,30.5,24.5,65.8,52.6,50.4,34.8,37.1,4.5,10.7,47.7,47.2,35.4,34.4,66,,,,2024,,,5,3.323783181,75.9,72.5
Wofford,106.0325251,110.7336503,0.3778011693,14–15,14,29,53.3,51.5,27.7,34.6,16.9,14.1,29.4,26.2,67,53.4,50,35.5,35.7,7.9,8.8,56.6,49.9,45.3,42.8,66.5,,,,2024,,,,-9.018282666,62.4,74.6
Wright St.,115.8477008,113.9121985,0.5482882942,16–14,16,30,58.5,55.3,33.6,30,16.5,16.3,28.9,28.1,72.5,58.8,55,38.4,37.1,6.9,6.5,51.1,44.7,29.3,37.7,72.4,,,,2024,,,,-9.343938941,76,72
Wyoming,107.3930894,106.6229368,0.5206800865,13–17,13,30,50.9,52.8,38,27.8,18.5,15.9,28.6,29.1,67.7,49,53.7,36.1,34.4,6.7,11.4,46.4,49.5,37,40,68.1,,,,2024,,,,-7.341508505,74.9,73.8
Xavier,111.6699967,98.28477914,0.8127999565,16–17,16,33,49,49.6,32,30,16.2,16.2,32.1,29,71.4,48,49.4,34,33.3,8.4,11.5,59.9,60.1,32,35.9,71.9,,,,2024,,,,-2.077267651,74.4,71.6
Yale,109.9012178,100.3904203,0.7390283074,20–9,20,29,52.3,49.7,26.9,29,14.1,16,28.4,24,65.6,52.5,48.8,34.6,34,10,8.6,53.3,57.3,35.3,41.4,65.6,,,,2024,,,13,-2.521560509,70.7,73.8
Youngstown St.,106.8618387,104.2276765,0.5712687008,18–10,18,28,50.4,49,29.3,30.7,15.5,16.5,33.9,28.7,70,52.2,47.9,31.9,34,11.9,8.1,51,53.8,42.2,35.7,69.8,,,,2024,,,,-5.98843388,77,69.5